华北,北京市,北京市,18,10,小雨,13,9,阴,14,9,阴,14,8,阴,16,8,阴,18,2,晴,15,4,晴,15,3,小雨,12,0,晴,14,-1,晴,16,4,晴,11,4,小雨,17,1,晴,16,3,晴,14,5,小雨
华北,北京市,东城,17,10,小雨,12,10,阴,14,8,阴,14,9,阴,16,8,阴,19,2,晴,14,5,晴,15,5,多云,13,1,晴,14,0,晴,16,5,晴,14,5,小雨,17,2,晴,15,3,晴,13,5,多云
华北,北京市,西城,19,9,多云,12,9,阴,15,6,阴,15,8,小雨,16,6,阴,19,2,晴,15,3,晴,16,4,多云,13,0,晴,15,-2,晴,17,4,晴,14,4,阴,18,1,晴,16,3,晴,14,6,多云
华北,北京市,丰台,17,8,多云,12,8,阴,14,7,阴,14,7,小雨,16,6,阴,17,1,晴,14,2,晴,15,3,多云,13,0,晴,14,-1,晴,16,3,晴,13,4,阴,17,0,晴,15,3,晴,14,4,多云
华北,北京市,石景山,17,8,多云,12,8,阴,14,7,阴,14,7,小雨,16,6,阴,17,1,晴,14,2,晴,15,3,多云,13,0,晴,14,-1,晴,16,3,晴,13,4,阴,17,0,晴,15,3,晴,14,4,多云
华北,北京市,海淀,19,9,多云,12,9,阴,15,6,阴,15,8,小雨,16,6,阴,19,2,晴,15,3,晴,16,4,多云,13,0,晴,15,-2,晴,17,4,晴,14,4,阴,18,1,晴,16,3,晴,14,6,多云
华北,北京市,门头沟,17,10,小雨,12,10,阴,14,8,阴,14,9,小雨,16,8,阴,18,2,晴,14,3,晴,15,4,小雨,13,1,晴,15,0,晴,16,4,晴,13,5,阴,17,2,晴,15,5,晴,14,6,多云
华北,北京市,房山,19,9,小雨,13,10,阴,14,7,阴,14,7,小雨,17,6,阴,18,1,晴,14,1,晴,16,0,小雨,13,-2,晴,14,-2,晴,16,3,晴,11,2,阴,17,-1,晴,16,1,晴,14,4,多云
华北,北京市,通州,18,9,小雨,12,9,阴,14,9,阴,15,7,阴,16,7,阴,18,1,晴,15,3,晴,15,3,小雨,13,0,晴,14,-1,晴,16,3,晴,12,3,小雨,17,0,晴,15,1,晴,13,3,小雨
华北,北京市,顺义,17,10,小雨,12,9,阴,14,7,阴,14,8,小雨,15,7,阴,18,3,晴,14,4,晴,15,4,多云,13,1,晴,15,0,晴,17,4,晴,14,4,阴,17,2,晴,15,2,晴,15,6,多云
华北,北京市,昌平,18,9,多云,12,8,阴,14,6,阴,14,8,小雨,15,6,阴,18,1,晴,14,2,晴,15,4,多云,14,1,晴,15,0,晴,17,4,晴,14,5,阴,18,1,晴,14,3,晴,14,5,多云
华北,北京市,怀柔,17,8,小雨,12,6,阴,14,5,阴,14,7,小雨,14,4,阴,18,0,晴,13,3,晴,15,3,多云,13,-1,晴,14,-1,晴,17,2,晴,14,2,阴,17,0,晴,15,3,晴,15,4,小雨
华北,北京市,平谷,18,7,小雨,13,6,阴,13,6,小雨,14,6,小雨,16,6,阴,18,0,晴,14,1,晴,16,0,多云,13,-2,晴,14,-4,晴,17,1,晴,14,0,阴,17,-2,晴,15,0,晴,15,3,小雨
华北,北京市,密云,17,7,小雨,12,6,阴,14,5,阵雨,14,6,小雨,14,3,阴,18,0,晴,13,0,晴,14,0,多云,13,-4,晴,13,-3,晴,17,1,晴,14,0,阴,17,-2,晴,15,0,晴,15,3,小雨
华北,北京市,延庆,15,4,小雨,10,3,阴,13,5,阴,12,5,小雨,13,2,阴,15,-3,晴,12,1,晴,13,4,多云,11,-2,晴,11,-4,晴,14,0,晴,12,0,阴,14,-3,晴,14,1,晴,11,2,多云
华北,天津市,天津市,21,12,阴,15,12,阴,15,11,阴,16,12,阴,18,11,阴,17,7,晴,16,9,晴,17,5,阴,12,4,多云,14,5,晴,16,7,晴,15,7,小雨,16,6,晴,17,8,晴,16,10,阴
华北,天津市,和平,21,12,阴,15,12,阴,15,11,阴,16,12,阴,18,11,阴,17,7,晴,16,9,晴,17,5,阴,12,4,多云,14,5,晴,16,7,晴,15,7,小雨,16,6,晴,17,8,晴,16,10,阴
华北,天津市,河东,21,12,阴,15,12,阴,15,11,阴,16,12,阴,18,11,阴,17,7,晴,16,9,晴,17,5,阴,12,4,多云,14,5,晴,16,7,晴,15,7,小雨,16,6,晴,17,8,晴,16,10,阴
华北,天津市,河西,21,12,阴,15,12,阴,15,11,阴,16,12,阴,18,11,阴,17,7,晴,16,9,晴,17,5,阴,12,4,多云,14,5,晴,16,7,晴,15,7,小雨,16,6,晴,17,8,晴,16,10,阴
华北,天津市,南开,21,12,阴,15,12,阴,15,11,阴,16,12,阴,18,11,阴,17,7,晴,16,9,晴,17,5,阴,12,4,多云,14,5,晴,16,7,晴,15,7,小雨,16,6,晴,17,8,晴,16,10,阴
华北,天津市,河北,21,12,阴,15,12,阴,15,11,阴,16,12,阴,18,11,阴,17,7,晴,16,9,晴,17,5,阴,12,4,多云,14,5,晴,16,7,晴,15,7,小雨,16,6,晴,17,8,晴,16,10,阴
华北,天津市,红桥,21,12,阴,15,12,阴,15,11,阴,16,12,阴,18,11,阴,17,7,晴,16,9,晴,17,5,阴,12,4,多云,14,5,晴,16,7,晴,15,7,小雨,16,6,晴,17,8,晴,16,10,阴
华北,天津市,东丽,21,10,阴,14,10,阴,15,10,阴,16,11,阴,17,10,阴,17,5,晴,15,7,晴,17,4,阴,12,2,多云,14,5,晴,16,6,晴,15,6,小雨,16,4,晴,17,6,晴,16,9,阴
华北,天津市,西青,21,10,阴,14,10,阴,15,10,阴,15,11,阴,17,9,阴,17,5,晴,16,6,晴,17,4,阴,12,1,多云,14,4,晴,16,5,晴,14,5,小雨,16,2,晴,17,5,晴,16,7,阴
华北,天津市,津南,21,9,阴,14,10,阴,15,9,阴,16,11,阴,17,9,阴,17,5,晴,15,6,晴,17,4,阴,12,1,多云,14,4,晴,15,5,晴,16,5,小雨,16,3,晴,17,5,晴,15,8,阴
华北,天津市,北辰,21,9,小雨,14,9,阴,15,7,阴,15,11,阴,17,9,阴,17,4,晴,15,3,晴,17,3,阴,12,0,多云,14,2,晴,16,4,晴,14,5,小雨,16,1,晴,17,4,晴,16,6,阴
华北,天津市,武清,20,9,小雨,14,9,阴,15,8,阴,15,10,阴,16,8,阴,16,3,晴,15,5,晴,16,4,小雨,12,0,多云,14,2,晴,15,3,晴,12,4,小雨,16,1,晴,17,4,晴,16,5,阴
华北,天津市,宝坻,19,6,小雨,14,8,阴,15,7,阴,15,9,阴,16,7,阴,16,2,晴,15,3,晴,16,3,小雨,12,0,多云,13,0,晴,15,2,晴,13,3,小雨,16,1,晴,16,3,晴,15,5,阴
华北,天津市,滨海新区,21,9,小雨,13,10,阴,14,8,阴,15,12,阴,16,10,阴,16,6,晴,15,7,晴,17,5,阴,12,1,多云,13,5,晴,15,7,晴,16,6,小雨,16,5,晴,16,6,雾,15,9,阴
华北,天津市,宁河,20,7,小雨,13,8,阴,14,7,阴,14,11,阴,16,9,阴,16,5,晴,15,5,晴,16,4,阴,12,0,多云,13,3,晴,16,4,晴,15,4,小雨,16,3,晴,16,3,晴,15,7,阴
华北,天津市,静海,21,11,阴,14,11,阴,15,10,阴,15,11,阴,17,9,阴,17,4,晴,16,5,晴,17,5,阴,12,2,多云,14,3,晴,16,5,晴,14,6,小雨,16,4,晴,17,6,晴,16,8,阴
华北,天津市,蓟州,17,7,小雨,13,6,阴,14,6,阴,14,8,阴,16,7,阴,16,2,晴,15,3,晴,15,3,阴,12,0,多云,13,0,晴,15,3,晴,13,3,小雨,16,0,晴,15,3,晴,15,4,阴
华北,河北省,石家庄市,20,11,阴,12,9,小雨,16,10,多云,13,8,阴,18,9,多云,19,4,晴,15,7,多云,16,7,多云,13,5,阴,12,4,多云,16,7,晴,13,5,阴,16,5,晴,15,9,晴,14,8,阴
华北,河北省,辛集市,21,12,阴,13,9,小雨,17,9,多云,14,10,阴,18,9,多云,19,4,晴,15,8,多云,16,7,多云,13,5,阴,12,4,多云,16,7,晴,13,5,阴,16,5,晴,15,9,晴,14,9,阵雨
华北,河北省,唐山市,19,7,小雨,16,7,多云,16,8,多云,15,9,阴,17,8,阴,18,2,晴,16,6,多云,16,1,小雨,12,-1,晴,13,-1,晴,16,3,晴,15,2,阴,17,1,晴,16,3,晴,17,9,阴
华北,河北省,秦皇岛市,19,4,小雨,15,6,晴,14,6,阴,15,5,多云,16,8,小雨,18,2,晴,13,3,晴,15,1,小雨,11,-2,晴,13,0,晴,16,2,晴,16,2,小雨,16,2,晴,16,3,阵雨,18,8,多云
华北,河北省,邯郸市,21,9,阴,16,9,多云,18,9,多云,18,10,阴,20,9,多云,19,8,晴,19,8,晴,21,9,多云,14,4,阴,15,6,多云,18,7,多云,19,8,多云,18,5,晴,18,10,阴,17,9,阴
华北,河北省,邢台市,20,11,多云,14,10,阴,17,11,多云,15,11,阴,17,10,阴,19,7,晴,17,9,多云,20,9,多云,12,6,阴,13,7,多云,17,7,多云,17,7,阴,17,5,多云,17,10,多云,15,10,小雨
华北,河北省,保定市,21,10,多云,14,8,多云,17,9,晴,16,7,阵雨,19,6,阴,18,1,晴,16,6,多云,17,4,阴,13,0,多云,14,0,晴,16,4,晴,14,1,小雨,18,-1,晴,16,4,晴,16,6,阴
华北,河北省,定州市,21,11,多云,14,9,多云,17,10,晴,16,8,阵雨,18,8,阴,20,4,晴,15,5,多云,17,6,阴,13,2,阴,13,2,多云,16,5,晴,14,3,阴,18,2,晴,16,6,晴,16,7,阴
华北,河北省,张家口市,14,2,多云,11,1,阴,14,3,多云,12,5,小雨,12,0,小雨,10,-3,晴,11,1,多云,12,0,多云,9,-5,晴,9,-4,晴,11,0,晴,9,-4,多云,12,-2,晴,12,0,晴,12,2,小雨
华北,河北省,承德市,17,-1,阵雨,14,4,多云,13,4,多云,13,6,阴,15,3,小雨,15,-2,晴,13,2,多云,13,-3,多云,10,-3,晴,11,-3,晴,13,-1,晴,14,-2,阴,14,-4,晴,14,-1,晴,16,1,阴
华北,河北省,沧州市,21,12,阴,16,9,阴,16,8,阴,17,10,阴,19,8,阴,19,3,晴,17,4,晴,19,5,多云,13,0,多云,14,1,晴,17,6,晴,18,4,阴,18,0,晴,16,6,多云,18,8,阴
华北,河北省,廊坊市,20,11,阴,15,10,多云,16,10,阴,16,10,阴,17,9,阴,19,3,晴,16,6,晴,17,3,阴,13,0,晴,14,1,晴,16,5,晴,14,4,小雨,17,2,晴,16,4,晴,16,6,阴
华北,河北省,衡水市,21,11,多云,16,11,阴,18,10,多云,15,9,阴,19,10,多云,19,4,多云,18,9,晴,19,8,多云,14,3,阴,14,5,多云,18,7,晴,18,6,阴,18,4,晴,18,9,多云,16,9,阵雨
华北,山西省,太原市,20,6,晴,17,2,晴,17,7,多云,12,6,小雨,18,3,晴,15,0,晴,18,4,晴,17,7,小雨,15,1,多云,15,1,小雨,15,3,晴,17,1,晴,16,0,晴,14,8,多云,15,5,多云
华北,山西省,大同市,15,-1,晴,14,-2,多云,16,2,晴,11,1,小雨,16,-5,小雨,11,-7,晴,15,-1,晴,10,-2,多云,8,-8,晴,10,-10,晴,11,-4,晴,6,-9,小雨,9,-7,晴,12,-3,多云,11,0,小雨
华北,山西省,阳泉市,21,5,晴,10,5,多云,16,7,多云,11,7,小雨,19,5,晴,18,1,晴,15,4,多云,17,4,小雨,10,2,多云,11,1,多云,16,5,晴,17,3,小雨,14,2,晴,15,8,多云,15,5,多云
华北,山西省,长治市,15,7,多云,14,4,多云,14,6,阴,12,6,多云,15,6,小雨,16,3,晴,15,5,晴,17,6,多云,12,3,多云,12,4,多云,13,4,晴,16,3,晴,16,3,晴,13,7,多云,13,7,阴
华北,山西省,晋城市,16,6,小雨,17,5,多云,14,8,多云,15,8,阵雨,17,7,小雨,20,6,晴,16,6,多云,18,7,多云,15,5,多云,14,4,多云,15,5,晴,18,5,晴,16,5,晴,13,6,多云,14,8,多云
华北,山西省,朔州市,17,4,晴,14,1,多云,18,4,晴,13,6,小雨,17,-4,多云,13,-3,晴,15,4,晴,13,-2,小雨,9,-3,晴,12,-5,晴,14,1,晴,10,-4,小雨,9,-4,晴,15,4,晴,12,3,多云
华北,山西省,晋中市,19,6,晴,16,3,多云,15,7,多云,12,7,小雨,17,3,晴,16,0,晴,17,5,晴,15,6,小雨,14,1,多云,13,2,小雨,14,3,晴,16,1,晴,15,0,晴,15,8,多云,15,5,多云
华北,山西省,运城市,17,10,多云,18,10,多云,15,11,小雨,16,11,多云,18,8,多云,20,8,晴,20,10,晴,20,11,晴,19,9,多云,16,8,多云,18,8,晴,19,6,晴,20,9,晴,16,10,小雨,19,12,多云
华北,山西省,忻州市,21,4,晴,15,0,多云,15,5,多云,12,4,小雨,18,0,阵雨,15,-3,晴,15,1,晴,16,2,小雨,12,-2,多云,12,-2,多云,13,1,晴,13,-2,多云,13,-2,晴,14,5,多云,14,3,多云
华北,山西省,临汾市,19,8,阵雨,19,8,多云,15,10,小雨,15,10,小雨,18,7,晴,19,5,晴,21,8,晴,20,10,小雨,17,8,多云,16,5,多云,18,7,晴,18,4,晴,18,6,晴,13,10,小雨,16,9,多云
华北,山西省,吕梁市,19,7,晴,16,5,多云,14,7,小雨,12,6,小雨,18,1,多云,15,0,晴,18,6,晴,16,3,小雨,15,0,晴,14,1,小雨,15,5,晴,16,-1,多云,14,1,晴,12,8,小雨,12,7,多云
华北,内蒙古自治区,呼和浩特市,16,1,晴,15,3,晴,16,7,晴,11,4,小雨,15,-3,多云,10,-3,晴,12,2,晴,13,-3,多云,9,-5,晴,10,-4,晴,10,0,晴,13,-4,晴,10,-2,晴,12,1,晴,10,2,小雨
华北,内蒙古自治区,包头市,15,2,晴,14,2,晴,16,5,晴,13,4,小雨,16,-4,多云,9,-4,晴,13,0,晴,12,-2,多云,8,-5,晴,10,-6,晴,11,0,晴,12,-4,晴,9,-4,晴,13,2,晴,12,1,小雨
华北,内蒙古自治区,乌海市,18,4,晴,21,6,晴,15,6,小雨,18,2,阵雨,15,-5,晴,14,-2,晴,16,-1,晴,12,-3,多云,12,-4,晴,12,-4,晴,13,-3,多云,12,-4,晴,14,-1,晴,15,0,晴,15,-1,多云
华北,内蒙古自治区,赤峰市,11,-4,多云,8,-1,晴,12,0,晴,14,2,多云,14,2,阴,10,-3,晴,10,0,多云,5,-6,多云,4,-5,晴,9,-1,晴,11,-2,晴,13,-3,多云,10,-2,晴,15,2,晴,15,1,多云
华北,内蒙古自治区,通辽市,15,0,多云,10,-1,晴,9,-1,晴,11,-1,晴,13,5,多云,13,-1,多云,8,-2,晴,6,-6,晴,3,-4,晴,8,-2,晴,9,0,晴,10,-1,多云,9,0,晴,14,2,晴,15,0,多云
华北,内蒙古自治区,鄂尔多斯市,13,4,晴,15,5,多云,12,6,小雨,11,4,小雨,14,-1,晴,10,1,晴,14,2,晴,10,-2,多云,6,0,晴,6,1,多云,11,1,晴,10,-2,晴,9,1,晴,12,4,晴,9,4,多云
华北,内蒙古自治区,呼伦贝尔市,4,-9,多云,4,-10,晴,7,-8,晴,8,-3,多云,5,-2,雨夹雪,1,-8,中雪,-4,-14,晴,-6,-15,晴,-3,-13,晴,0,-13,晴,-2,-11,多云,2,-10,多云,3,-7,晴,3,-6,晴,-1,-11,晴
华北,内蒙古自治区,巴彦淖尔市,14,2,晴,17,3,晴,16,4,多云,16,2,多云,13,-4,晴,9,-2,晴,12,0,晴,11,-3,多云,9,-3,晴,9,-2,晴,10,-2,多云,11,-4,晴,10,-3,晴,12,1,晴,14,2,晴
华北,内蒙古自治区,乌兰察布市,10,-6,多云,12,0,晴,15,2,多云,9,5,小雨,13,-6,多云,7,-7,晴,11,-1,多云,7,-7,多云,4,-10,晴,7,-8,晴,8,-4,晴,7,-7,多云,7,-6,晴,11,-1,晴,9,0,多云
华北,内蒙古自治区,兴安盟,11,-4,多云,10,-3,晴,9,-4,晴,10,-2,晴,8,-2,小雨,11,-5,晴,5,-7,晴,3,-8,晴,2,-6,晴,8,-4,晴,6,-5,晴,9,-4,晴,8,-4,晴,11,0,晴,13,-3,晴
华北,内蒙古自治区,锡林郭勒盟,5,-11,多云,7,-5,晴,12,-1,多云,15,5,多云,15,-3,多云,4,-9,晴,5,-9,多云,1,-12,晴,2,-10,晴,5,-8,晴,6,-7,晴,7,-9,晴,6,-7,晴,10,-6,晴,10,-6,晴
华北,内蒙古自治区,阿拉善盟,16,7,晴,16,6,晴,12,4,小雨,14,5,晴,13,-1,晴,12,3,晴,16,3,晴,10,0,晴,11,0,晴,11,1,晴,14,0,晴,10,0,晴,12,3,晴,13,2,晴,13,3,晴
东北,辽宁省,沈阳市,17,1,阵雨,11,-2,晴,11,-3,晴,13,0,晴,14,7,多云,15,-1,阵雨,10,-2,晴,9,-4,多云,3,-7,晴,7,-3,晴,10,-2,晴,15,3,阵雨,11,-2,多云,15,5,晴,17,8,多云
东北,辽宁省,大连市,17,10,阴,14,6,晴,12,6,晴,13,9,晴,15,11,多云,16,8,阴,12,6,晴,13,2,小雨,7,3,多云,11,7,晴,14,9,晴,16,10,阴,16,6,多云,15,10,晴,16,12,多云
东北,辽宁省,鞍山市,18,4,小雨,11,1,晴,11,2,晴,12,5,晴,15,8,多云,15,4,小雨,10,4,晴,11,-1,小雨,4,-3,晴,8,2,晴,12,4,晴,15,7,多云,11,4,多云,15,9,晴,17,10,晴
东北,辽宁省,抚顺市,17,-2,小雨,10,-4,晴,12,-4,晴,14,0,晴,17,6,晴,12,-1,小雨,8,-3,晴,9,-7,多云,3,-9,晴,6,-6,晴,10,-5,多云,15,0,多云,11,-4,多云,13,1,晴,16,5,多云
东北,辽宁省,本溪市,16,3,小雨,11,-1,阵雨,11,-1,晴,15,2,晴,16,8,多云,13,0,阵雨,9,-1,晴,11,-3,阵雨,2,-6,晴,6,-2,晴,11,-1,晴,13,4,多云,12,-1,多云,15,4,晴,17,9,晴
东北,辽宁省,丹东市,17,6,多云,15,3,晴,16,3,晴,17,5,晴,17,10,多云,15,5,阵雨,12,-1,晴,14,2,多云,7,-4,晴,9,-3,晴,14,-2,晴,13,7,多云,13,1,阵雨,13,5,晴,14,9,多云
东北,辽宁省,锦州市,16,3,小雨,13,2,晴,12,2,晴,13,5,多云,12,7,多云,16,3,晴,13,4,晴,12,1,阵雨,7,-2,晴,11,1,晴,14,2,晴,16,5,多云,13,2,晴,17,6,晴,17,8,多云
东北,辽宁省,营口市,18,4,小雨,12,1,晴,12,-1,晴,14,3,多云,14,9,多云,15,3,晴,11,3,晴,12,1,小雨,5,-2,晴,8,2,晴,12,3,晴,15,6,多云,13,2,多云,14,9,晴,16,10,多云
东北,辽宁省,阜新市,15,0,小雨,11,-5,晴,11,-4,晴,13,1,晴,12,6,多云,15,-1,晴,10,-1,晴,7,-5,多云,4,-6,晴,10,-2,晴,12,-5,晴,14,-1,多云,11,-4,晴,16,2,晴,16,4,晴
东北,辽宁省,辽阳市,19,2,小雨,11,-1,晴,11,-1,晴,12,1,晴,15,9,多云,15,0,阵雨,10,0,晴,9,-1,阵雨,4,-5,晴,7,-1,晴,12,-1,晴,15,8,多云,12,-1,多云,15,6,晴,18,10,多云
东北,辽宁省,盘锦市,17,4,阵雨,12,1,晴,13,0,晴,13,5,多云,15,11,多云,16,3,多云,12,4,晴,12,0,阵雨,5,-3,多云,9,0,晴,13,2,晴,15,4,多云,13,3,晴,14,9,晴,15,10,多云
东北,辽宁省,铁岭市,15,1,阵雨,12,-2,晴,11,-2,晴,13,2,晴,15,7,多云,13,-1,阵雨,8,-3,晴,9,-5,多云,2,-6,晴,7,-3,晴,10,-1,晴,14,3,阵雨,9,-1,晴,14,5,晴,17,8,多云
东北,辽宁省,朝阳市,13,0,小雨,12,-3,晴,13,-2,晴,14,2,晴,16,5,阴,15,-3,晴,12,2,晴,9,-3,多云,6,-6,晴,12,-3,晴,14,-3,晴,16,0,晴,13,-4,晴,17,0,晴,18,5,晴
东北,辽宁省,葫芦岛市,17,2,阵雨,13,-1,晴,13,0,晴,13,4,多云,15,8,小雨,17,1,晴,12,4,晴,14,0,阵雨,8,-4,多云,12,-1,晴,14,-1,晴,16,1,多云,15,-1,晴,17,2,晴,17,8,多云
东北,吉林省,长春市,13,-1,小雨,8,-4,晴,8,-5,晴,9,-2,晴,13,6,阵雨,13,-2,多云,6,-4,晴,5,-7,多云,0,-8,晴,4,-5,晴,6,-5,晴,10,-2,阵雨,8,-3,晴,11,3,多云,13,0,多云
东北,吉林省,吉林市,13,1,小雨,7,-4,晴,8,-2,晴,10,-2,晴,14,6,多云,12,0,小雨,5,-3,晴,5,-6,多云,2,-6,晴,3,-3,晴,5,-4,晴,10,0,多云,10,-3,晴,11,3,多云,14,2,多云
东北,吉林省,四平市,15,-3,小雨,9,-4,晴,8,-3,晴,12,0,晴,14,7,多云,13,-4,多云,7,-2,多云,5,-9,多云,1,-9,晴,3,-6,晴,5,-4,晴,11,-2,多云,7,-4,晴,12,2,晴,14,3,多云
东北,吉林省,辽源市,15,-2,小雨,9,-6,晴,8,-6,多云,12,-3,晴,15,5,多云,12,-3,小雨,7,-5,晴,6,-8,多云,1,-8,晴,2,-6,晴,6,-7,晴,12,-2,晴,9,-5,晴,12,0,晴,15,2,多云
东北,吉林省,通化市,13,1,小雨,9,-4,晴,11,-3,晴,14,-3,晴,15,6,多云,13,-2,小雨,8,-5,晴,8,-5,雨夹雪,2,-7,晴,5,-6,晴,9,-5,晴,10,-1,多云,10,-5,雨夹雪,10,-1,多云,12,1,多云
东北,吉林省,白山市,12,-1,小雨,9,-6,晴,11,-6,晴,13,-5,晴,14,2,多云,13,-1,小雨,6,-6,晴,8,-8,多云,1,-10,晴,3,-9,晴,8,-6,晴,10,-4,多云,8,-6,雨夹雪,9,-5,晴,11,1,多云
东北,吉林省,松原市,11,0,小雨,8,-3,晴,8,-4,多云,9,-2,晴,11,7,小雨,13,0,多云,6,-4,晴,3,-6,晴,1,-6,晴,4,-4,晴,4,-4,晴,8,-3,多云,7,-2,晴,9,1,晴,11,-3,多云
东北,吉林省,白城市,12,0,多云,8,-3,晴,10,-5,晴,10,-3,晴,9,4,小雨,13,-3,晴,7,-5,晴,4,-7,晴,2,-7,晴,6,-5,晴,6,-5,晴,8,-4,多云,9,-4,晴,12,-1,晴,14,-3,多云
东北,吉林省,延边朝鲜族自治州,14,2,多云,8,-4,多云,10,-3,晴,10,-4,晴,11,0,晴,10,2,小雨,9,-4,晴,10,-4,多云,5,-5,晴,5,-6,晴,9,-6,晴,9,-3,多云,7,-5,雨夹雪,10,-4,多云,13,0,多云
东北,黑龙江省,哈尔滨市,12,-2,阵雨,7,-5,晴,7,-7,晴,8,-4,晴,10,6,多云,11,0,小雨,6,-4,晴,2,-5,晴,1,-8,晴,3,-6,晴,6,-6,晴,9,-3,晴,8,-3,晴,8,0,晴,11,-4,晴
东北,黑龙江省,齐齐哈尔市,6,-3,小雨,6,-3,晴,7,-4,多云,7,1,晴,7,3,小雨,9,0,小雨,4,-4,晴,2,-6,晴,2,-8,晴,4,-5,晴,4,-5,多云,6,-2,晴,7,-5,晴,6,-4,多云,8,-6,晴
东北,黑龙江省,鸡西市,10,2,小雨,4,-2,阵雪,7,-3,多云,6,-3,晴,8,-2,晴,8,1,小雨,5,-3,晴,4,-5,晴,1,-6,晴,2,-5,晴,6,-5,多云,5,-2,晴,9,-3,晴,7,0,多云,10,-3,多云
东北,黑龙江省,鹤岗市,9,-3,小雨,3,-4,雨夹雪,6,-7,晴,9,-7,晴,8,-2,多云,4,-1,小雨,4,-6,多云,1,-6,晴,1,-8,多云,2,-8,晴,2,-7,多云,6,-8,晴,7,-7,多云,6,-5,多云,7,-8,多云
东北,黑龙江省,双鸭山市,11,0,小雨,1,-2,雨夹雪,6,-2,晴,8,-3,晴,9,0,多云,7,2,小雨,4,-3,多云,3,-4,晴,2,-5,晴,2,-4,晴,3,-3,多云,4,-3,多云,7,-3,晴,7,1,晴,10,-4,多云
东北,黑龙江省,大庆市,7,-3,阵雨,7,-3,晴,6,-2,晴,9,-2,晴,10,3,多云,12,-1,阵雨,5,-5,晴,1,-7,晴,1,-7,晴,4,-5,晴,5,-4,多云,7,-3,晴,7,-2,晴,8,-1,晴,8,-4,多云
东北,黑龙江省,伊春市,8,-6,小雨,5,-10,多云,4,-9,晴,7,-10,晴,7,-2,晴,6,-3,小雨,3,-8,小雪,0,-7,多云,0,-9,晴,1,-7,晴,1,-8,多云,5,-6,晴,6,-5,晴,6,-4,多云,6,-7,多云
东北,黑龙江省,佳木斯市,10,-1,中雨,4,-7,中雪,7,-4,晴,7,-7,晴,9,-1,多云,5,1,小雨,5,-4,多云,2,-6,多云,3,-6,多云,3,-5,晴,5,-6,晴,6,-5,晴,7,-6,多云,8,-3,多云,10,-5,多云
东北,黑龙江省,七台河市,9,0,小雨,4,-4,雨夹雪,7,-5,晴,8,-7,晴,10,-5,晴,8,0,阵雨,6,-4,晴,3,-6,晴,1,-6,晴,2,-6,晴,3,-7,多云,6,-5,晴,7,-4,晴,8,-2,晴,10,-4,多云
东北,黑龙江省,牡丹江市,13,0,小雨,7,-4,多云,8,-4,晴,9,-5,晴,10,-1,晴,9,-1,雨夹雪,7,-5,晴,7,-7,晴,3,-9,晴,4,-7,晴,7,-7,晴,9,-3,晴,9,-5,多云,9,-2,晴,14,-4,晴
东北,黑龙江省,黑河市,7,-6,多云,5,-6,多云,8,-7,晴,8,-7,晴,6,-2,多云,5,-4,雨夹雪,4,-6,雨夹雪,0,-7,阴,-1,-8,晴,3,-6,多云,-2,-8,晴,3,-8,多云,5,-10,晴,5,-2,晴,3,-8,多云
东北,黑龙江省,绥化市,11,-3,小雨,5,-4,晴,8,-3,晴,7,-4,晴,11,3,多云,9,-2,小雨,5,-4,晴,1,-6,晴,1,-7,晴,1,-5,多云,4,-5,晴,6,-5,晴,7,-4,晴,7,-1,多云,8,-6,晴
东北,黑龙江省,大兴安岭地区,7,-9,多云,6,-10,晴,6,-10,多云,9,-9,晴,6,-1,雨夹雪,3,-5,雨夹雪,1,-8,晴,-1,-11,多云,-1,-12,晴,2,-11,晴,2,-9,晴,4,-13,晴,4,-15,晴,5,-6,多云,1,-9,晴
华东,上海市,上海市,20,16,阴,20,16,小雨,20,15,阴,22,16,多云,23,17,阴,22,15,多云,22,15,晴,21,13,多云,20,13,晴,17,11,阴,18,12,多云,19,13,晴,22,14,晴,22,16,晴,24,16,多云
华东,上海市,黄浦,20,16,阴,20,16,小雨,20,15,阴,22,16,多云,23,17,阴,22,15,多云,22,15,晴,21,13,多云,20,13,晴,17,11,阴,18,12,多云,19,13,晴,22,14,晴,22,16,晴,24,16,多云
华东,上海市,徐汇,20,16,阴,20,16,小雨,20,15,阴,22,16,多云,23,17,阴,22,15,多云,22,15,晴,21,13,多云,20,13,晴,17,11,阴,18,12,多云,19,13,晴,22,14,晴,22,16,晴,24,16,多云
华东,上海市,长宁,20,16,阴,20,16,小雨,20,15,阴,22,16,多云,23,17,阴,22,15,多云,22,15,晴,21,13,多云,20,13,晴,17,11,阴,18,12,多云,19,13,晴,22,14,晴,22,16,晴,24,16,多云
华东,上海市,静安,20,16,阴,20,16,小雨,20,15,阴,22,16,多云,23,17,阴,22,15,多云,22,15,晴,21,13,多云,20,13,晴,17,11,阴,18,12,多云,19,13,晴,22,14,晴,22,16,晴,24,16,多云
华东,上海市,普陀,20,16,阴,20,16,小雨,20,15,阴,22,16,多云,23,17,阴,22,15,多云,22,15,晴,21,13,多云,20,13,晴,17,11,阴,18,12,多云,19,13,晴,22,14,晴,22,16,晴,24,16,多云
华东,上海市,虹口,20,16,阴,20,16,小雨,20,15,阴,22,16,多云,23,17,阴,22,15,多云,22,15,晴,21,13,多云,20,13,晴,17,11,阴,18,12,多云,19,13,晴,22,14,晴,22,16,晴,24,16,多云
华东,上海市,杨浦,20,16,阴,20,16,小雨,20,15,阴,22,16,多云,23,17,阴,22,15,多云,22,15,晴,21,13,多云,20,13,晴,17,11,阴,18,12,多云,19,13,晴,22,14,晴,22,16,晴,24,16,多云
华东,上海市,闵行,21,15,阴,21,15,小雨,20,14,阴,22,14,多云,24,16,阴,24,14,多云,23,13,晴,23,12,多云,21,12,晴,18,9,阴,18,10,多云,20,11,晴,22,12,晴,23,14,多云,23,15,多云
华东,上海市,宝山,20,16,阴,20,16,阴,20,15,阴,21,15,多云,22,17,阴,22,14,多云,21,14,多云,21,13,多云,21,13,晴,17,10,阴,18,11,多云,20,11,晴,22,12,晴,22,14,晴,24,16,多云
华东,上海市,嘉定,21,15,阴,19,14,阴,20,13,阴,21,13,多云,23,15,阴,23,12,多云,22,13,晴,22,11,晴,20,12,晴,17,9,阴,18,9,多云,20,10,晴,22,11,晴,22,13,晴,24,14,多云
华东,上海市,浦东新区,20,15,阴,21,15,小雨,20,15,阴,21,14,多云,23,16,阴,23,13,晴,23,14,晴,22,12,多云,22,14,晴,18,9,阴,19,10,多云,20,10,晴,22,11,晴,22,13,晴,24,15,多云
华东,上海市,金山,21,14,阴,20,15,小雨,19,13,阴,21,14,多云,22,14,阴,22,12,小雨,22,13,晴,22,10,多云,22,12,多云,18,8,阴,18,9,多云,20,11,多云,21,12,晴,22,13,晴,24,15,多云
华东,上海市,松江,21,14,阴,21,16,小雨,20,14,阴,22,13,多云,23,15,阴,23,12,多云,22,13,晴,23,12,多云,22,12,晴,18,8,多云,19,9,多云,20,12,晴,22,12,晴,23,15,晴,24,15,多云
华东,上海市,青浦,20,16,阴,20,14,阴,21,13,阴,22,12,多云,24,14,阴,24,12,多云,22,13,晴,23,11,晴,21,11,晴,17,8,多云,18,8,多云,19,9,晴,22,10,晴,23,12,多云,24,14,多云
华东,上海市,奉贤,21,16,阴,20,15,小雨,19,15,阴,21,15,多云,23,14,阴,23,13,多云,21,13,晴,22,12,晴,21,13,多云,18,8,阴,19,9,多云,20,12,多云,21,12,晴,22,13,晴,23,16,多云
华东,上海市,崇明,20,13,阴,20,13,阴,19,12,阴,20,13,多云,22,13,阴,22,11,晴,21,11,晴,21,9,多云,20,11,晴,16,7,阴,18,7,晴,18,9,晴,22,10,晴,21,11,晴,23,13,小雨
华东,江苏省,南京市,17,16,小雨,19,13,阴,21,13,多云,20,11,多云,21,14,多云,22,13,多云,21,10,多云,20,11,多云,20,14,多云,17,7,多云,17,10,多云,20,10,多云,22,11,多云,23,13,多云,22,13,阴
华东,江苏省,无锡市,20,16,小雨,21,14,多云,21,13,多云,21,12,多云,21,13,小雨,22,11,多云,21,10,多云,21,9,多云,21,12,多云,17,7,多云,18,8,多云,19,10,多云,22,10,多云,23,13,多云,24,15,多云
华东,江苏省,徐州市,17,12,多云,21,11,多云,20,10,多云,19,8,多云,18,10,多云,21,10,多云,20,7,多云,19,7,多云,19,7,多云,15,7,多云,17,7,多云,17,7,多云,21,8,多云,21,10,多云,21,10,多云
华东,江苏省,常州市,19,16,小雨,20,14,阵雨,20,13,阴,18,12,多云,20,15,阴,22,14,多云,21,11,多云,21,10,多云,20,13,多云,17,8,阴,17,9,多云,18,11,多云,22,11,多云,23,13,多云,23,14,多云
华东,江苏省,苏州市,19,16,小雨,20,15,多云,20,14,多云,20,14,多云,22,15,阴,22,13,多云,21,13,多云,21,12,多云,21,13,多云,17,9,多云,17,10,多云,19,11,多云,21,12,多云,23,14,多云,23,15,多云
华东,江苏省,南通市,20,15,小雨,21,13,阴,19,11,多云,19,12,多云,21,12,阴,22,12,多云,21,10,多云,19,7,多云,18,11,多云,16,8,多云,17,7,多云,18,9,多云,21,10,晴,22,10,多云,22,13,小雨
华东,江苏省,连云港市,19,13,多云,19,12,阵雨,18,10,多云,18,9,多云,19,11,多云,20,10,多云,18,6,多云,19,6,多云,18,7,多云,14,4,多云,17,4,多云,18,7,多云,20,10,多云,21,10,多云,21,12,多云
华东,江苏省,淮安市,18,13,多云,20,12,多云,20,9,多云,19,9,多云,19,13,多云,20,10,多云,20,6,多云,19,7,多云,19,8,多云,15,5,多云,17,6,多云,19,8,多云,21,9,多云,21,11,晴,22,11,多云
华东,江苏省,盐城市,18,15,多云,20,12,多云,19,10,多云,19,10,多云,19,15,多云,21,12,多云,20,8,多云,19,7,多云,18,9,多云,14,5,晴,17,5,多云,18,9,多云,21,10,多云,21,10,多云,21,12,多云
华东,江苏省,扬州市,18,14,小雨,21,12,阴,21,11,多云,20,11,多云,21,16,多云,22,12,多云,21,10,多云,20,7,多云,20,11,多云,17,7,多云,18,9,多云,19,8,多云,22,10,多云,22,11,多云,24,13,多云
华东,江苏省,镇江市,17,15,小雨,20,12,多云,20,12,多云,19,10,晴,20,13,多云,22,12,多云,21,9,多云,20,7,晴,19,12,多云,16,6,多云,18,8,多云,19,8,多云,21,9,晴,21,11,多云,21,12,多云
华东,江苏省,泰州市,18,15,小雨,20,12,多云,21,11,多云,19,11,多云,20,13,小雨,22,12,多云,21,9,多云,20,7,多云,18,11,多云,16,6,多云,17,7,多云,18,9,多云,21,11,多云,22,11,多云,23,13,多云
华东,江苏省,宿迁市,18,13,多云,21,12,多云,20,10,多云,18,10,多云,19,11,多云,21,12,多云,20,7,多云,19,8,多云,19,7,多云,15,4,多云,17,6,多云,18,9,多云,20,9,多云,20,12,多云,20,11,多云
华东,浙江省,杭州市,20,16,阴,19,16,小雨,20,14,阵雨,21,14,阴,22,14,阴,22,13,阴,22,13,阴,21,12,多云,21,12,阴,18,10,阴,18,10,多云,20,10,多云,23,11,晴,21,11,多云,24,15,多云
华东,浙江省,宁波市,22,17,多云,20,16,小雨,19,16,小雨,21,15,阴,23,16,小雨,22,16,阴,20,15,阴,21,15,阴,21,13,小雨,18,12,小雨,17,10,多云,20,8,阴,23,10,晴,22,13,多云,22,15,小雨
华东,浙江省,温州市,24,18,阴,26,18,小雨,25,19,小雨,25,14,多云,24,19,阴,25,16,阴,24,15,阴,19,16,小雨,22,15,小雨,19,12,小雨,20,13,阴,20,13,小雨,24,13,多云,21,15,晴,24,17,多云
华东,浙江省,嘉兴市,20,16,阴,19,15,小雨,20,14,阴,21,14,多云,23,14,多云,22,13,阴,21,12,多云,21,13,晴,22,12,多云,18,9,阴,19,10,多云,19,11,多云,21,12,晴,21,14,晴,23,14,多云
华东,浙江省,湖州市,20,16,小雨,19,16,小雨,20,14,阴,19,13,多云,22,13,小雨,22,13,阴,21,13,多云,21,12,晴,20,12,晴,17,8,阴,17,9,多云,21,10,多云,23,11,晴,23,12,晴,22,15,多云
华东,浙江省,绍兴市,21,16,阴,19,16,小雨,20,15,阴,19,14,阴,21,14,小雨,21,14,阴,20,14,阴,21,12,多云,20,13,小雨,17,9,小雨,17,10,多云,19,10,阴,21,10,晴,22,11,晴,22,14,多云
华东,浙江省,金华市,24,18,阴,22,16,小雨,19,16,小雨,21,12,阴,22,14,阴,23,13,多云,22,13,阴,23,15,阴,19,14,小雨,18,9,小雨,19,12,多云,20,12,阴,23,14,晴,26,16,晴,27,16,多云
华东,浙江省,衢州市,23,18,阴,22,19,阴,20,16,小雨,20,14,阴,21,14,多云,23,13,阴,22,13,多云,21,15,多云,18,13,小雨,17,11,阴,18,12,多云,21,10,多云,23,13,晴,24,14,晴,26,15,多云
华东,浙江省,舟山市,23,16,小雨,21,17,小雨,21,17,小雨,21,16,小雨,22,17,多云,23,16,阴,20,15,阴,21,14,多云,22,16,阴,19,13,小雨,18,13,多云,19,14,阴,23,14,晴,22,15,多云,22,16,多云
华东,浙江省,台州市,23,19,阴,23,19,小雨,21,18,小雨,22,15,阴,22,18,小雨,23,16,阴,22,16,阴,20,16,小雨,23,14,小到中雨,19,13,小雨,19,14,阴,20,12,阴,22,14,多云,21,15,多云,23,17,小雨
华东,浙江省,丽水市,25,17,阴,24,17,小雨,21,16,小雨,20,15,阴,22,14,小雨,23,14,阴,22,14,阴,21,16,阵雨,21,13,小到中雨,17,12,小雨,17,10,阴,19,11,阴,25,12,晴,25,14,晴,25,15,多云
华东,安徽省,合肥市,15,13,小雨,16,14,阴,21,12,阴,20,9,晴,21,11,晴,20,11,多云,23,8,晴,21,8,晴,21,10,多云,17,7,阴,18,8,多云,21,7,晴,24,9,晴,24,11,晴,24,13,多云
华东,安徽省,巢湖,16,14,小雨,16,15,阵雨,19,13,多云,20,11,多云,21,13,晴,20,12,多云,22,10,晴,21,10,晴,21,11,晴,18,8,多云,17,10,多云,21,9,晴,22,11,晴,24,12,晴,23,14,小雨
华东,安徽省,芜湖市,17,14,小雨,17,15,小雨,20,13,阴,20,11,晴,20,13,多云,22,13,多云,22,10,晴,21,11,晴,21,12,晴,18,8,阴,17,11,多云,21,10,多云,23,11,晴,24,13,晴,22,14,小雨
华东,安徽省,蚌埠市,15,13,小雨,20,13,阴,21,12,多云,20,9,多云,20,9,多云,22,10,多云,22,8,晴,20,8,晴,20,8,晴,17,6,多云,18,8,晴,21,7,晴,23,9,晴,23,11,晴,21,10,多云
华东,安徽省,淮南市,14,13,小雨,19,13,阴,21,12,多云,20,10,晴,20,11,多云,21,11,多云,22,9,晴,20,8,晴,20,10,晴,17,7,阴,18,9,晴,21,9,晴,23,11,晴,22,12,多云,21,12,多云
华东,安徽省,马鞍山市,17,14,小雨,18,14,小雨,21,13,阴,21,11,晴,21,13,多云,22,13,多云,22,10,晴,21,11,晴,22,12,晴,19,8,多云,18,10,多云,21,11,多云,23,12,晴,25,13,晴,23,14,多云
华东,安徽省,淮北市,15,12,小雨,20,11,阵雨,20,11,多云,20,9,晴,19,9,多云,22,10,晴,22,7,晴,20,7,晴,20,7,多云,16,5,阴,18,8,晴,19,8,多云,22,9,晴,22,11,晴,21,10,多云
华东,安徽省,铜陵市,19,16,小雨,16,15,小雨,18,14,阴,21,12,晴,19,14,多云,22,13,阴,21,11,晴,22,12,晴,22,12,晴,17,10,阴,18,9,多云,21,10,多云,23,12,晴,24,14,晴,24,15,小雨
华东,安徽省,安庆市,18,13,小雨,16,15,小雨,18,13,阴,21,13,晴,20,13,多云,20,13,多云,22,12,晴,21,11,晴,22,12,晴,16,10,小雨,18,9,阴,21,10,晴,24,12,晴,25,14,晴,26,14,晴
华东,安徽省,黄山市,19,16,阴,19,16,小雨,17,13,小雨,22,11,晴,22,12,阴,24,11,阴,24,11,晴,24,12,晴,22,14,阴,18,9,阴,19,11,多云,22,9,多云,25,11,晴,27,13,晴,25,13,小雨
华东,安徽省,滁州市,15,14,小雨,19,13,阵雨,21,12,多云,20,9,多云,21,12,多云,21,11,多云,22,8,晴,20,7,晴,20,10,晴,17,5,多云,18,7,多云,20,7,晴,23,9,晴,23,10,晴,22,11,多云
华东,安徽省,阜阳市,15,11,小雨,18,14,阴,20,13,多云,20,11,多云,20,9,多云,23,10,晴,23,9,晴,21,8,晴,21,10,晴,17,7,多云,19,10,多云,21,9,晴,23,10,晴,23,12,多云,23,13,晴
华东,安徽省,宿州市,15,11,小雨,21,10,阴,21,10,多云,20,7,晴,20,7,多云,23,8,晴,22,6,晴,20,5,晴,20,5,多云,16,4,阴,18,6,晴,20,6,多云,22,7,晴,22,11,晴,21,10,晴
华东,安徽省,六安市,15,12,小雨,16,14,小雨,19,13,阴,21,11,晴,21,11,晴,20,12,多云,23,10,晴,21,9,晴,22,11,晴,17,9,阴,19,10,多云,22,10,晴,24,11,晴,24,12,多云,25,14,晴
华东,安徽省,亳州市,14,11,小雨,19,13,阴,20,12,多云,21,11,晴,20,9,多云,23,11,晴,23,8,晴,21,8,晴,20,9,多云,16,5,阴,19,8,晴,21,8,多云,22,10,晴,22,12,晴,21,12,多云
华东,安徽省,池州市,18,13,阵雨,16,14,小雨,18,12,阴,22,12,多云,20,12,多云,21,12,多云,21,11,晴,22,10,晴,22,11,多云,17,10,多云,18,8,阴,22,10,晴,24,11,晴,25,12,晴,25,14,小雨
华东,安徽省,宣城市,19,16,阴,17,15,小雨,18,13,阴,20,11,多云,18,12,多云,22,11,多云,21,11,多云,22,10,晴,22,11,晴,17,8,小雨,18,10,阴,21,9,多云,24,10,晴,24,12,晴,24,13,小雨
华东,福建省,福州市,26,19,多云,28,20,多云,25,21,阴,26,19,多云,25,20,阴,22,18,阵雨,20,17,小雨,20,18,小雨,23,18,小雨,21,17,小雨,19,16,阴,19,17,小雨,22,18,阴,23,18,多云,24,21,阴
华东,福建省,厦门市,26,19,多云,28,21,晴,28,22,多云,27,20,晴,27,22,阴,25,19,阴,22,19,小雨,22,19,阴,23,20,小雨,22,18,小雨,22,17,多云,23,18,多云,23,19,小雨,24,19,小雨,26,20,多云
华东,福建省,莆田市,26,20,多云,28,22,晴,25,21,阴,25,20,多云,25,21,阴,23,19,小雨,21,18,小雨,21,19,阴,25,19,小雨,21,17,阴,20,17,阴,21,18,小雨,23,19,小雨,23,20,小雨,25,22,阴
华东,福建省,三明市,29,16,晴,28,18,多云,27,19,阴,28,16,阴,29,17,阴,24,17,阴,22,16,小雨,19,17,大雨,20,19,小雨,20,16,小雨,19,15,阴,18,14,小雨,23,17,阴,26,16,阴,27,17,晴
华东,福建省,泉州市,26,19,晴,27,20,晴,26,21,多云,25,20,多云,26,21,阴,23,18,小雨,22,19,小雨,22,19,小雨,25,20,阴,22,17,阴,21,17,多云,22,17,多云,24,19,小雨,24,19,小雨,25,21,阴
华东,福建省,漳州市,29,17,多云,30,19,多云,30,21,多云,29,20,多云,29,22,阴,25,21,阴,24,19,小雨,23,20,阴,25,20,阴,24,18,阴,23,17,阴,24,18,多云,25,19,小雨,24,19,阴,28,19,多云
华东,福建省,南平市,28,18,晴,28,19,阴,26,18,阴,27,17,多云,27,18,阴,25,17,阴,22,16,小雨,17,16,中雨,21,18,小雨,19,16,小雨,18,15,阵雨,17,14,小雨,26,16,阴,25,17,晴,26,17,晴
华东,福建省,龙岩市,29,15,多云,30,17,多云,29,18,多云,29,17,多云,27,18,阴,24,18,阴,22,17,小雨,19,16,小雨,23,19,阵雨,21,16,小雨,20,15,阴,21,16,小雨,21,17,小雨,23,17,多云,27,17,多云
华东,福建省,宁德市,25,19,多云,27,20,多云,24,20,阴,26,19,多云,26,20,阴,22,18,小雨,20,17,小雨,20,17,小雨,22,18,小雨,19,15,小雨,18,15,小雨,18,16,小雨,22,17,阴,23,18,多云,24,19,小雨
华东,江西省,南昌市,25,18,多云,20,15,小雨,20,16,多云,22,15,多云,23,16,晴,25,16,晴,25,16,晴,25,17,晴,20,17,阴,19,15,阵雨,21,14,晴,22,14,多云,25,16,晴,27,17,晴,28,18,晴
华东,江西省,景德镇市,24,17,阴,19,15,小雨,20,16,阴,25,15,多云,26,15,多云,26,15,晴,26,14,多云,26,14,晴,21,15,阴,20,12,阴,22,14,多云,23,12,多云,25,14,多云,27,16,晴,28,16,晴
华东,江西省,萍乡市,28,17,多云,20,15,小雨,20,16,阵雨,22,15,多云,25,14,多云,26,14,晴,26,15,晴,25,17,多云,20,17,小雨,21,14,阴,23,14,多云,24,14,多云,26,15,晴,28,16,多云,29,18,晴
华东,江西省,九江市,20,16,阴,17,15,小雨,18,14,阴,21,14,多云,21,14,多云,23,15,多云,23,13,晴,23,14,晴,23,13,多云,19,12,多云,20,10,晴,22,10,晴,25,13,晴,25,14,多云,27,16,晴
华东,江西省,新余市,25,16,多云,18,14,小雨,18,14,阴,19,15,阴,20,15,阴,24,15,多云,25,15,晴,24,16,多云,18,16,小雨,19,14,小雨,19,13,多云,20,13,阴,25,15,晴,26,17,晴,27,17,晴
华东,江西省,鹰潭市,27,17,多云,21,16,小雨,21,15,阴,23,15,晴,26,15,晴,25,15,多云,23,15,多云,26,16,多云,18,15,小雨,17,14,小雨,18,13,多云,20,13,多云,24,15,晴,27,17,晴,28,18,晴
华东,江西省,赣州市,31,17,多云,29,17,多云,24,17,多云,25,17,多云,26,17,多云,26,17,多云,25,17,多云,20,17,小雨,19,16,小雨,18,14,小雨,17,14,小雨,18,14,小雨,24,16,阴,25,17,阴,27,18,多云
华东,江西省,吉安市,30,18,晴,22,17,阴,20,16,阴,20,16,小雨,24,16,多云,25,16,晴,24,16,多云,23,17,多云,18,15,小雨,18,14,小雨,17,14,阴,20,14,阴,24,16,多云,26,17,多云,28,18,晴
华东,江西省,宜春市,26,17,多云,21,15,小雨,18,14,阴,19,14,多云,23,14,多云,25,15,多云,25,14,晴,24,16,多云,19,16,小雨,20,13,阴,20,13,阴,22,13,阴,25,13,多云,27,16,多云,27,17,晴
华东,江西省,抚州市,28,18,多云,20,15,小雨,20,15,小雨,21,15,阴,24,15,多云,24,15,晴,24,15,多云,24,17,多云,19,15,小雨,17,13,小雨,18,14,阴,21,13,阴,25,14,晴,26,16,多云,27,17,晴
华东,江西省,上饶市,25,18,多云,21,17,小雨,21,16,阴,24,15,多云,25,15,多云,26,14,多云,23,16,晴,24,16,阴,18,14,小雨,17,13,小雨,19,12,多云,21,11,多云,24,15,多云,27,16,晴,27,17,阵雨
华东,山东省,济南市,20,9,阴,20,9,多云,19,10,晴,19,11,多云,18,11,小雨,18,8,多云,19,11,晴,21,10,晴,13,4,阴,14,6,多云,18,12,晴,17,8,阴,18,5,晴,20,11,晴,20,13,阴
华东,山东省,莱芜,19,8,阴,21,7,多云,20,8,晴,19,10,多云,18,10,阴,20,6,多云,19,7,晴,20,9,晴,14,2,阴,14,3,多云,17,7,晴,16,7,小雨,17,4,晴,20,9,晴,19,11,阴
华东,山东省,青岛市,18,13,多云,19,9,多云,17,10,晴,17,12,多云,18,13,阴,19,10,阴,18,13,晴,17,13,晴,16,6,多云,14,7,晴,15,12,晴,17,14,多云,19,10,晴,18,15,多云,18,15,阴
华东,山东省,淄博市,20,6,阴,19,5,多云,19,8,多云,17,7,多云,19,8,阴,18,6,多云,19,6,晴,22,8,晴,12,1,小雨,15,3,多云,19,8,晴,17,7,小雨,17,3,晴,20,9,晴,22,12,阴
华东,山东省,枣庄市,18,12,阴,22,10,多云,21,9,多云,20,9,晴,19,9,多云,24,10,多云,21,6,晴,21,9,晴,21,5,阴,17,3,多云,17,6,晴,16,7,多云,23,8,晴,21,11,多云,22,12,多云
华东,山东省,东营市,19,11,多云,16,9,多云,17,9,多云,17,10,多云,17,9,阴,18,6,阴,16,8,晴,21,10,多云,11,4,小雨,13,3,晴,16,7,晴,19,8,小雨,17,4,晴,16,8,晴,19,12,多云
华东,山东省,烟台市,18,10,多云,16,10,多云,14,11,晴,15,8,多云,16,11,多云,19,11,阴,15,6,晴,18,9,晴,11,7,小雨,12,6,多云,15,7,晴,18,12,多云,17,8,多云,17,11,多云,19,10,多云
华东,山东省,潍坊市,20,8,阴,19,7,晴,16,8,晴,17,8,阴,19,10,阴,19,5,多云,18,6,晴,21,8,晴,13,3,阴,14,4,多云,17,9,晴,17,10,小雨,18,6,晴,18,11,多云,21,12,阴
华东,山东省,济宁市,16,9,小雨,22,10,多云,20,10,晴,19,11,多云,19,9,阴,20,10,晴,21,9,晴,18,11,多云,17,6,多云,15,6,多云,18,10,晴,17,9,小雨,21,6,晴,19,12,晴,20,11,阴
华东,山东省,泰安市,18,8,多云,19,8,多云,19,8,晴,19,8,多云,19,8,多云,19,5,多云,20,6,晴,19,7,晴,14,2,阴,16,3,多云,17,6,晴,15,7,小雨,19,6,晴,20,8,多云,19,10,阴
华东,山东省,威海市,18,11,多云,16,11,阴,14,11,晴,16,10,多云,17,12,多云,18,11,多云,15,7,多云,17,10,晴,11,8,小雨,11,8,多云,14,8,晴,17,13,阴,17,10,小雨,17,12,晴,19,12,阴
华东,山东省,日照市,19,13,阴,19,10,多云,17,10,多云,17,10,多云,18,12,多云,19,10,多云,18,9,晴,17,12,晴,18,6,阴,15,6,多云,16,10,晴,16,11,小雨,18,9,晴,17,13,多云,19,14,多云
华东,山东省,临沂市,19,11,多云,21,10,阴,20,10,多云,19,9,多云,19,9,阴,21,8,多云,19,6,晴,20,9,晴,18,5,阴,15,5,晴,17,7,晴,15,9,阴,20,7,多云,20,10,晴,20,11,多云
华东,山东省,德州市,20,11,多云,18,7,多云,18,10,晴,16,9,阴,17,6,阴,18,3,多云,18,9,晴,20,9,多云,14,1,多云,13,5,晴,17,7,晴,17,6,阴,16,2,晴,18,10,多云,15,10,小雨
华东,山东省,聊城市,18,9,多云,20,8,多云,18,10,多云,17,9,阴,18,9,阴,19,7,多云,19,9,晴,19,10,多云,14,4,阴,13,5,多云,18,9,多云,17,7,阴,17,4,晴,19,11,多云,16,11,小雨
华东,山东省,滨州市,20,8,多云,18,7,多云,18,8,多云,18,8,多云,20,7,阴,18,4,阴,18,6,晴,21,9,多云,13,2,小雨,14,1,晴,17,6,晴,19,7,小雨,17,4,晴,18,8,多云,20,10,阴
华东,山东省,菏泽市,18,11,阴,21,9,多云,20,10,晴,18,9,多云,19,10,多云,22,9,晴,21,8,晴,21,11,晴,18,5,阴,16,5,多云,19,9,晴,20,8,多云,20,7,晴,21,11,多云,19,12,多云
华中,河南省,郑州市,18,9,阴,20,10,阴,18,12,阴,19,11,阴,19,10,小雨,22,8,晴,21,9,晴,21,11,晴,15,8,阴,16,6,多云,18,10,多云,21,9,晴,19,7,多云,18,11,多云,18,12,阴
华中,河南省,开封市,16,11,小雨,21,10,阴,20,12,阴,17,9,阴,19,9,小雨,22,11,多云,21,10,晴,21,11,晴,16,9,阴,16,6,阴,18,10,晴,21,10,多云,20,8,多云,20,11,阴,19,12,阴
华中,河南省,洛阳市,17,10,小雨,19,11,阴,15,11,小雨,15,11,阴,18,10,多云,23,10,多云,22,10,晴,20,12,多云,17,10,阴,16,8,阴,18,9,晴,21,8,多云,19,10,多云,17,11,阴,17,11,多云
华中,河南省,平顶山市,17,11,小雨,19,12,阴,15,12,小雨,18,11,多云,18,9,多云,24,10,晴,20,8,晴,20,10,晴,16,11,小雨,14,8,阴,17,9,晴,20,10,多云,20,9,多云,19,13,阴,20,12,晴
华中,河南省,安阳市,19,10,阴,16,9,阴,17,10,阴,17,11,阵雨,19,9,多云,20,6,多云,20,10,多云,20,8,多云,11,5,小雨,16,5,阴,18,8,晴,20,8,晴,17,6,晴,19,9,小雨,16,9,小雨
华中,河南省,鹤壁市,19,9,阴,20,9,阴,18,10,阴,15,10,阴,18,8,小雨,21,6,多云,20,8,多云,21,9,多云,12,4,小雨,16,5,多云,18,8,晴,20,8,多云,18,6,晴,18,8,阴,16,9,阴
华中,河南省,新乡市,18,10,小雨,20,9,阴,18,11,阴,16,9,阴,20,8,阵雨,22,9,多云,20,8,多云,21,10,晴,14,5,阴,16,5,阴,18,7,晴,19,8,晴,19,7,晴,18,9,阴,18,11,阴
华中,河南省,焦作市,18,11,小雨,19,12,阴,18,13,阴,18,12,阴,19,10,小雨,23,10,多云,20,10,多云,21,12,多云,16,8,阴,19,9,阴,18,8,晴,20,9,晴,20,9,晴,18,11,阴,19,12,多云
华中,河南省,濮阳市,18,9,阴,20,7,阴,19,8,阴,16,9,阴,19,9,多云,21,5,多云,20,9,晴,20,10,多云,13,3,小雨,16,5,阴,18,9,晴,20,8,多云,19,5,晴,19,9,阴,15,10,小雨
华中,河南省,许昌市,17,10,小雨,21,11,阴,19,12,阴,18,11,阴,20,9,多云,23,10,多云,22,7,晴,21,9,晴,17,9,阴,16,6,阴,17,9,晴,21,9,晴,20,9,多云,21,11,多云,21,11,多云
华中,河南省,漯河市,16,10,小雨,19,12,阴,18,12,阴,19,11,晴,20,8,多云,23,9,晴,23,8,晴,22,9,晴,18,9,阴,16,7,阴,18,9,晴,22,8,多云,21,9,多云,22,10,多云,21,11,多云
华中,河南省,三门峡市,17,9,阴,16,10,阴,12,9,小雨,15,10,阴,17,8,多云,18,9,晴,19,9,晴,18,10,多云,17,8,阴,12,8,阴,15,8,多云,18,8,多云,17,9,多云,14,10,小雨,17,11,多云
华中,河南省,南阳市,16,11,小雨,18,12,阴,15,12,小雨,17,11,阴,19,9,多云,23,11,多云,21,10,晴,21,12,晴,18,12,阴,14,10,阴,18,9,多云,20,9,晴,21,11,阴,20,13,阴,22,13,晴
华中,河南省,商丘市,16,10,阴,22,9,阴,20,9,多云,19,10,晴,19,9,多云,22,8,多云,21,8,晴,20,8,晴,17,6,阴,16,4,阴,18,8,晴,19,8,多云,21,8,多云,21,10,多云,19,12,多云
华中,河南省,信阳市,15,11,小雨,18,13,阴,17,12,小雨,22,12,多云,21,10,多云,22,10,晴,22,10,晴,23,9,晴,22,12,多云,17,9,阴,19,10,多云,21,11,晴,22,11,晴,22,13,多云,23,13,晴
华中,河南省,周口市,16,10,小雨,20,14,阴,19,13,阴,19,12,阴,21,10,多云,23,11,晴,23,10,晴,21,11,晴,19,11,阴,16,8,阴,19,10,晴,21,10,多云,22,11,多云,21,12,多云,21,13,晴
华中,河南省,驻马店市,16,11,小雨,16,12,阴,18,13,小雨,19,11,多云,21,9,多云,23,9,晴,22,8,晴,21,10,晴,19,10,阴,16,6,阴,18,8,多云,22,10,晴,21,9,多云,22,12,多云,22,12,晴
华中,河南省,济源,18,8,小雨,19,11,阴,16,10,小雨,15,11,阴,19,10,多云,23,8,多云,20,9,多云,19,10,多云,17,7,小雨,16,8,阴,17,9,晴,20,8,晴,20,8,晴,17,9,阴,19,10,多云
华中,湖北省,武汉市,18,13,小雨,18,14,阴,18,14,小雨,22,13,多云,23,10,晴,23,10,晴,24,10,晴,24,10,晴,24,11,晴,20,12,多云,21,9,多云,23,9,晴,25,11,晴,25,12,晴,28,14,晴
华中,湖北省,黄石市,21,15,小雨,18,15,小雨,19,14,阴,23,14,多云,23,12,晴,24,12,晴,24,12,晴,25,11,晴,24,11,晴,22,12,阴,22,10,多云,23,11,多云,26,12,晴,26,13,晴,28,15,晴
华中,湖北省,十堰市,15,13,小雨,14,11,小雨,14,10,小雨,15,12,小雨,20,10,阵雨,25,10,晴,21,9,晴,22,12,晴,20,10,小雨,15,10,小雨,17,9,多云,22,12,晴,21,12,多云,18,11,小雨,20,13,多云
华中,湖北省,宜昌市,16,12,小雨,15,12,小雨,16,13,小雨,16,14,阴,22,11,阴,23,12,晴,24,10,晴,23,11,晴,24,13,多云,18,11,阴,20,10,多云,23,11,晴,25,11,多云,22,12,晴,26,14,晴
华中,湖北省,襄阳市,14,11,小雨,14,11,小雨,14,10,小雨,17,12,多云,19,10,晴,23,11,晴,22,10,晴,23,10,晴,22,11,阴,15,10,阴,18,10,多云,22,11,晴,22,10,多云,21,10,晴,23,12,晴
华中,湖北省,鄂州市,19,15,小雨,18,15,小雨,18,14,阴,21,16,多云,22,14,晴,23,14,晴,25,14,晴,22,13,晴,24,13,晴,21,14,阴,19,12,多云,22,13,多云,25,14,晴,24,15,晴,28,17,晴
华中,湖北省,荆门市,15,12,小雨,15,14,小雨,15,11,小雨,17,14,多云,20,12,晴,22,13,晴,22,13,晴,24,13,晴,23,12,多云,15,12,阴,19,10,多云,22,13,晴,24,12,多云,23,13,晴,25,16,晴
华中,湖北省,孝感市,18,13,小雨,18,15,阴,19,13,阴,22,14,多云,23,11,晴,24,11,晴,24,11,晴,25,10,晴,24,12,晴,19,12,阴,20,9,多云,23,10,晴,25,12,晴,25,14,晴,27,15,晴
华中,湖北省,荆州市,17,13,小雨,16,14,小雨,16,13,小雨,19,14,阴,22,11,晴,23,11,晴,24,12,晴,25,11,晴,24,12,多云,19,12,阴,21,10,多云,23,11,晴,24,12,多云,24,12,晴,26,14,晴
华中,湖北省,黄冈市,19,14,小雨,18,15,阴,20,14,阴,23,14,多云,23,11,晴,23,12,晴,24,12,晴,25,11,晴,24,11,晴,21,12,阴,21,9,多云,23,11,晴,25,13,晴,26,13,晴,27,15,晴
华中,湖北省,咸宁市,20,14,小雨,16,14,小雨,17,12,阴,22,14,多云,22,11,多云,23,10,晴,23,11,晴,25,11,晴,25,11,晴,21,11,多云,21,11,多云,24,11,多云,26,12,晴,26,13,晴,29,15,晴
华中,湖北省,随州市,16,12,小雨,15,14,小雨,17,13,小雨,21,12,多云,22,8,晴,23,9,多云,23,8,晴,24,7,晴,24,12,多云,16,8,阴,20,7,多云,23,8,晴,25,9,晴,25,10,晴,27,12,晴
华中,湖北省,恩施土家族苗族自治州,16,14,小雨,16,13,小雨,16,15,阴,18,15,小雨,22,12,阴,24,11,晴,24,12,晴,23,9,晴,24,14,多云,18,12,小雨,20,10,多云,24,11,晴,25,12,阵雨,20,12,小雨,26,14,阵雨
华中,湖北省,仙桃,17,13,小雨,17,15,小雨,17,13,小雨,22,13,阵雨,23,10,晴,23,11,晴,23,12,晴,24,11,晴,24,11,晴,20,12,多云,21,10,多云,23,11,晴,25,12,晴,26,13,晴,28,15,晴
华中,湖北省,潜江,17,13,小雨,16,14,小雨,16,13,小雨,20,14,多云,22,11,晴,23,11,晴,24,12,晴,25,11,晴,25,12,晴,20,12,阴,21,9,多云,23,11,晴,25,12,晴,26,13,晴,27,14,晴
华中,湖北省,天门,17,13,小雨,17,15,阴,17,13,小雨,21,14,多云,22,11,晴,23,12,晴,24,12,晴,25,11,晴,24,13,晴,19,12,阴,20,9,多云,23,11,晴,25,12,晴,25,13,晴,27,15,晴
华中,湖北省,神农架,12,9,小雨,11,9,小雨,11,9,小雨,13,10,小雨,15,7,阴,20,5,多云,20,6,晴,21,8,晴,21,9,小雨,10,9,小雨,17,6,多云,21,6,多云,21,8,多云,19,8,小雨,21,9,多云
华中,湖南省,长沙市,27,15,阴,15,14,小雨,19,15,小雨,20,16,小雨,23,15,多云,23,13,晴,25,12,晴,25,13,晴,22,15,阴,22,11,多云,21,13,多云,24,13,多云,25,13,晴,28,15,多云,29,17,晴
华中,湖南省,株洲市,30,16,多云,17,15,小雨,19,15,小雨,21,16,阴,23,15,晴,25,14,阴,24,13,晴,25,15,多云,21,16,多云,22,15,多云,22,13,阴,24,15,晴,27,15,晴,28,17,多云,29,18,晴
华中,湖南省,湘潭市,28,15,阴,16,14,小雨,18,15,阴,20,15,小雨,23,14,多云,23,14,多云,25,13,晴,26,13,晴,24,15,晴,22,12,多云,21,13,多云,24,13,晴,27,14,晴,27,15,多云,30,16,晴
华中,湖南省,衡阳市,29,16,晴,23,15,多云,19,16,多云,20,17,多云,22,16,晴,21,15,晴,25,16,晴,25,16,晴,21,18,阴,23,14,阴,23,15,晴,25,16,晴,25,17,晴,27,18,晴,29,19,晴
华中,湖南省,邵阳市,28,14,多云,16,14,小雨,18,14,小雨,17,15,小雨,21,13,多云,23,13,晴,25,13,晴,25,13,晴,23,15,多云,22,11,晴,22,13,多云,24,13,晴,25,14,晴,28,15,晴,28,17,晴
华中,湖南省,岳阳市,21,15,小雨,17,14,小雨,19,16,阴,19,16,多云,21,14,多云,22,14,晴,22,14,晴,24,14,晴,24,14,晴,21,15,晴,22,13,晴,21,14,多云,25,13,晴,26,15,晴,27,17,晴
华中,湖南省,常德市,17,14,小雨,15,13,小雨,18,15,小雨,18,15,阴,21,14,晴,23,14,晴,25,15,晴,25,15,晴,25,14,晴,21,14,晴,21,12,多云,23,13,多云,26,13,晴,25,15,晴,26,17,晴
华中,湖南省,张家界市,19,13,小雨,14,13,小雨,17,15,小雨,18,14,小雨,21,13,多云,23,12,晴,24,9,晴,24,12,晴,24,10,晴,21,12,晴,21,12,晴,24,11,晴,26,13,晴,25,16,晴,27,14,晴
华中,湖南省,益阳市,23,15,阴,16,14,中雨,17,15,小雨,18,16,多云,21,14,晴,22,13,晴,24,14,晴,24,14,晴,25,14,晴,21,14,多云,20,13,多云,24,14,晴,26,14,晴,26,14,晴,28,16,晴
华中,湖南省,郴州市,30,15,晴,21,14,阴,16,14,小雨,17,14,阵雨,17,15,阴,22,13,多云,22,13,晴,22,15,阴,17,14,小雨,15,13,小雨,15,13,小雨,19,14,小雨,24,14,多云,24,17,晴,28,19,晴
华中,湖南省,永州市,31,16,多云,22,15,阴,20,16,多云,18,16,阴,20,16,阴,23,15,多云,25,15,多云,25,17,晴,22,17,小雨,21,15,阴,21,14,多云,25,15,晴,27,16,晴,27,17,多云,29,18,多云
华中,湖南省,怀化市,26,13,多云,15,12,小雨,14,13,小雨,16,13,小雨,20,12,多云,23,11,晴,25,11,晴,25,11,晴,25,12,晴,22,10,晴,20,9,多云,24,10,晴,26,12,晴,27,14,晴,29,15,晴
华中,湖南省,娄底市,29,14,多云,15,13,小雨,20,14,阴,20,15,小雨,23,14,晴,24,12,晴,24,12,晴,27,13,晴,22,14,晴,24,13,晴,23,12,多云,22,13,晴,26,12,晴,27,15,晴,29,15,晴
华中,湖南省,湘西土家族苗族自治州,21,13,小雨,15,13,小雨,17,14,小雨,16,13,小雨,18,13,阴,23,10,多云,25,11,晴,25,10,晴,26,11,晴,22,11,晴,22,10,多云,24,11,多云,25,11,晴,25,14,多云,27,15,晴
华南,广东省,广州市,30,17,晴,31,18,晴,32,20,晴,31,20,晴,29,19,晴,29,19,晴,26,19,阵雨,20,18,小到中雨,21,18,小到中雨,21,17,小雨,21,16,阴,20,16,小雨,22,18,小雨,23,18,小雨,25,18,小雨
华南,广东省,韶关市,31,17,晴,32,19,晴,29,18,晴,30,17,多云,27,17,晴,28,21,多云,26,17,多云,23,18,小雨,19,16,小雨,18,14,阵雨,17,15,小雨,19,17,小雨,22,17,小雨,23,18,阴,26,18,阴
华南,广东省,深圳市,29,20,晴,30,22,晴,30,22,晴,30,22,晴,29,21,多云,27,22,多云,24,18,阵雨,24,18,大雨,23,20,中雨,24,20,小雨,22,19,小雨,23,18,小雨,23,19,小雨,23,20,小雨,26,21,多云
华南,广东省,珠海市,25,22,晴,27,21,晴,28,22,晴,29,21,晴,29,21,晴,27,24,多云,24,18,阵雨,23,18,中雨,22,18,阵雨,23,18,阵雨,22,19,阵雨,21,19,阵雨,22,20,阵雨,23,20,小雨,25,20,多云
华南,广东省,汕头市,27,20,晴,28,21,晴,29,20,晴,30,22,多云,27,22,多云,27,21,阵雨,25,21,小雨,24,20,阵雨,25,22,小雨,25,20,阴,25,20,多云,25,20,多云,26,20,多云,25,19,小雨,26,21,多云
华南,广东省,佛山市,30,21,晴,30,22,晴,31,22,晴,30,21,晴,28,21,晴,28,20,晴,27,18,多云,21,17,中雨,21,19,小雨,20,17,小雨,21,16,阴,21,17,阵雨,21,19,阵雨,24,20,小雨,26,21,多云
华南,广东省,江门市,30,21,晴,29,21,晴,30,22,晴,30,22,晴,28,22,晴,27,21,晴,26,18,多云,20,17,中雨,22,18,小雨,21,18,小雨,21,17,小雨,20,17,小雨,23,17,小雨,22,19,小雨,26,21,阴
华南,广东省,湛江市,27,20,晴,27,21,晴,27,20,晴,28,20,晴,28,21,晴,27,19,多云,27,20,多云,26,20,多云,24,19,多云,25,18,阵雨,22,18,阵雨,24,19,阵雨,25,19,多云,26,22,阵雨,26,20,阵雨
华南,广东省,茂名市,30,19,晴,30,19,晴,31,20,晴,31,20,晴,30,19,晴,29,19,多云,26,19,多云,26,19,阵雨,25,18,多云,24,19,阵雨,23,18,小雨,26,18,多云,27,20,多云,27,20,阵雨,26,20,多云
华南,广东省,肇庆市,30,20,晴,30,20,晴,29,19,晴,29,21,晴,28,20,多云,27,19,多云,26,17,阴,24,17,阵雨,22,18,阵雨,22,17,阵雨,19,17,阴,20,17,阵雨,23,19,阵雨,26,19,阵雨,27,20,阵雨
华南,广东省,惠州市,29,19,晴,31,20,晴,30,19,晴,29,21,晴,27,20,晴,26,22,多云,24,18,阵雨,21,18,中雨,21,18,中雨,22,18,阴,23,16,多云,22,17,阵雨,22,18,阵雨,24,17,阵雨,26,19,阵雨
华南,广东省,梅州市,30,17,晴,31,16,晴,30,17,晴,30,18,晴,31,19,晴,27,20,多云,25,17,阵雨,23,16,阵雨,23,19,阵雨,23,18,阴,22,15,多云,21,16,阵雨,21,17,小雨,24,18,多云,29,18,多云
华南,广东省,汕尾市,28,20,晴,29,20,晴,29,20,晴,30,22,晴,27,21,晴,27,20,多云,25,20,阵雨,22,19,大雨,23,20,阵雨,25,19,多云,23,18,多云,23,20,阵雨,24,19,阵雨,26,19,阵雨,26,20,晴
华南,广东省,河源市,30,19,晴,31,19,晴,30,19,晴,30,20,晴,28,19,晴,27,21,多云,24,17,阴,19,18,阵雨,20,19,阵雨,22,18,阵雨,22,16,多云,20,17,小雨,21,18,中雨,26,19,阵雨,28,20,多云
华南,广东省,阳江市,29,21,晴,31,22,晴,29,21,晴,30,21,晴,28,20,晴,29,20,多云,27,18,多云,25,18,阵雨,24,19,阴,22,19,阵雨,23,18,多云,24,17,阵雨,25,20,阵雨,24,20,阵雨,24,19,阵雨
华南,广东省,清远市,30,20,晴,31,20,晴,30,20,晴,30,20,晴,28,20,晴,27,20,多云,26,19,多云,24,19,阵雨,20,18,阵雨,20,17,阵雨,19,17,小雨,22,17,阵雨,24,18,阵雨,26,20,多云,28,21,多云
华南,广东省,东莞,29,21,晴,30,21,晴,31,22,晴,31,22,晴,28,20,多云,28,20,多云,25,17,小雨,21,17,中雨,21,18,小到中雨,23,19,阵雨,23,19,阴,21,18,小雨,22,19,小雨,23,19,小到中雨,26,22,多云
华南,广东省,中山,28,20,晴,29,21,晴,30,22,晴,30,22,晴,29,21,晴,28,21,晴,26,18,多云,20,18,中雨,22,19,小到中雨,23,19,小雨,22,17,阴,21,17,小雨,21,18,小到中雨,23,19,小雨,25,21,多云
华南,广东省,潮州市,29,16,晴,30,18,晴,30,20,晴,31,20,晴,29,21,多云,28,18,阴,25,19,中雨,25,20,阵雨,26,19,阵雨,26,18,阴,26,16,多云,24,17,多云,26,18,阴,27,18,阵雨,27,18,晴
华南,广东省,揭阳市,28,17,晴,29,19,晴,30,17,多云,31,21,晴,31,21,晴,29,20,阴,24,19,阵雨,23,19,阵雨,26,20,多云,25,17,阴,24,17,多云,22,17,多云,25,19,阵雨,26,19,阵雨,27,20,多云
华南,广东省,云浮市,28,18,晴,31,19,晴,29,19,晴,29,18,晴,28,16,晴,27,18,多云,26,16,多云,23,17,小雨,21,17,阵雨,22,17,阵雨,19,15,多云,23,16,阵雨,23,18,阵雨,24,19,阵雨,26,20,阵雨
华南,广西壮族自治区,南宁市,31,22,多云,31,21,多云,31,20,多云,30,20,晴,30,19,晴,29,19,晴,29,19,晴,29,20,晴,28,20,多云,29,19,多云,24,18,阴,29,18,多云,29,18,晴,30,20,晴,30,21,多云
华南,广西壮族自治区,柳州市,33,24,多云,31,21,多云,26,19,多云,29,19,多云,29,19,晴,28,19,多云,28,19,多云,29,20,多云,26,21,多云,28,21,多云,26,18,多云,27,19,多云,28,19,多云,30,20,多云,31,21,多云
华南,广西壮族自治区,桂林市,30,22,多云,27,18,阴,22,18,多云,26,19,多云,24,18,晴,27,17,多云,27,17,多云,28,20,多云,24,19,阴,24,19,阴,22,16,多云,28,17,多云,29,18,多云,30,18,多云,30,20,多云
华南,广西壮族自治区,梧州市,31,20,晴,31,20,晴,30,20,晴,29,19,晴,30,19,晴,28,17,阵雨,27,18,晴,26,19,多云,23,18,阴,21,16,小雨,19,15,小雨,23,16,多云,26,19,多云,28,20,多云,28,20,多云
华南,广西壮族自治区,北海市,29,21,多云,29,20,多云,29,20,多云,29,20,多云,30,20,多云,28,20,多云,27,19,多云,27,20,多云,26,20,多云,26,18,多云,21,18,小雨,25,19,阴,26,20,多云,28,20,多云,28,21,阴
华南,广西壮族自治区,防城港市,29,22,多云,28,21,多云,29,21,晴,29,20,晴,29,20,晴,28,20,多云,27,21,多云,27,20,多云,27,22,多云,27,19,多云,24,19,多云,27,19,多云,27,19,晴,28,20,晴,29,22,多云
华南,广西壮族自治区,钦州市,31,21,晴,30,21,多云,29,20,多云,29,20,晴,29,20,多云,28,20,多云,28,19,晴,27,20,多云,27,20,多云,26,19,阴,23,18,阵雨,24,18,多云,28,17,多云,29,20,多云,28,22,阴
华南,广西壮族自治区,贵港市,32,22,晴,32,21,晴,30,21,晴,29,20,晴,29,20,晴,28,19,阵雨,27,20,多云,27,19,多云,27,19,阴,25,18,小雨,19,17,小雨,25,18,阴,27,18,晴,29,19,晴,30,21,晴
华南,广西壮族自治区,玉林市,31,21,晴,31,20,晴,31,20,晴,29,19,晴,28,19,多云,28,18,多云,26,19,多云,28,21,多云,28,19,多云,23,17,阴,19,16,小雨,26,18,多云,27,19,晴,29,20,多云,28,21,多云
华南,广西壮族自治区,百色市,31,23,多云,30,22,多云,27,20,多云,29,21,多云,29,18,多云,28,16,多云,26,14,晴,29,14,晴,29,15,晴,29,16,多云,29,15,晴,28,15,晴,28,16,多云,29,17,晴,30,16,晴
华南,广西壮族自治区,贺州市,32,19,多云,30,19,晴,28,18,晴,28,18,晴,27,17,晴,26,17,多云,26,17,多云,25,17,阴,25,17,小雨,21,17,小雨,18,14,小雨,24,16,多云,26,17,晴,27,19,晴,29,19,多云
华南,广西壮族自治区,河池市,31,22,多云,29,21,阴,23,18,阴,25,19,多云,28,18,多云,27,18,多云,27,18,多云,29,15,多云,28,16,多云,28,16,多云,27,15,多云,27,16,多云,28,17,多云,28,17,多云,30,17,多云
华南,广西壮族自治区,来宾市,31,21,多云,31,20,多云,28,18,多云,28,18,晴,28,18,晴,28,17,阵雨,27,17,多云,26,18,多云,27,20,多云,27,18,多云,24,17,阴,27,17,多云,28,16,多云,30,18,多云,30,19,多云
华南,广西壮族自治区,崇左市,30,21,多云,31,22,多云,29,20,多云,29,19,多云,29,19,晴,28,17,多云,28,16,多云,28,15,多云,28,18,晴,28,18,多云,26,16,多云,28,16,多云,28,16,多云,27,16,多云,29,18,多云
华南,海南省,海口市,28,22,多云,27,21,多云,27,21,多云,26,21,多云,27,21,多云,26,21,多云,26,22,多云,26,20,多云,25,22,多云,26,21,小雨,24,21,中雨,24,21,多云,24,21,小雨,25,22,小雨,26,21,小雨
华南,海南省,三亚市,30,23,多云,29,23,多云,30,22,多云,29,21,多云,30,21,多云,29,21,多云,29,20,多云,29,21,多云,29,22,多云,27,21,小雨,28,21,小雨,30,22,晴,29,21,多云,29,23,小雨,28,22,小雨
华南,海南省,三沙市,30,26,多云,29,25,多云,29,25,多云,28,25,多云,29,25,多云,28,26,雷阵雨,27,24,中雨,26,24,多云,27,22,晴,27,21,晴,28,24,多云,29,25,多云,28,25,晴,29,25,多云,29,26,多云
华南,海南省,西沙,30,26,多云,29,25,多云,29,25,多云,28,25,多云,29,25,多云,28,26,雷阵雨,27,24,中雨,26,24,多云,27,22,晴,27,21,晴,28,24,多云,29,25,多云,28,25,晴,29,25,多云,29,26,多云
华南,海南省,南沙,31,27,小雨,31,26,雷阵雨,28,27,多云,30,26,雷阵雨,31,25,雷阵雨,29,27,雷阵雨,31,27,雷阵雨,30,27,多云,31,28,多云,29,26,多云,30,26,雷阵雨,30,25,雷阵雨,30,26,雷阵雨,31,26,雷阵雨,30,26,雷阵雨
华南,海南省,中沙,31,28,雷阵雨,31,27,多云,29,25,雷阵雨,28,26,雷阵雨,28,25,暴雨,28,26,雷阵雨,30,27,中雨,30,27,多云,31,26,多云,28,26,小雨,30,28,多云,30,27,雷阵雨,28,25,多云,28,26,多云,30,28,雷阵雨
华南,海南省,儋州,28,22,多云,29,19,多云,28,19,多云,27,19,多云,27,19,多云,25,20,多云,23,18,多云,25,18,多云,26,20,多云,26,19,小雨,23,20,中雨,24,20,小雨,26,19,多云,25,20,小雨,25,20,中雨
华南,海南省,五指山,28,21,小雨,27,18,多云,28,19,多云,26,18,多云,26,18,多云,24,18,多云,24,18,多云,25,17,多云,28,20,多云,26,18,多云,26,19,小雨,27,19,多云,27,19,多云,26,20,小雨,27,21,雷阵雨
华南,海南省,琼海,27,23,小雨,27,21,多云,27,22,多云,27,21,多云,27,20,多云,27,20,多云,26,21,多云,25,20,多云,27,21,多云,27,21,小雨,26,22,小雨,25,20,小雨,26,21,小雨,25,22,暴雨,25,21,中雨
华南,海南省,文昌,27,22,多云,28,21,多云,27,21,多云,27,20,阵雨,27,21,多云,26,20,多云,26,20,多云,26,19,多云,27,20,多云,26,20,小雨,25,21,中雨,25,21,中雨,25,21,小雨,25,21,大雨,25,21,小雨
华南,海南省,万宁,27,23,小雨,28,21,多云,27,21,多云,27,21,多云,27,21,多云,27,21,多云,26,21,多云,26,20,多云,27,21,多云,26,21,多云,27,21,小雨,27,21,中雨,27,21,小雨,26,22,中雨,26,22,中雨
华南,海南省,东方,30,23,多云,30,21,多云,29,22,多云,27,22,多云,28,23,多云,27,23,多云,25,21,多云,26,18,多云,27,22,多云,27,21,多云,28,22,多云,27,21,晴,28,21,多云,28,22,多云,29,22,小雨
华南,海南省,定安,27,22,多云,28,20,多云,28,20,多云,26,20,多云,26,21,多云,26,20,多云,26,21,多云,26,20,多云,26,20,多云,26,20,小雨,26,20,中雨,23,19,小雨,25,21,小雨,24,21,中雨,26,21,小雨
华南,海南省,屯昌,28,21,多云,28,20,多云,28,19,多云,26,19,多云,27,19,多云,26,20,多云,26,20,多云,24,19,多云,27,20,多云,25,20,小雨,26,20,中雨,24,19,中雨,26,20,小雨,24,21,中雨,25,21,中雨
华南,海南省,澄迈,28,21,多云,30,19,多云,29,18,多云,27,19,多云,27,20,多云,26,20,多云,26,20,多云,26,19,多云,26,20,多云,26,20,阵雨,25,20,小雨,25,18,小雨,26,20,小雨,24,20,小雨,26,20,中雨
华南,海南省,临高,28,21,多云,28,19,多云,28,19,多云,27,19,多云,27,21,多云,26,21,多云,25,22,多云,26,20,多云,27,21,多云,26,21,小雨,26,21,小雨,25,20,多云,26,22,多云,25,21,小雨,25,21,小雨
华南,海南省,白沙,28,21,多云,28,18,多云,28,19,多云,25,18,多云,26,19,多云,24,18,多云,23,19,多云,25,16,多云,26,20,多云,25,18,小雨,24,20,中雨,24,19,多云,26,19,多云,25,20,小雨,25,21,中雨
华南,海南省,昌江,30,22,多云,30,20,多云,30,20,多云,27,19,多云,28,20,多云,26,18,多云,25,18,多云,26,16,多云,27,20,多云,26,19,多云,27,20,阴,27,19,多云,28,20,多云,28,22,小雨,29,23,小雨
华南,海南省,乐东,30,21,小雨,32,19,多云,30,19,多云,28,19,多云,28,19,多云,27,19,多云,26,18,多云,28,18,多云,28,21,多云,27,20,多云,29,20,多云,28,19,晴,29,19,多云,29,21,多云,30,22,小雨
华南,海南省,陵水,28,23,小雨,29,23,多云,29,22,多云,28,22,多云,29,21,多云,28,22,多云,28,21,多云,29,21,多云,27,22,多云,27,22,多云,28,21,多云,29,21,多云,29,22,小雨,28,23,多云,27,24,小雨
华南,海南省,保亭,30,22,小雨,30,21,多云,30,20,多云,28,21,多云,29,21,多云,28,20,多云,27,20,多云,29,19,多云,29,22,多云,27,21,阵雨,27,20,小雨,29,20,多云,30,19,多云,28,22,小雨,29,22,小雨
华南,海南省,琼中,27,21,小雨,28,19,多云,26,19,多云,25,18,多云,26,19,多云,24,19,多云,24,19,多云,25,18,多云,26,20,多云,24,20,小雨,26,20,小雨,24,19,小雨,25,20,小雨,24,21,中雨,24,22,中雨
西南,重庆市,重庆市,20,17,小雨,18,17,小雨,19,17,多云,19,15,小雨,21,15,多云,23,14,多云,25,14,多云,25,16,晴,23,17,多云,20,16,小雨,22,15,小雨,23,16,多云,22,17,阴,21,17,小雨,24,16,阴
西南,重庆市,万州,17,15,小雨,17,15,小雨,17,15,多云,18,15,多云,21,15,阴,20,13,阵雨,24,12,多云,23,13,晴,22,15,多云,19,15,小雨,20,14,多云,22,15,多云,23,15,阴,20,16,中雨,23,14,阵雨
西南,重庆市,涪陵,19,16,小雨,17,15,小雨,18,14,阴,18,15,小雨,20,14,阴,21,13,多云,25,11,多云,24,13,晴,23,15,多云,19,15,小雨,20,14,多云,23,15,多云,24,15,阴,18,15,小雨,24,15,多云
西南,重庆市,渝中,20,17,小雨,18,17,小雨,19,17,多云,19,15,小雨,21,15,多云,23,14,多云,25,14,多云,25,16,晴,23,17,多云,20,16,小雨,22,15,小雨,23,16,多云,22,17,阴,21,17,小雨,24,16,阴
西南,重庆市,大渡口,20,17,小雨,18,17,小雨,19,17,多云,19,15,小雨,21,15,多云,23,14,多云,25,14,多云,25,16,晴,23,17,多云,20,16,小雨,22,15,小雨,23,16,多云,22,17,阴,21,17,小雨,24,16,阴
西南,重庆市,江北,20,17,小雨,18,17,小雨,19,17,多云,19,15,小雨,21,15,多云,23,14,多云,25,14,多云,25,16,晴,23,17,多云,20,16,小雨,22,15,小雨,23,16,多云,22,17,阴,21,17,小雨,24,16,阴
西南,重庆市,沙坪坝,20,17,小雨,18,17,小雨,19,17,多云,19,15,小雨,21,15,多云,23,14,多云,25,14,多云,25,16,晴,23,17,多云,20,16,小雨,22,15,小雨,23,16,多云,22,17,阴,21,17,小雨,24,16,阴
西南,重庆市,九龙坡,20,17,小雨,18,17,小雨,19,17,多云,19,15,小雨,21,15,多云,23,14,多云,25,14,多云,25,16,晴,23,17,多云,20,16,小雨,22,15,小雨,23,16,多云,22,17,阴,21,17,小雨,24,16,阴
西南,重庆市,南岸,20,17,小雨,18,17,小雨,19,17,多云,19,15,小雨,21,15,多云,23,14,多云,25,14,多云,25,16,晴,23,17,多云,20,16,小雨,22,15,小雨,23,16,多云,22,17,阴,21,17,小雨,24,16,阴
西南,重庆市,北碚,19,16,小雨,18,16,小雨,19,16,阴,19,15,阴,21,15,多云,23,13,多云,25,13,多云,25,16,晴,22,16,多云,19,14,小雨,21,14,小雨,23,15,多云,22,16,阴,22,17,小雨,24,15,阴
西南,重庆市,綦江,18,15,小雨,17,15,小雨,21,15,多云,21,15,多云,19,14,阴,20,12,多云,23,11,多云,24,12,晴,23,14,多云,20,13,小雨,21,13,多云,23,13,多云,23,14,阴,24,14,多云,25,14,阴
西南,重庆市,大足,17,14,小雨,17,15,小雨,17,15,阴,17,14,小雨,19,13,多云,20,13,多云,23,13,多云,23,16,晴,20,15,多云,16,12,小雨,17,13,小雨,20,15,多云,20,15,阴,19,15,小雨,21,15,阴
西南,重庆市,渝北,18,15,小雨,17,15,小雨,18,15,多云,18,15,多云,20,14,多云,21,13,多云,24,12,多云,24,16,晴,22,15,多云,18,14,小雨,20,14,小雨,22,15,多云,21,16,阴,20,16,小雨,22,14,阴
西南,重庆市,巴南,18,15,阴,17,15,小雨,17,15,多云,17,14,多云,19,14,阴,20,13,多云,23,12,多云,24,14,晴,22,15,多云,18,14,小雨,19,14,阵雨,21,15,多云,21,14,阴,20,15,小雨,21,14,阴
西南,重庆市,黔江,19,16,阴,16,13,小雨,18,14,阴,18,15,阴,20,13,阴,23,12,多云,24,10,多云,23,10,晴,23,11,晴,20,13,阴,21,11,多云,23,12,多云,25,12,多云,23,14,小雨,27,14,多云
西南,重庆市,长寿,19,16,小雨,18,16,小雨,18,15,阴,18,15,小雨,20,15,阴,22,13,多云,24,12,多云,25,14,晴,23,16,多云,19,14,小雨,20,14,多云,23,15,多云,23,16,阴,19,16,小雨,24,15,多云
西南,重庆市,江津,20,18,阴,18,16,小雨,20,16,多云,20,17,小雨,21,15,阴,23,14,多云,25,14,多云,26,17,晴,24,15,多云,20,14,小雨,20,15,阴,23,15,多云,23,16,阴,22,16,多云,24,16,阴
西南,重庆市,合川,17,15,小雨,17,16,小雨,18,16,阴,18,15,阴,18,14,多云,22,13,多云,24,14,多云,24,15,晴,20,16,多云,17,14,小雨,19,13,小雨,21,15,多云,20,16,阴,21,16,小雨,22,15,阴
西南,重庆市,永川,19,17,阴,18,16,小雨,19,16,多云,19,16,多云,20,15,多云,22,14,多云,24,13,多云,24,16,晴,23,16,多云,18,14,小雨,19,14,阴,22,15,多云,22,16,阴,22,16,阵雨,22,16,阴
西南,重庆市,南川,19,13,阴,16,14,小雨,20,15,多云,20,15,多云,18,14,小雨,21,13,多云,23,12,多云,24,12,晴,23,14,多云,19,14,小雨,21,13,多云,24,14,多云,24,14,阴,23,15,多云,26,15,阴
西南,重庆市,璧山,19,17,小雨,17,16,小雨,19,16,阴,19,16,阴,21,14,多云,22,13,多云,25,13,多云,25,16,晴,23,16,多云,19,14,小雨,20,14,小雨,22,15,多云,22,16,阴,22,17,小雨,23,15,阴
西南,重庆市,铜梁,18,15,小雨,18,16,小雨,19,16,阴,19,15,阴,19,14,多云,22,13,阵雨,24,13,多云,25,16,晴,20,16,多云,17,14,小雨,19,14,小雨,22,16,多云,21,16,阴,21,16,小雨,23,15,阴
西南,重庆市,潼南,18,15,小雨,18,16,小雨,18,15,阴,18,15,阵雨,20,14,多云,23,12,多云,25,13,多云,25,15,晴,21,15,多云,17,13,小雨,19,14,小雨,21,16,多云,23,16,阴,21,16,小雨,23,16,阴
西南,重庆市,荣昌,19,16,阴,18,16,小雨,19,16,多云,19,16,多云,20,14,多云,22,13,多云,24,14,阵雨,24,16,晴,22,16,多云,17,13,小雨,19,14,阴,22,15,多云,22,16,阴,22,16,多云,23,16,阴
西南,重庆市,开州,17,15,小雨,17,14,小雨,17,14,小雨,18,15,小雨,21,13,多云,22,12,多云,23,11,多云,23,12,晴,18,14,多云,16,14,小雨,20,13,多云,22,13,多云,23,14,阴,18,15,小雨,24,14,多云
西南,重庆市,梁平,17,14,阴,16,13,小雨,16,14,多云,16,14,多云,20,12,多云,21,11,多云,24,11,阵雨,24,11,晴,21,13,多云,17,13,小雨,19,14,多云,22,14,多云,23,14,阴,19,14,中雨,23,14,多云
西南,重庆市,武隆,21,16,阴,17,14,小雨,18,15,阴,18,15,小雨,21,15,阴,23,14,多云,24,11,多云,25,12,晴,23,13,多云,20,14,小雨,22,13,多云,24,14,多云,25,14,阴,22,15,小雨,25,15,多云
西南,重庆市,城口,15,12,小雨,14,11,小雨,13,10,小雨,13,11,小雨,17,9,多云,19,8,多云,21,8,多云,22,8,晴,18,9,多云,13,10,小雨,16,10,阴,19,11,多云,19,11,阴,17,11,小雨,20,11,多云
西南,重庆市,丰都,18,15,小雨,17,15,小雨,19,15,多云,19,15,小雨,20,15,阴,21,13,多云,24,11,多云,24,12,晴,22,14,多云,19,15,小雨,20,13,多云,22,14,多云,24,15,阴,20,15,中雨,24,15,多云
西南,重庆市,垫江,18,15,阴,16,14,小雨,18,14,多云,18,14,阵雨,20,12,多云,22,11,多云,24,11,多云,24,12,晴,22,14,多云,17,13,小雨,19,13,多云,22,14,多云,23,14,阴,19,14,小雨,23,14,多云
西南,重庆市,忠县,18,16,小雨,17,15,小雨,17,15,多云,17,15,多云,21,15,阴,22,13,多云,24,12,多云,23,12,晴,22,15,多云,18,14,小雨,20,14,多云,23,14,多云,24,14,阴,19,16,中雨,23,14,多云
西南,重庆市,云阳,19,16,小雨,18,15,小雨,19,15,多云,19,16,多云,23,15,阴,23,13,多云,25,12,多云,25,12,晴,21,15,多云,19,15,小雨,22,14,多云,24,14,多云,26,15,阴,21,15,小雨,25,15,多云
西南,重庆市,奉节,18,15,小雨,18,15,小雨,18,15,阴,19,16,小雨,23,15,小雨,23,14,多云,25,13,多云,25,13,晴,23,14,多云,20,15,小雨,22,14,多云,24,15,多云,26,15,多云,24,16,小雨,26,16,多云
西南,重庆市,巫山,15,12,小雨,15,12,小雨,16,12,阴,16,14,阴,21,12,阴,22,12,多云,22,11,多云,23,11,晴,21,12,多云,16,12,小雨,19,11,多云,22,12,多云,24,12,多云,22,14,小雨,24,14,多云
西南,重庆市,巫溪,18,14,小雨,17,14,小雨,18,14,多云,18,14,多云,23,12,多云,24,11,多云,25,11,多云,25,11,晴,22,12,多云,17,13,小雨,20,13,多云,23,13,多云,24,14,多云,23,14,小雨,24,14,多云
西南,重庆市,石柱,20,15,阴,17,14,小雨,19,14,多云,19,14,多云,20,13,阴,21,11,多云,24,9,多云,25,9,晴,23,12,多云,19,12,小雨,22,12,多云,25,13,多云,25,13,阴,19,14,中雨,25,14,多云
西南,重庆市,秀山,20,13,阴,13,11,小雨,15,12,小雨,15,13,小雨,17,10,阵雨,19,10,多云,21,9,多云,20,9,晴,21,10,晴,19,11,阴,18,9,多云,20,10,多云,22,10,多云,23,12,晴,25,13,多云
西南,重庆市,酉阳,17,12,阴,13,10,小雨,14,11,阴,14,12,阵雨,17,11,阴,19,10,多云,20,9,多云,20,9,晴,20,10,晴,18,10,阴,17,8,多云,20,10,多云,22,11,多云,21,12,多云,24,14,多云
西南,重庆市,彭水,22,17,阴,18,14,小雨,19,16,阴,19,16,阴,21,16,阴,25,15,多云,27,12,多云,26,12,晴,25,13,多云,22,14,小雨,23,13,多云,26,14,多云,25,14,阴,23,15,小雨,26,15,多云
西南,四川省,成都市,20,15,多云,17,13,小雨,16,13,小雨,16,13,小雨,20,15,多云,22,14,多云,21,16,多云,20,16,小雨,20,14,阴,19,13,阴,19,14,阴,19,15,多云,17,14,小雨,20,15,多云,20,16,阴
西南,四川省,自贡市,20,16,阴,19,15,小雨,18,15,小雨,18,15,阴,21,15,阵雨,22,14,多云,24,15,多云,24,18,多云,21,15,阴,18,13,小雨,20,16,多云,20,16,多云,19,16,小雨,21,16,小雨,21,17,多云
西南,四川省,攀枝花市,26,10,小雨,27,16,小雨,28,15,晴,28,15,晴,27,9,小雨,17,12,晴,27,13,晴,28,12,晴,26,9,晴,25,14,小雨,24,8,小雨,26,11,晴,26,11,晴,26,11,晴,25,11,晴
西南,四川省,泸州市,20,16,小雨,19,16,小雨,20,15,小雨,19,15,小雨,21,16,多云,21,14,小雨,26,15,多云,25,17,多云,21,15,阴,17,14,小雨,21,13,多云,23,16,多云,21,16,小雨,22,17,小雨,23,17,多云
西南,四川省,德阳市,21,15,多云,18,13,小雨,15,13,小雨,15,12,阵雨,20,14,多云,23,13,晴,21,15,多云,20,15,小雨,20,13,阴,18,13,阵雨,18,14,阴,18,15,小雨,17,14,阴,20,14,小雨,20,14,阴
西南,四川省,绵阳市,21,14,多云,18,13,小雨,15,13,小雨,15,13,小雨,20,13,多云,23,14,晴,21,15,小雨,20,15,小雨,20,13,阴,18,13,阵雨,18,13,小雨,19,15,小雨,18,14,阴,19,14,小雨,19,15,多云
西南,四川省,广元市,21,12,阴,18,11,小雨,15,11,小雨,14,9,小雨,19,10,晴,23,11,晴,21,13,多云,20,12,阴,17,12,阴,18,13,小雨,16,13,小雨,18,13,多云,17,14,小雨,16,14,小雨,17,14,小雨
西南,四川省,遂宁市,19,15,小雨,17,14,小雨,17,14,小雨,16,13,小雨,21,15,小雨,23,13,晴,24,14,多云,23,15,多云,21,14,阴,17,14,小雨,19,15,小雨,20,16,多云,20,15,小雨,20,15,小雨,20,16,多云
西南,四川省,内江市,19,16,阴,18,15,小雨,19,15,小雨,17,15,阴,21,13,阴,23,12,多云,25,14,多云,24,15,多云,22,15,阴,18,13,小雨,20,16,多云,22,16,多云,20,15,小雨,20,16,小雨,22,16,多云
西南,四川省,乐山市,19,16,阴,18,14,小雨,18,14,小雨,16,14,小雨,21,15,多云,22,14,多云,23,16,多云,21,16,多云,19,14,小雨,17,14,小雨,20,14,多云,19,14,小雨,18,15,小雨,20,15,小雨,19,17,小雨
西南,四川省,南充市,18,15,小雨,17,14,小雨,17,14,小雨,16,13,小雨,21,14,多云,23,13,晴,24,14,多云,24,15,多云,21,15,阴,17,14,小雨,19,14,小雨,20,15,多云,20,15,小雨,19,16,小雨,21,16,多云
西南,四川省,眉山市,20,15,阵雨,17,13,小雨,16,13,小雨,16,14,小雨,20,15,阵雨,22,14,多云,22,15,多云,21,15,小雨,19,14,阴,17,14,小雨,20,13,多云,19,15,阴,18,15,小雨,21,15,多云,19,16,阴
西南,四川省,宜宾市,21,15,小雨,20,14,小雨,19,15,小雨,17,15,阴,21,15,小雨,22,14,多云,23,15,多云,23,16,多云,21,14,阴,18,13,小雨,20,14,阵雨,20,15,多云,18,15,小雨,22,16,小雨,21,16,小雨
西南,四川省,广安市,17,15,小雨,16,14,小雨,17,15,阴,16,14,小雨,20,14,多云,23,13,晴,24,13,多云,25,14,晴,22,15,阴,18,14,小雨,20,14,多云,21,15,多云,20,15,小雨,21,16,小雨,22,16,多云
西南,四川省,达州市,17,15,小雨,17,14,小雨,17,14,小雨,17,14,小雨,21,13,多云,24,13,晴,24,13,晴,25,14,晴,23,15,阴,18,14,小雨,19,13,阴,21,15,多云,21,16,阴,20,16,小雨,22,16,多云
西南,四川省,雅安市,18,14,阵雨,17,13,小雨,16,13,小雨,16,13,小雨,20,14,多云,21,14,小雨,20,14,小雨,19,15,小雨,17,13,小雨,18,13,小雨,19,13,多云,17,14,小雨,17,13,小雨,20,15,小雨,19,15,小雨
西南,四川省,巴中市,18,13,多云,16,12,小雨,15,12,小雨,15,11,小雨,20,12,多云,22,12,晴,22,12,多云,22,14,阴,20,13,阴,17,13,小雨,16,13,小雨,19,14,多云,18,13,小雨,17,14,小雨,18,15,阴
西南,四川省,资阳市,20,15,阴,18,14,小雨,17,14,小雨,16,14,阴,20,13,小雨,23,14,多云,23,14,多云,22,16,多云,20,14,阴,17,14,小雨,19,14,多云,20,15,多云,19,15,小雨,20,16,小雨,20,16,多云
西南,四川省,阿坝藏族羌族自治州,9,2,小雨,11,1,小雨,13,1,晴,11,-1,多云,13,-5,晴,13,-3,晴,17,-2,晴,15,-1,多云,10,-3,小雨,11,-6,雨夹雪,12,-2,晴,15,-2,多云,13,-4,多云,13,-5,晴,13,-5,晴
西南,四川省,甘孜藏族自治州,9,0,小雨,10,0,多云,11,1,晴,10,-1,多云,11,-4,晴,14,-2,晴,15,-1,晴,16,-1,晴,14,-3,晴,11,-6,晴,12,-3,晴,14,-4,多云,12,-2,晴,13,-5,多云,14,-3,晴
西南,四川省,凉山彝族自治州,23,16,小雨,23,14,小雨,25,12,晴,25,12,晴,23,13,晴,23,12,小雨,25,13,多云,25,12,多云,22,12,多云,20,11,小雨,20,12,多云,24,10,晴,23,10,晴,24,9,晴,24,9,晴
西南,贵州省,贵阳市,22,13,阴,13,9,小雨,13,9,小雨,15,10,小雨,14,10,阵雨,17,11,阵雨,20,7,多云,22,8,晴,22,9,晴,21,10,晴,19,9,多云,22,10,多云,21,10,多云,20,11,阴,23,13,多云
西南,贵州省,六盘水市,23,10,阵雨,12,10,小雨,13,10,小雨,13,10,小雨,14,9,小雨,16,5,多云,17,6,多云,20,8,多云,17,9,多云,19,9,多云,16,8,阵雨,21,11,多云,19,11,阴,20,10,多云,20,12,多云
西南,贵州省,遵义市,21,13,小雨,14,10,小雨,14,10,小雨,13,11,小雨,16,11,阴,21,10,多云,21,9,多云,21,8,晴,22,10,晴,19,12,多云,18,8,阴,22,10,晴,23,14,多云,21,13,阴,25,15,多云
西南,贵州省,安顺市,22,12,多云,14,10,小雨,13,10,小雨,15,10,小雨,14,11,阴,16,9,阴,18,5,多云,20,8,晴,20,10,多云,19,9,多云,18,9,多云,18,10,晴,18,12,晴,18,11,多云,20,12,多云
西南,贵州省,毕节市,17,10,小雨,14,10,小雨,16,10,小雨,14,10,阴,14,10,阵雨,16,8,小雨,18,5,多云,22,9,多云,17,10,阴,18,10,多云,16,9,阴,21,10,多云,21,10,阵雨,22,11,多云,22,11,多云
西南,贵州省,铜仁市,26,14,阴,15,11,中雨,15,13,小雨,16,14,小雨,20,13,阴,23,11,多云,23,11,晴,24,11,多云,24,12,多云,23,13,多云,20,13,多云,24,11,多云,25,13,多云,26,14,多云,28,16,晴
西南,贵州省,黔西南布依族苗族自治州,26,16,多云,21,14,小雨,16,13,小雨,18,14,小雨,17,12,小雨,21,10,多云,19,9,多云,22,9,晴,22,11,晴,21,12,多云,20,12,多云,21,12,多云,22,13,多云,21,12,多云,22,12,多云
西南,贵州省,黔东南苗族侗族自治州,24,13,阴,14,11,小雨,14,11,小雨,16,12,阴,18,11,阵雨,20,10,多云,23,7,晴,23,8,晴,24,9,晴,22,10,多云,20,10,多云,23,11,晴,26,12,晴,26,13,多云,27,14,晴
西南,贵州省,黔南布依族苗族自治州,26,13,多云,13,9,小雨,12,10,小雨,16,12,阴,16,10,阴,19,10,小雨,20,8,多云,22,8,晴,23,8,晴,21,9,晴,19,9,多云,23,9,晴,24,10,晴,24,11,晴,25,13,晴
西南,云南省,昆明市,20,14,小雨,20,14,小雨,20,14,小雨,22,14,小雨,21,12,小雨,20,10,多云,20,10,晴,21,8,晴,22,9,晴,15,11,多云,18,10,小雨,21,9,阵雨,20,10,晴,20,10,晴,21,9,晴
西南,云南省,曲靖市,23,14,多云,21,13,小雨,17,13,小雨,19,12,小雨,16,9,小雨,16,6,多云,17,7,晴,19,7,晴,17,8,多云,16,10,阴,16,10,小雨,18,7,多云,22,10,晴,21,7,多云,18,8,晴
西南,云南省,玉溪市,23,14,多云,20,14,中雨,22,14,小雨,21,14,小雨,20,13,小雨,17,7,多云,18,8,多云,21,8,晴,21,9,多云,18,11,多云,17,8,多云,19,8,晴,21,9,晴,22,8,多云,21,7,晴
西南,云南省,保山市,21,13,中雨,23,12,多云,25,12,晴,20,12,小雨,20,10,晴,20,9,晴,19,7,多云,19,6,晴,19,7,晴,19,7,阴,18,6,晴,18,8,晴,22,7,晴,22,7,晴,22,6,晴
西南,云南省,昭通市,19,10,阵雨,14,9,小雨,17,10,小雨,17,9,小雨,14,9,小雨,13,7,阵雨,18,7,晴,20,8,晴,12,9,小雨,12,7,小雨,15,7,小雨,18,6,多云,22,7,多云,20,7,多云,19,6,多云
西南,云南省,丽江市,18,6,多云,20,6,晴,20,6,晴,18,7,晴,17,5,晴,15,5,阵雨,17,4,晴,18,3,晴,18,3,晴,15,5,阴,15,3,多云,16,3,多云,19,4,晴,17,2,晴,19,2,多云
西南,云南省,普洱市,23,15,多云,23,17,小雨,22,15,小雨,22,15,小雨,23,15,小雨,21,13,阵雨,22,13,多云,22,12,多云,23,13,多云,21,14,多云,21,13,阵雨,21,12,晴,22,9,晴,23,12,晴,23,11,晴
西南,云南省,临沧市,21,17,中雨,22,16,小雨,25,15,小雨,19,12,小雨,20,14,小雨,20,11,小雨,18,11,多云,20,9,晴,20,8,晴,18,10,多云,17,10,小雨,18,8,晴,23,7,晴,23,7,晴,20,7,晴
西南,云南省,楚雄彝族自治州,20,16,小雨,22,14,小雨,24,14,多云,21,12,小雨,22,12,小雨,18,10,阵雨,20,10,多云,22,10,晴,21,11,晴,19,10,多云,18,10,小雨,21,9,晴,23,9,晴,22,8,晴,22,9,晴
西南,云南省,红河哈尼族彝族自治州,27,18,多云,28,18,阵雨,26,19,多云,27,18,阵雨,27,18,小雨,24,13,阵雨,25,14,多云,27,16,晴,25,15,多云,24,16,多云,24,13,多云,24,13,晴,28,14,晴,27,12,多云,26,13,多云
西南,云南省,文山壮族苗族自治州,24,16,多云,25,16,小雨,23,15,多云,22,15,小雨,19,14,小雨,18,10,多云,20,9,多云,22,9,晴,20,9,多云,19,10,多云,19,11,多云,20,11,多云,24,12,多云,23,11,多云,22,11,多云
西南,云南省,西双版纳傣族自治州,30,21,晴,30,20,多云,29,20,小雨,28,18,多云,28,19,晴,28,18,小雨,27,16,多云,28,14,多云,27,18,多云,26,18,多云,26,15,多云,26,12,晴,31,14,晴,29,16,晴,29,15,晴
西南,云南省,大理白族自治州,20,11,小雨,23,10,多云,24,11,晴,19,11,多云,18,9,晴,17,8,多云,18,6,多云,18,7,晴,18,9,晴,17,8,阴,16,7,晴,17,6,晴,20,6,晴,21,5,晴,18,5,晴
西南,云南省,德宏傣族景颇族自治州,25,19,中雨,29,18,多云,29,17,多云,22,16,小雨,24,16,阵雨,24,16,晴,24,14,晴,22,13,晴,22,13,晴,23,15,多云,22,14,晴,22,11,晴,27,11,晴,27,11,晴,26,11,晴
西南,云南省,怒江傈僳族自治州,25,17,小雨,25,17,多云,28,15,晴,21,15,晴,20,15,晴,20,14,晴,20,14,晴,19,13,晴,20,13,晴,18,13,多云,18,13,晴,19,12,晴,27,8,晴,21,12,晴,19,12,多云
西南,云南省,迪庆藏族自治州,15,4,小雨,14,-1,多云,14,-4,晴,10,0,晴,10,-6,晴,10,-7,小雨,10,-5,多云,11,-5,晴,11,-2,多云,9,0,阴,9,-5,多云,9,-7,多云,13,-6,晴,12,-6,多云,14,-6,多云
西南,西藏自治区,拉萨市,14,0,多云,16,0,多云,17,1,多云,16,0,多云,14,1,晴,16,1,晴,16,2,晴,17,1,晴,13,-1,阵雨,12,0,晴,12,0,晴,14,-1,晴,15,-1,多云,15,0,晴,16,-1,晴
西南,西藏自治区,日喀则市,15,-2,多云,15,-2,晴,15,-6,多云,13,-4,晴,14,-6,晴,16,-6,晴,15,-7,晴,15,-9,晴,9,-6,晴,10,-9,晴,12,-8,晴,12,-8,晴,12,-7,晴,13,-6,晴,12,-6,晴
西南,西藏自治区,昌都市,8,1,多云,10,1,多云,15,1,多云,10,1,阴,11,-2,晴,12,-4,晴,15,-1,晴,13,-2,晴,12,-5,多云,9,-5,晴,13,-5,晴,14,-5,晴,13,-4,晴,14,-4,晴,18,-3,晴
西南,西藏自治区,林芝市,14,3,小雨,13,5,小雨,13,6,阵雨,14,-1,多云,16,-1,多云,16,1,晴,14,0,多云,19,1,晴,18,2,多云,18,1,多云,16,-1,多云,14,1,晴,14,1,多云,15,2,多云,15,1,多云
西南,西藏自治区,山南市,16,-1,多云,16,-1,多云,17,0,多云,14,1,多云,14,2,晴,16,0,晴,16,0,晴,12,1,晴,14,0,多云,11,-2,晴,13,0,晴,13,-2,晴,13,0,多云,15,0,晴,15,-2,晴
西南,西藏自治区,那曲市,5,-6,雨夹雪,1,-8,多云,5,-11,雨夹雪,0,-6,晴,1,-8,多云,4,-6,多云,6,-7,晴,5,-8,多云,4,-7,多云,0,-9,多云,1,-8,晴,2,-9,阵雪,2,-7,晴,3,-8,多云,6,-7,晴
西南,西藏自治区,阿里地区,6,-9,晴,6,-9,晴,3,-7,晴,6,-9,晴,6,-9,晴,5,-10,多云,4,-11,多云,5,-10,多云,5,-10,晴,6,-8,多云,5,-9,晴,3,-10,晴,3,-9,多云,3,-10,晴,3,-9,阴
西北,陕西省,西安市,17,12,小雨,18,13,阴,16,11,阴,17,9,阴,18,8,多云,19,7,晴,23,10,晴,18,12,小雨,17,10,阴,15,9,阴,17,9,多云,19,9,晴,17,10,多云,16,9,小雨,17,10,阴
西北,陕西省,铜川市,17,9,阴,16,10,阴,12,9,小雨,15,10,阴,17,8,多云,17,7,晴,18,7,晴,17,8,小雨,15,7,阴,13,8,多云,15,6,多云,18,8,晴,16,10,阴,14,9,小雨,16,10,阴
西北,陕西省,宝鸡市,17,12,小雨,14,9,阴,12,10,阵雨,11,7,小雨,18,8,多云,20,7,晴,19,9,多云,15,9,小雨,13,8,小雨,13,8,阴,12,9,阴,20,9,多云,13,8,阴,12,10,阴,11,10,小雨
西北,陕西省,咸阳市,17,11,小雨,17,10,阴,14,10,阴,16,10,阴,18,7,小雨,19,7,晴,21,9,晴,18,11,小雨,16,9,阴,14,7,阴,16,6,多云,19,7,晴,16,9,阴,15,9,小雨,17,9,阴
西北,陕西省,渭南市,17,11,小雨,17,10,阴,13,9,小雨,17,11,阴,18,9,小雨,18,7,晴,22,9,晴,19,11,小雨,15,9,阴,12,8,阴,16,7,多云,19,8,晴,18,10,多云,16,9,小雨,17,11,多云
西北,陕西省,延安市,19,6,阴,17,3,多云,11,6,小雨,14,6,阴,18,2,多云,14,2,晴,19,5,晴,17,-2,小雨,12,0,阴,15,1,多云,13,4,阴,15,-2,晴,12,1,多云,11,7,小雨,15,7,阴
西北,陕西省,汉中市,19,13,阵雨,18,13,阴,13,12,小雨,13,12,小雨,17,10,多云,19,9,晴,20,10,多云,16,11,阴,14,12,小雨,15,12,小雨,14,11,阴,16,11,阴,15,13,小雨,15,12,小雨,15,12,小雨
西北,陕西省,榆林市,19,8,多云,18,5,晴,12,7,小雨,14,4,阵雨,16,-2,多云,10,2,晴,16,5,多云,13,0,小雨,10,0,多云,10,-1,多云,12,3,阴,12,-2,晴,11,0,晴,11,8,阴,14,6,阴
西北,陕西省,安康市,18,12,小雨,19,13,小雨,17,13,阴,18,14,阴,20,10,多云,21,9,多云,24,10,晴,22,14,小雨,16,12,小雨,15,11,小雨,17,11,多云,20,12,晴,19,13,阴,17,12,小雨,19,13,阴
西北,陕西省,商洛市,15,10,小雨,16,10,阴,11,9,小雨,10,9,小雨,17,6,多云,19,7,晴,19,6,晴,20,9,小雨,15,9,小雨,11,8,阴,14,9,阴,20,7,多云,18,10,阴,13,10,小雨,16,11,阴
西北,甘肃省,兰州市,18,9,多云,13,8,小雨,18,8,多云,15,5,小雨,16,1,多云,19,3,晴,20,5,晴,13,3,多云,16,4,多云,15,1,晴,18,3,多云,16,4,晴,16,2,多云,17,2,晴,17,3,多云
西北,甘肃省,嘉峪关,12,0,晴,13,2,晴,16,2,多云,15,-2,晴,11,0,晴,14,0,晴,13,1,多云,12,-1,晴,13,-3,晴,10,-2,晴,11,0,晴,12,0,晴,10,0,晴,12,-1,多云,12,-3,多云
西北,甘肃省,金昌市,18,3,晴,13,4,晴,15,2,晴,17,0,晴,16,-3,晴,15,-2,晴,15,0,晴,14,-1,晴,14,-2,晴,12,-3,晴,12,-2,多云,13,-1,晴,12,-2,多云,13,-1,多云,16,1,晴
西北,甘肃省,白银市,17,7,多云,11,7,小雨,14,5,多云,13,2,多云,15,0,晴,15,2,晴,15,3,晴,11,1,多云,11,1,晴,13,0,晴,15,-1,晴,13,1,晴,14,1,多云,14,1,多云,14,2,晴
西北,甘肃省,天水市,20,10,多云,13,8,小雨,14,9,阴,12,5,小雨,17,6,晴,19,7,多云,16,10,多云,13,6,阵雨,12,4,多云,16,7,多云,16,8,多云,14,6,多云,13,8,阴,16,8,多云,17,9,多云
西北,甘肃省,武威市,18,5,晴,17,6,小雨,15,3,多云,17,3,多云,12,-1,多云,17,1,晴,15,1,晴,13,2,晴,14,1,晴,11,-1,晴,14,1,多云,13,0,晴,13,0,晴,14,0,晴,16,1,晴
西北,甘肃省,张掖市,18,0,晴,14,-2,多云,15,0,多云,19,-1,多云,12,-4,多云,19,-1,晴,15,-3,多云,13,-3,晴,15,-3,晴,15,-4,晴,14,-3,晴,13,-4,多云,13,-3,晴,14,0,晴,18,-4,晴
西北,甘肃省,平凉市,16,7,多云,9,5,小雨,11,5,阵雨,12,3,小雨,17,3,晴,18,3,晴,17,6,多云,11,1,多云,14,1,晴,12,1,多云,12,2,晴,15,1,晴,12,4,多云,12,4,多云,12,5,多云
西北,甘肃省,酒泉市,13,0,晴,12,2,晴,14,1,多云,15,0,晴,12,0,多云,14,-2,晴,10,0,多云,11,-1,晴,14,-3,晴,10,-3,晴,12,-1,多云,12,-2,多云,10,-3,晴,11,-2,多云,13,-2,多云
西北,甘肃省,庆阳市,15,8,多云,12,6,阴,7,6,小雨,9,6,小雨,13,4,多云,16,5,晴,16,7,晴,12,4,多云,15,4,晴,13,3,多云,12,4,多云,14,3,晴,12,5,多云,10,7,阴,10,6,阴
西北,甘肃省,定西市,17,6,晴,9,3,小雨,13,2,阴,10,0,小雨,12,0,晴,14,1,晴,10,4,晴,6,0,多云,8,-1,晴,11,2,晴,16,2,多云,12,2,多云,10,4,多云,13,4,多云,15,6,多云
西北,甘肃省,陇南市,20,14,阵雨,17,13,小雨,18,12,小雨,18,10,阴,21,10,多云,21,11,多云,21,13,阴,18,13,小雨,17,10,阴,18,11,多云,19,11,多云,20,12,多云,18,12,多云,19,12,多云,22,14,多云
西北,甘肃省,临夏回族自治州,15,7,小雨,15,6,小雨,16,4,晴,15,0,小雨,14,1,晴,17,2,晴,18,3,雨夹雪,10,2,多云,13,0,雨夹雪,12,-2,晴,17,0,晴,14,2,晴,14,1,晴,18,-1,晴,17,0,晴
西北,甘肃省,甘南藏族自治州,12,3,小雨,10,2,小雨,13,2,小雨,8,-2,小雨,11,-3,晴,12,-3,晴,15,-2,晴,11,-1,多云,11,-4,雨夹雪,12,-5,晴,13,-3,晴,14,-6,晴,10,-3,多云,12,-4,晴,13,-4,晴
西北,青海省,西宁市,14,2,多云,13,3,小雨,14,1,多云,12,-1,小雨,12,0,多云,12,0,晴,14,0,晴,10,-1,多云,11,-2,晴,10,-2,晴,13,0,晴,11,0,晴,11,-1,多云,14,-2,晴,15,0,晴
西北,青海省,海东市,16,4,多云,14,2,多云,15,3,多云,15,0,小雨,13,0,晴,13,0,晴,16,2,晴,11,-1,多云,14,-1,多云,12,0,晴,15,1,晴,14,-1,晴,12,0,阴,15,0,晴,18,0,晴
西北,青海省,海北藏族自治州,12,-6,多云,10,-6,小雪,7,-4,雨夹雪,7,-9,小雪,7,-8,晴,6,-7,晴,8,-5,晴,9,-9,晴,7,-6,多云,7,-8,晴,9,-8,晴,9,-10,晴,8,-7,晴,10,-8,晴,12,-8,晴
西北,青海省,黄南藏族自治州,15,4,小雨,13,5,阴,15,3,多云,13,0,小雨,13,0,晴,15,1,晴,16,0,晴,14,0,晴,11,0,多云,12,1,晴,14,1,晴,14,1,晴,12,2,晴,15,0,晴,15,2,晴
西北,青海省,海南藏族自治州,14,3,多云,13,1,阵雨,13,-1,多云,11,-5,阴,12,-6,晴,13,-5,晴,13,-4,晴,13,-3,多云,11,-6,多云,12,-6,晴,13,-4,晴,14,-6,晴,12,-4,晴,13,-5,晴,14,-4,晴
西北,青海省,果洛藏族自治州,8,-2,小雨,9,0,多云,9,-3,多云,7,-8,晴,6,-10,晴,7,-1,晴,10,-3,多云,9,-4,多云,6,-4,晴,5,-8,晴,8,-8,晴,8,-7,晴,7,-8,多云,7,-8,晴,9,-8,晴
西北,青海省,玉树藏族自治州,8,-3,雨夹雪,7,-5,多云,9,-6,阴,5,-8,晴,6,-9,晴,8,-8,晴,9,-7,晴,9,-7,晴,7,-10,晴,6,-9,晴,6,-8,晴,8,-6,晴,7,-8,多云,9,-9,晴,8,-8,晴
西北,青海省,海西蒙古族藏族自治州,13,-1,晴,10,-1,阴,10,-5,晴,10,-4,晴,10,-4,晴,12,-5,晴,12,-3,晴,7,-5,晴,6,-7,晴,10,-6,晴,10,-4,晴,13,-4,晴,12,-4,晴,12,-4,晴,13,-3,晴
西北,宁夏回族自治区,银川市,18,4,多云,19,9,阴,12,6,小雨,17,2,多云,15,0,多云,13,2,晴,16,2,晴,12,0,多云,12,1,多云,12,0,晴,14,0,晴,13,-2,晴,13,0,晴,15,3,多云,15,3,多云
西北,宁夏回族自治区,石嘴山市,19,2,多云,18,3,阴,13,3,小雨,17,0,多云,14,-6,多云,12,-3,晴,16,-1,晴,13,-2,多云,11,-5,多云,11,-6,晴,13,-3,晴,12,-4,晴,12,-4,晴,14,0,多云,15,0,多云
西北,宁夏回族自治区,吴忠市,18,5,多云,18,5,阴,13,6,小雨,16,2,多云,15,0,多云,15,2,晴,17,0,晴,14,0,多云,14,0,多云,12,-1,晴,15,-1,晴,14,-2,晴,14,0,晴,16,1,多云,16,2,多云
西北,宁夏回族自治区,固原市,14,5,多云,9,3,阴,10,4,小雨,10,1,小雨,13,0,多云,14,3,晴,14,4,多云,9,0,阴,10,0,多云,10,0,多云,11,1,多云,12,0,多云,11,1,多云,9,3,阴,10,3,阴
西北,宁夏回族自治区,中卫市,19,4,多云,18,5,阴,14,4,小雨,17,1,多云,16,0,多云,19,3,晴,18,1,晴,12,0,多云,15,0,多云,11,0,晴,17,0,晴,13,-1,晴,15,0,晴,17,0,多云,15,1,多云
西北,新疆维吾尔自治区,乌鲁木齐市,9,4,多云,11,1,多云,7,-1,小雨,5,-1,晴,9,-1,晴,8,2,阴,7,0,小雨,8,2,晴,9,2,晴,12,1,晴,10,2,晴,8,2,晴,10,3,晴,8,1,多云,3,-2,中到大雪
西北,新疆维吾尔自治区,克拉玛依市,9,7,阴,13,5,晴,9,2,小雨,7,0,晴,8,1,阴,8,3,小雨,10,2,雨夹雪,11,2,晴,10,4,阴,12,4,阴,11,5,阴,11,3,晴,11,2,晴,11,6,阴,7,0,阴
西北,新疆维吾尔自治区,吐鲁番市,21,9,阴,22,11,阴,22,9,晴,17,6,晴,16,4,阴,15,8,阴,17,7,晴,17,6,晴,17,8,阴,17,7,晴,17,7,阴,18,7,多云,18,7,阴,18,5,阴,16,8,阴
西北,新疆维吾尔自治区,哈密市,19,2,晴,18,3,阴,18,3,晴,13,0,晴,13,-1,晴,13,-1,阴,11,-1,晴,13,0,晴,14,0,晴,15,-2,多云,13,0,多云,16,-1,阴,11,0,阴,14,0,晴,15,0,阴
西北,新疆维吾尔自治区,昌吉回族自治州,11,0,阴,12,0,阴,6,0,雨夹雪,7,-6,晴,9,-4,阴,8,0,阴,11,-3,晴,11,-2,晴,11,-2,阴,9,-2,多云,12,0,阴,11,0,多云,12,-3,晴,11,2,阴,5,-3,大雪
西北,新疆维吾尔自治区,博尔塔拉蒙古自治州,8,0,小雪,13,2,晴,8,0,阴,7,0,多云,6,0,阴,6,1,雨夹雪,10,2,晴,7,0,阴,8,0,阴,9,0,阴,11,1,多云,10,0,阴,10,0,晴,12,1,阴,5,-1,小雪
西北,新疆维吾尔自治区,巴音郭楞蒙古自治州,19,3,阴,18,0,阴,18,1,多云,16,0,晴,16,0,晴,16,0,晴,16,0,晴,15,0,晴,16,1,阴,16,-2,多云,16,0,阴,16,1,阴,15,-1,阴,13,-1,阴,16,0,阴
西北,新疆维吾尔自治区,阿克苏地区,18,5,阴,19,1,晴,18,2,晴,18,2,晴,16,2,阴,16,0,阴,17,2,晴,16,1,晴,15,2,晴,15,3,阴,16,1,阴,16,2,阴,14,1,阴,14,0,阴,13,0,晴
西北,新疆维吾尔自治区,克孜勒苏柯尔克孜自治州,20,3,晴,19,0,晴,18,5,阴,18,2,晴,17,1,阴,17,0,多云,17,2,晴,16,0,阴,16,2,晴,15,0,晴,15,1,阴,14,0,晴,14,0,阴,13,0,多云,15,-3,晴
西北,新疆维吾尔自治区,喀什地区,19,5,晴,20,5,多云,17,6,多云,17,6,晴,15,5,多云,15,4,多云,17,4,晴,14,6,阴,15,5,阴,13,3,晴,14,1,阴,13,2,晴,13,4,多云,12,1,阴,12,2,晴
西北,新疆维吾尔自治区,和田地区,19,4,阴,18,4,阴,19,4,阴,20,4,多云,19,5,晴,16,6,阴,18,6,阴,18,6,阴,16,5,晴,14,4,阴,14,3,阴,14,3,阴,14,2,晴,14,4,阴,13,5,阴
西北,新疆维吾尔自治区,伊犁哈萨克自治州,15,4,雨夹雪,13,3,晴,10,-1,多云,13,0,阴,20,7,阴,14,2,雨夹雪,14,1,晴,18,3,晴,15,1,晴,18,2,阴,13,1,阴,14,1,阴,13,3,晴,9,3,阴,5,-4,雨夹雪
西北,新疆维吾尔自治区,塔城地区,15,5,雨夹雪,12,0,小雨,7,-4,多云,8,0,晴,13,4,阴,8,3,小雨,9,0,晴,13,0,晴,12,0,阴,15,1,晴,13,2,阴,14,2,阴,13,0,阴,10,0,雨夹雪,3,-2,小雪
西北,新疆维吾尔自治区,阿勒泰地区,12,1,雨夹雪,10,3,晴,5,-6,中雪,2,-5,晴,5,-1,阴,6,-2,雨夹雪,7,-3,晴,8,-2,晴,11,0,阴,12,-1,晴,10,-1,多云,10,1,阴,12,0,多云,10,2,雨夹雪,6,-6,小雪
西北,新疆维吾尔自治区,石河子,12,2,阴,14,2,小雨,9,3,小雨,9,-3,晴,9,-1,阴,6,3,雨夹雪,12,0,晴,11,-2,晴,12,-1,晴,11,0,阴,13,0,阴,12,0,阴,10,0,晴,12,3,阴,6,-2,雨夹雪
西北,新疆维吾尔自治区,图木舒克,19,2,阴,19,2,晴,18,2,阴,18,3,晴,18,1,阴,17,1,阴,18,2,晴,17,2,阴,17,2,晴,16,0,阴,16,1,阴,15,0,多云,14,0,晴,15,0,阴,13,-1,阴
西北,新疆维吾尔自治区,五家渠,9,4,多云,11,1,多云,7,-1,小雨,5,-1,晴,9,-1,晴,8,2,阴,7,0,小雨,8,2,晴,9,2,晴,12,1,晴,10,2,晴,8,2,晴,10,3,晴,8,1,多云,3,-2,中到大雪
西北,新疆维吾尔自治区,北屯,12,1,雨夹雪,10,3,晴,5,-6,中雪,2,-5,晴,5,-1,阴,6,-2,雨夹雪,7,-3,晴,8,-2,晴,11,0,阴,12,-1,晴,10,-1,多云,10,1,阴,12,0,多云,10,2,雨夹雪,6,-6,小雪
西北,新疆维吾尔自治区,铁门关,19,3,阴,18,0,阴,18,1,多云,16,0,晴,16,0,晴,16,0,晴,16,0,晴,15,0,晴,16,1,阴,16,-2,多云,16,0,阴,16,1,阴,15,-1,阴,13,-1,阴,16,0,阴
西北,新疆维吾尔自治区,双河,12,1,雨夹雪,10,3,晴,5,-6,中雪,2,-5,晴,5,-1,阴,6,-2,雨夹雪,7,-3,晴,8,-2,晴,11,0,阴,12,-1,晴,10,-1,多云,10,1,阴,12,0,多云,10,2,雨夹雪,6,-6,小雪
西北,新疆维吾尔自治区,可克达拉,13,6,雨夹雪,15,3,晴,10,-1,晴,14,1,晴,20,8,阴,13,3,阴,15,0,晴,18,3,阴,14,0,晴,15,2,阴,14,3,多云,14,2,阴,14,3,晴,10,4,小雨,6,-3,晴
西北,新疆维吾尔自治区,昆玉,18,2,阴,18,0,阴,19,4,阴,20,1,多云,18,0,晴,16,2,阴,18,2,阴,18,2,阴,16,0,晴,15,0,晴,14,0,阴,14,1,晴,14,0,晴,13,0,阴,13,1,阴
港澳台,香港,香港,28,21,晴,28,22,晴,29,23,晴,30,23,晴,30,22,晴,28,19,多云,25,19,阵雨,22,21,大雨,24,22,中雨,24,20,小雨,23,19,小雨,21,20,小雨,24,21,小雨,24,22,阵雨,26,22,多云
港澳台,澳门,澳门,24,22,晴,26,21,晴,27,22,晴,29,21,晴,29,22,晴,27,21,多云,24,19,阵雨,26,18,中雨,22,21,阵雨,25,20,阵雨,24,19,阵雨,21,19,阵雨,22,20,阵雨,23,20,小雨,25,20,多云
港澳台,台湾省,台北市,23,21,多云,25,21,小雨,24,21,小雨,23,21,中雨,23,21,中雨,22,20,暴雨,21,20,中雨,23,21,小雨,23,20,小雨,21,19,小雨,20,19,小雨,22,20,小雨,22,21,小雨,22,21,小雨,25,21,多云
港澳台,台湾省,高雄市,29,22,阴,30,23,多云,31,23,晴,31,24,阴,30,23,阴,28,22,中雨,30,24,中雨,30,24,阴,30,23,晴,30,22,多云,28,21,小雨,28,22,多云,29,22,多云,30,22,小雨,30,23,晴
港澳台,台湾省,新北市,29,22,阴,30,23,多云,31,23,晴,31,24,阴,30,23,阴,28,22,中雨,30,24,中雨,30,24,阴,30,23,晴,30,22,多云,28,21,小雨,28,22,多云,29,22,多云,30,22,小雨,30,23,晴
港澳台,台湾省,台中市,28,20,多云,29,20,晴,30,21,晴,30,21,晴,31,21,阴,25,21,大雨,27,21,阴,30,21,阴,29,21,多云,29,20,多云,26,19,阴,26,19,多云,27,20,小雨,27,19,小雨,29,20,晴
港澳台,台湾省,台南市,29,22,阴,30,23,多云,31,23,晴,31,24,阴,30,23,阴,28,22,中雨,30,24,中雨,30,24,阴,30,23,晴,30,22,多云,28,21,小雨,28,22,多云,29,22,多云,30,22,小雨,30,23,晴
港澳台,台湾省,桃园市,23,21,多云,25,21,小雨,24,21,小雨,23,21,中雨,23,21,中雨,22,20,暴雨,21,20,中雨,23,21,小雨,23,20,小雨,21,19,小雨,20,19,小雨,22,20,小雨,22,21,小雨,22,21,小雨,25,21,多云
