华北,北京市,北京市,18,7,23,10,21,5,21,4,20,6,20,10,18,10,13,9,14,9,14,8,16,8,18,2,15,4,15,3,12,0,阴,晴,晴,晴,晴,多云,小雨,阴,阴,阴,阴,晴,晴,小雨,晴
华北,北京市,东城,17,7,22,11,22,7,21,5,20,6,20,10,17,10,12,10,14,8,14,9,16,8,19,2,14,5,15,5,13,1,阴,晴,晴,晴,晴,多云,小雨,阴,阴,阴,阴,晴,晴,多云,晴
华北,北京市,西城,17,6,23,8,22,5,22,3,20,5,20,8,19,9,12,9,15,6,15,8,16,6,19,2,15,3,16,4,13,0,阴,晴,晴,晴,晴,多云,多云,阴,阴,小雨,阴,晴,晴,多云,晴
华北,北京市,丰台,16,5,22,10,22,5,21,3,19,4,19,8,17,8,12,8,14,7,14,7,16,6,17,1,14,2,15,3,13,0,阴,晴,晴,晴,晴,多云,多云,阴,阴,小雨,阴,晴,晴,多云,晴
华北,北京市,石景山,16,5,22,10,22,5,21,3,19,4,19,8,17,8,12,8,14,7,14,7,16,6,17,1,14,2,15,3,13,0,阴,晴,晴,晴,晴,多云,多云,阴,阴,小雨,阴,晴,晴,多云,晴
华北,北京市,海淀,17,6,23,8,22,5,22,3,20,5,20,8,19,9,12,9,15,6,15,8,16,6,19,2,15,3,16,4,13,0,阴,晴,晴,晴,晴,多云,多云,阴,阴,小雨,阴,晴,晴,多云,晴
华北,北京市,门头沟,17,8,22,11,22,6,22,6,20,6,19,10,17,10,12,10,14,8,14,9,16,8,18,2,14,3,15,4,13,1,阴,晴,晴,晴,晴,多云,小雨,阴,阴,小雨,阴,晴,晴,小雨,晴
华北,北京市,房山,19,5,22,8,22,4,22,3,20,4,20,8,19,9,13,10,14,7,14,7,17,6,18,1,14,1,16,0,13,-2,阴,晴,晴,晴,晴,多云,小雨,阴,阴,小雨,阴,晴,晴,小雨,晴
华北,北京市,通州,18,5,22,8,21,4,21,4,20,4,20,8,18,9,12,9,14,9,15,7,16,7,18,1,15,3,15,3,13,0,阴,晴,晴,晴,晴,多云,小雨,阴,阴,阴,阴,晴,晴,小雨,晴
华北,北京市,顺义,17,7,22,10,22,6,21,4,20,6,20,10,17,10,12,9,14,7,14,8,15,7,18,3,14,4,15,4,13,1,阴,晴,晴,晴,晴,多云,小雨,阴,阴,小雨,阴,晴,晴,多云,晴
华北,北京市,昌平,16,7,22,10,21,6,22,4,19,5,19,8,18,9,12,8,14,6,14,8,15,6,18,1,14,2,15,4,14,1,阴,晴,晴,晴,晴,多云,多云,阴,阴,小雨,阴,晴,晴,多云,晴
华北,北京市,怀柔,18,5,22,8,21,4,21,3,20,4,19,9,17,8,12,6,14,5,14,7,14,4,18,0,13,3,15,3,13,-1,阴,晴,晴,晴,晴,多云,小雨,阴,阴,小雨,阴,晴,晴,多云,晴
华北,北京市,平谷,18,4,22,6,21,2,20,1,20,4,21,6,18,7,13,6,13,6,14,6,16,6,18,0,14,1,16,0,13,-2,阴,晴,晴,晴,晴,多云,小雨,阴,小雨,小雨,阴,晴,晴,多云,晴
华北,北京市,密云,17,5,22,7,21,3,20,1,19,3,20,5,17,7,12,6,14,5,14,6,14,3,18,0,13,0,14,0,13,-4,阴,晴,晴,晴,晴,多云,小雨,阴,阵雨,小雨,阴,晴,晴,多云,晴
华北,北京市,延庆,14,3,23,6,18,2,19,1,19,2,20,5,15,4,10,3,13,5,12,5,13,2,15,-3,12,1,13,4,11,-2,小雨,晴,晴,晴,晴,多云,小雨,阴,阴,小雨,阴,晴,晴,多云,晴
华北,天津市,天津市,21,12,22,12,21,9,22,10,21,10,23,16,21,12,15,12,15,11,16,12,18,11,17,7,16,9,17,5,12,4,多云,多云,晴,晴,晴,多云,阴,阴,阴,阴,阴,晴,晴,阴,多云
华北,天津市,和平,21,12,22,12,21,9,22,10,21,10,23,16,21,12,15,12,15,11,16,12,18,11,17,7,16,9,17,5,12,4,多云,多云,晴,晴,晴,多云,阴,阴,阴,阴,阴,晴,晴,阴,多云
华北,天津市,河东,21,12,22,12,21,9,22,10,21,10,23,16,21,12,15,12,15,11,16,12,18,11,17,7,16,9,17,5,12,4,多云,多云,晴,晴,晴,多云,阴,阴,阴,阴,阴,晴,晴,阴,多云
华北,天津市,河西,21,12,22,12,21,9,22,10,21,10,23,16,21,12,15,12,15,11,16,12,18,11,17,7,16,9,17,5,12,4,多云,多云,晴,晴,晴,多云,阴,阴,阴,阴,阴,晴,晴,阴,多云
华北,天津市,南开,21,12,22,12,21,9,22,10,21,10,23,16,21,12,15,12,15,11,16,12,18,11,17,7,16,9,17,5,12,4,多云,多云,晴,晴,晴,多云,阴,阴,阴,阴,阴,晴,晴,阴,多云
华北,天津市,河北,21,12,22,12,21,9,22,10,21,10,23,16,21,12,15,12,15,11,16,12,18,11,17,7,16,9,17,5,12,4,多云,多云,晴,晴,晴,多云,阴,阴,阴,阴,阴,晴,晴,阴,多云
华北,天津市,红桥,21,12,22,12,21,9,22,10,21,10,23,16,21,12,15,12,15,11,16,12,18,11,17,7,16,9,17,5,12,4,多云,多云,晴,晴,晴,多云,阴,阴,阴,阴,阴,晴,晴,阴,多云
华北,天津市,东丽,21,11,22,11,21,7,22,8,21,9,23,15,21,10,14,10,15,10,16,11,17,10,17,5,15,7,17,4,12,2,多云,多云,晴,晴,晴,多云,阴,阴,阴,阴,阴,晴,晴,阴,多云
华北,天津市,西青,21,11,22,10,21,6,22,8,21,6,23,14,21,10,14,10,15,10,15,11,17,9,17,5,16,6,17,4,12,1,多云,多云,晴,晴,晴,多云,阴,阴,阴,阴,阴,晴,晴,阴,多云
华北,天津市,津南,21,11,22,10,21,8,21,7,21,6,23,15,21,9,14,10,15,9,16,11,17,9,17,5,15,6,17,4,12,1,多云,多云,晴,晴,晴,多云,阴,阴,阴,阴,阴,晴,晴,阴,多云
华北,天津市,北辰,21,10,22,9,21,7,22,7,21,4,23,13,21,9,14,9,15,7,15,11,17,9,17,4,15,3,17,3,12,0,多云,多云,晴,晴,晴,多云,小雨,阴,阴,阴,阴,晴,晴,阴,多云
华北,天津市,武清,20,11,22,9,21,7,21,7,21,6,22,14,20,9,14,9,15,8,15,10,16,8,16,3,15,5,16,4,12,0,多云,多云,晴,晴,晴,多云,小雨,阴,阴,阴,阴,晴,晴,小雨,多云
华北,天津市,宝坻,20,8,22,7,21,5,21,5,21,5,21,12,19,6,14,8,15,7,15,9,16,7,16,2,15,3,16,3,12,0,多云,多云,晴,晴,晴,多云,小雨,阴,阴,阴,阴,晴,晴,小雨,多云
华北,天津市,滨海新区,20,11,21,10,21,8,21,9,20,10,21,14,21,9,13,10,14,8,15,12,16,10,16,6,15,7,17,5,12,1,多云,多云,晴,晴,晴,多云,小雨,阴,阴,阴,阴,晴,晴,阴,多云
华北,天津市,宁河,20,11,21,10,21,5,21,7,20,9,22,13,20,7,13,8,14,7,14,11,16,9,16,5,15,5,16,4,12,0,多云,多云,晴,晴,晴,多云,小雨,阴,阴,阴,阴,晴,晴,阴,多云
华北,天津市,静海,21,11,22,12,21,7,23,8,21,8,23,14,21,11,14,11,15,10,15,11,17,9,17,4,16,5,17,5,12,2,多云,多云,晴,晴,晴,多云,阴,阴,阴,阴,阴,晴,晴,阴,多云
华北,天津市,蓟州,20,6,20,6,21,5,21,5,20,5,20,11,17,7,13,6,14,6,14,8,16,7,16,2,15,3,15,3,12,0,多云,多云,晴,晴,晴,多云,小雨,阴,阴,阴,阴,晴,晴,阴,多云
华北,河北省,石家庄市,20,9,23,11,23,10,24,9,22,9,21,10,20,11,12,9,16,10,13,8,18,9,19,4,15,7,16,7,13,5,多云,晴,晴,晴,晴,阴,阴,小雨,多云,阴,多云,晴,多云,多云,阴
华北,河北省,辛集市,20,9,23,11,23,10,24,9,22,10,22,10,21,12,13,9,17,9,14,10,18,9,19,4,15,8,16,7,13,5,多云,晴,晴,晴,晴,阴,阴,小雨,多云,阴,多云,晴,多云,多云,阴
华北,河北省,唐山市,19,8,22,7,20,3,21,4,21,7,21,10,19,7,16,7,16,8,15,9,17,8,18,2,16,6,16,1,12,-1,多云,晴,晴,晴,晴,多云,小雨,多云,多云,阴,阴,晴,多云,小雨,晴
华北,河北省,秦皇岛市,20,8,22,6,19,4,19,4,19,8,21,10,19,4,15,6,14,6,15,5,16,8,18,2,13,3,15,1,11,-2,多云,多云,多云,晴,晴,晴,小雨,晴,阴,多云,小雨,晴,晴,小雨,晴
华北,河北省,邯郸市,21,10,23,11,23,7,23,8,24,10,22,11,21,9,16,9,18,9,18,10,20,9,19,8,19,8,21,9,14,4,多云,晴,晴,晴,晴,多云,阴,多云,多云,阴,多云,晴,晴,多云,阴
华北,河北省,邢台市,20,11,24,12,23,9,23,9,23,11,22,13,20,11,14,10,17,11,15,11,17,10,19,7,17,9,20,9,12,6,多云,晴,晴,晴,晴,阴,多云,阴,多云,阴,阴,晴,多云,多云,阴
华北,河北省,保定市,20,6,22,6,23,4,22,7,21,6,22,10,21,10,14,8,17,9,16,7,19,6,18,1,16,6,17,4,13,0,多云,晴,晴,晴,晴,多云,多云,多云,晴,阵雨,阴,晴,多云,阴,多云
华北,河北省,定州市,20,8,22,8,23,6,23,8,22,7,22,11,21,11,14,9,17,10,16,8,18,8,20,4,15,5,17,6,13,2,多云,晴,晴,晴,晴,多云,多云,多云,晴,阵雨,阴,晴,多云,阴,阴
华北,河北省,张家口市,14,2,20,4,16,2,16,1,17,4,20,5,14,2,11,1,14,3,12,5,12,0,10,-3,11,1,12,0,9,-5,小雨,多云,晴,晴,晴,多云,多云,阴,多云,小雨,小雨,晴,多云,多云,晴
华北,河北省,承德市,17,4,23,4,18,1,18,-1,19,4,20,6,17,-1,14,4,13,4,13,6,15,3,15,-2,13,2,13,-3,10,-3,阴,多云,晴,晴,晴,晴,阵雨,多云,多云,阴,小雨,晴,多云,多云,晴
华北,河北省,沧州市,21,12,23,11,22,5,22,5,22,11,23,13,21,12,16,9,16,8,17,10,19,8,19,3,17,4,19,5,13,0,多云,多云,晴,晴,晴,多云,阴,阴,阴,阴,阴,晴,晴,多云,多云
华北,河北省,廊坊市,20,9,22,10,22,6,22,6,22,8,21,11,20,11,15,10,16,10,16,10,17,9,19,3,16,6,17,3,13,0,多云,晴,晴,晴,晴,多云,阴,多云,阴,阴,阴,晴,晴,阴,晴
华北,河北省,衡水市,21,11,23,11,24,8,24,8,23,11,23,12,21,11,16,11,18,10,15,9,19,10,19,4,18,9,19,8,14,3,多云,晴,晴,晴,晴,多云,多云,阴,多云,阴,多云,多云,晴,多云,阴
华北,山西省,太原市,21,4,22,4,20,2,20,3,21,5,19,6,20,6,17,2,17,7,12,6,18,3,15,0,18,4,17,7,15,1,多云,多云,晴,晴,晴,多云,晴,晴,多云,小雨,晴,晴,晴,小雨,多云
华北,山西省,大同市,15,0,21,-1,16,-3,17,-4,19,-3,20,2,15,-1,14,-2,16,2,11,1,16,-5,11,-7,15,-1,10,-2,8,-8,小雨,晴,晴,晴,晴,小雨,晴,多云,晴,小雨,小雨,晴,晴,多云,晴
华北,山西省,阳泉市,20,6,23,9,22,5,21,4,22,8,20,8,21,5,10,5,16,7,11,7,19,5,18,1,15,4,17,4,10,2,多云,晴,晴,晴,晴,多云,晴,多云,多云,小雨,晴,晴,多云,小雨,多云
华北,山西省,长治市,18,7,21,7,20,4,19,6,19,6,17,7,15,7,14,4,14,6,12,6,15,6,16,3,15,5,17,6,12,3,晴,晴,晴,晴,晴,阴,多云,多云,阴,多云,小雨,晴,晴,多云,多云
华北,山西省,晋城市,17,8,22,9,23,8,21,6,20,9,18,8,16,6,17,5,14,8,15,8,17,7,20,6,16,6,18,7,15,5,晴,晴,晴,晴,多云,阴,小雨,多云,多云,阵雨,小雨,晴,多云,多云,多云
华北,山西省,朔州市,18,3,22,0,17,0,19,0,21,3,18,3,17,4,14,1,18,4,13,6,17,-4,13,-3,15,4,13,-2,9,-3,多云,晴,晴,晴,晴,小雨,晴,多云,晴,小雨,多云,晴,晴,小雨,晴
华北,山西省,晋中市,19,4,21,4,18,2,19,3,19,6,19,7,19,6,16,3,15,7,12,7,17,3,16,0,17,5,15,6,14,1,多云,多云,晴,晴,晴,多云,晴,多云,多云,小雨,晴,晴,晴,小雨,多云
华北,山西省,运城市,22,9,22,9,23,9,23,10,23,11,21,13,17,10,18,10,15,11,16,11,18,8,20,8,20,10,20,11,19,9,晴,晴,多云,晴,多云,阴,多云,多云,小雨,多云,多云,晴,晴,晴,多云
华北,山西省,忻州市,19,3,22,1,21,1,20,2,21,3,20,3,21,4,15,0,15,5,12,4,18,0,15,-3,15,1,16,2,12,-2,多云,晴,晴,晴,晴,小雨,晴,多云,多云,小雨,阵雨,晴,晴,小雨,多云
华北,山西省,临汾市,21,9,24,9,23,6,23,8,23,11,19,12,19,8,19,8,15,10,15,10,18,7,19,5,21,8,20,10,17,8,晴,晴,晴,晴,多云,阴,阵雨,多云,小雨,小雨,晴,晴,晴,小雨,多云
华北,山西省,吕梁市,20,6,21,3,19,2,20,4,20,8,18,9,19,7,16,5,14,7,12,6,18,1,15,0,18,6,16,3,15,0,多云,多云,晴,多云,晴,多云,晴,多云,小雨,小雨,多云,晴,晴,小雨,晴
华北,内蒙古自治区,呼和浩特市,17,3,20,-1,16,-1,17,0,18,2,19,3,16,1,15,3,16,7,11,4,15,-3,10,-3,12,2,13,-3,9,-5,多云,晴,晴,晴,晴,多云,晴,晴,晴,小雨,多云,晴,晴,多云,晴
华北,内蒙古自治区,包头市,19,3,19,-1,15,-1,16,-1,19,4,18,4,15,2,14,2,16,5,13,4,16,-4,9,-4,13,0,12,-2,8,-5,多云,晴,晴,晴,晴,多云,晴,晴,晴,小雨,多云,晴,晴,多云,晴
华北,内蒙古自治区,乌海市,21,1,19,-2,17,-1,20,3,22,6,21,3,18,4,21,6,15,6,18,2,15,-5,14,-2,16,-1,12,-3,12,-4,多云,晴,晴,晴,晴,晴,晴,晴,小雨,阵雨,晴,晴,晴,多云,晴
华北,内蒙古自治区,赤峰市,19,7,18,1,13,0,11,-2,17,2,21,5,11,-4,8,-1,12,0,14,2,14,2,10,-3,10,0,5,-6,4,-5,多云,晴,多云,晴,晴,多云,多云,晴,晴,多云,阴,晴,多云,多云,晴
华北,内蒙古自治区,通辽市,21,11,17,4,13,2,12,-1,13,4,20,7,15,0,10,-1,9,-1,11,-1,13,5,13,-1,8,-2,6,-6,3,-4,多云,晴,晴,多云,晴,晴,多云,晴,晴,晴,多云,多云,晴,晴,晴
华北,内蒙古自治区,鄂尔多斯市,15,5,18,2,14,3,16,4,18,6,16,6,13,4,15,5,12,6,11,4,14,-1,10,1,14,2,10,-2,6,0,多云,晴,晴,晴,晴,多云,晴,多云,小雨,小雨,晴,晴,晴,多云,晴
华北,内蒙古自治区,呼伦贝尔市,9,-3,5,-7,6,-10,6,-7,11,-3,8,-3,4,-9,4,-10,7,-8,8,-3,5,-2,1,-8,-4,-14,-6,-15,-3,-13,多云,小雪,晴,晴,晴,多云,多云,晴,晴,多云,雨夹雪,中雪,晴,晴,晴
华北,内蒙古自治区,巴彦淖尔市,21,3,17,-1,17,0,17,1,20,3,20,3,14,2,17,3,16,4,16,2,13,-4,9,-2,12,0,11,-3,9,-3,多云,晴,晴,晴,晴,晴,晴,晴,多云,多云,晴,晴,晴,多云,晴
华北,内蒙古自治区,乌兰察布市,13,3,18,-3,13,-3,14,0,17,2,17,2,10,-6,12,0,15,2,9,5,13,-6,7,-7,11,-1,7,-7,4,-10,多云,晴,晴,晴,晴,晴,多云,晴,多云,小雨,多云,晴,多云,多云,晴
华北,内蒙古自治区,兴安盟,16,2,13,-1,11,-2,10,-3,10,-1,13,4,11,-4,10,-3,9,-4,10,-2,8,-2,11,-5,5,-7,3,-8,2,-6,晴,晴,晴,晴,晴,晴,多云,晴,晴,晴,小雨,晴,晴,晴,晴
华北,内蒙古自治区,锡林郭勒盟,20,1,10,-4,9,-5,9,-3,16,2,17,-4,5,-11,7,-5,12,-1,15,5,15,-3,4,-9,5,-9,1,-12,2,-10,晴,晴,晴,晴,晴,晴,多云,晴,多云,多云,多云,晴,多云,晴,晴
华北,内蒙古自治区,阿拉善盟,19,5,15,4,16,4,18,7,19,8,17,7,16,7,16,6,12,4,14,5,13,-1,12,3,16,3,10,0,11,0,晴,晴,晴,晴,晴,晴,晴,晴,小雨,晴,晴,晴,晴,晴,晴
东北,辽宁省,沈阳市,21,11,21,6,15,2,13,-4,13,1,18,8,17,1,11,-2,11,-3,13,0,14,7,15,-1,10,-2,9,-4,3,-7,晴,晴,晴,晴,晴,晴,阵雨,晴,晴,晴,多云,阵雨,晴,多云,晴
东北,辽宁省,大连市,17,14,19,14,17,9,18,8,16,11,18,13,17,10,14,6,12,6,13,9,15,11,16,8,12,6,13,2,7,3,多云,晴,晴,多云,晴,晴,阴,晴,晴,晴,多云,阴,晴,小雨,多云
东北,辽宁省,鞍山市,20,13,19,7,14,4,14,3,13,7,17,11,18,4,11,1,11,2,12,5,15,8,15,4,10,4,11,-1,4,-3,晴,多云,多云,晴,晴,晴,小雨,晴,晴,晴,多云,小雨,晴,小雨,晴
东北,辽宁省,抚顺市,20,8,20,5,13,-1,13,-5,12,-2,17,7,17,-2,10,-4,12,-4,14,0,17,6,12,-1,8,-3,9,-7,3,-9,晴,多云,多云,晴,晴,晴,小雨,晴,晴,晴,晴,小雨,晴,多云,晴
东北,辽宁省,本溪市,19,11,19,8,15,2,13,-1,13,1,15,8,16,3,11,-1,11,-1,15,2,16,8,13,0,9,-1,11,-3,2,-6,晴,多云,晴,晴,晴,晴,小雨,阵雨,晴,晴,多云,阵雨,晴,阵雨,晴
东北,辽宁省,丹东市,18,10,20,10,19,4,16,1,14,1,15,7,17,6,15,3,16,3,17,5,17,10,15,5,12,-1,14,2,7,-4,多云,多云,晴,晴,晴,晴,多云,晴,晴,晴,多云,阵雨,晴,多云,晴
东北,辽宁省,锦州市,20,12,22,9,16,6,16,2,17,8,19,11,16,3,13,2,12,2,13,5,12,7,16,3,13,4,12,1,7,-2,多云,晴,晴,晴,晴,多云,小雨,晴,晴,多云,多云,晴,晴,阵雨,晴
东北,辽宁省,营口市,19,13,18,9,16,6,15,2,14,7,18,11,18,4,12,1,12,-1,14,3,14,9,15,3,11,3,12,1,5,-2,多云,晴,晴,晴,晴,晴,小雨,晴,晴,多云,多云,晴,晴,小雨,晴
东北,辽宁省,阜新市,22,11,21,5,15,1,13,-4,15,1,19,9,15,0,11,-5,11,-4,13,1,12,6,15,-1,10,-1,7,-5,4,-6,晴,晴,晴,晴,晴,晴,小雨,晴,晴,晴,多云,晴,晴,多云,晴
东北,辽宁省,辽阳市,21,13,21,9,15,3,14,-1,13,3,18,11,19,2,11,-1,11,-1,12,1,15,9,15,0,10,0,9,-1,4,-5,阴,晴,晴,多云,晴,晴,小雨,晴,晴,晴,多云,阵雨,晴,阵雨,晴
东北,辽宁省,盘锦市,18,13,19,9,16,5,15,2,15,7,18,12,17,4,12,1,13,0,13,5,15,11,16,3,12,4,12,0,5,-3,多云,晴,晴,晴,晴,晴,阵雨,晴,晴,多云,多云,多云,晴,阵雨,多云
东北,辽宁省,铁岭市,20,12,20,5,13,2,14,-3,12,4,17,8,15,1,12,-2,11,-2,13,2,15,7,13,-1,8,-3,9,-5,2,-6,多云,多云,多云,晴,晴,晴,阵雨,晴,晴,晴,多云,阵雨,晴,多云,晴
东北,辽宁省,朝阳市,23,12,24,6,16,3,15,-1,18,5,23,7,13,0,12,-3,13,-2,14,2,16,5,15,-3,12,2,9,-3,6,-6,多云,晴,晴,晴,晴,晴,小雨,晴,晴,晴,阴,晴,晴,多云,晴
东北,辽宁省,葫芦岛市,20,9,23,7,17,4,17,-1,17,8,19,10,17,2,13,-1,13,0,13,4,15,8,17,1,12,4,14,0,8,-4,多云,晴,晴,晴,晴,多云,阵雨,晴,晴,多云,小雨,晴,晴,阵雨,多云
东北,吉林省,长春市,19,12,18,3,10,2,10,-3,9,0,15,9,13,-1,8,-4,8,-5,9,-2,13,6,13,-2,6,-4,5,-7,0,-8,晴,多云,多云,晴,阵雨,晴,小雨,晴,晴,晴,阵雨,多云,晴,多云,晴
东北,吉林省,吉林市,19,12,18,3,10,1,9,-2,9,-1,14,5,13,1,7,-4,8,-2,10,-2,14,6,12,0,5,-3,5,-6,2,-6,晴,晴,多云,雨夹雪,晴,晴,小雨,晴,晴,晴,多云,小雨,晴,多云,晴
东北,吉林省,四平市,19,9,19,2,11,0,11,-4,11,0,17,7,15,-3,9,-4,8,-3,12,0,14,7,13,-4,7,-2,5,-9,1,-9,多云,晴,晴,晴,晴,晴,小雨,晴,晴,晴,多云,多云,多云,多云,晴
东北,吉林省,辽源市,20,10,20,1,10,-1,11,-5,11,-2,17,3,15,-2,9,-6,8,-6,12,-3,15,5,12,-3,7,-5,6,-8,1,-8,多云,晴,晴,晴,晴,晴,小雨,晴,多云,晴,多云,小雨,晴,多云,晴
东北,吉林省,通化市,17,7,17,3,13,0,10,-4,9,-3,13,3,13,1,9,-4,11,-3,14,-3,15,6,13,-2,8,-5,8,-5,2,-7,多云,阵雨,晴,晴,晴,晴,小雨,晴,晴,晴,多云,小雨,晴,雨夹雪,晴
东北,吉林省,白山市,17,4,18,1,12,-2,9,-4,8,-5,13,3,12,-1,9,-6,11,-6,13,-5,14,2,13,-1,6,-6,8,-8,1,-10,多云,晴,晴,雨夹雪,多云,晴,小雨,晴,晴,晴,多云,小雨,晴,多云,晴
东北,吉林省,松原市,19,9,14,3,10,1,9,-2,11,2,17,5,11,0,8,-3,8,-4,9,-2,11,7,13,0,6,-4,3,-6,1,-6,晴,阵雨,晴,晴,晴,晴,小雨,晴,多云,晴,小雨,多云,晴,晴,晴
东北,吉林省,白城市,15,3,14,1,11,0,10,-3,11,1,19,1,12,0,8,-3,10,-5,10,-3,9,4,13,-3,7,-5,4,-7,2,-7,晴,晴,晴,晴,晴,晴,多云,晴,晴,晴,小雨,晴,晴,晴,晴
东北,吉林省,延边朝鲜族自治州,20,4,20,4,13,-1,9,-3,9,-4,12,-3,14,2,8,-4,10,-3,10,-4,11,0,10,2,9,-4,10,-4,5,-5,晴,晴,多云,雨夹雪,晴,晴,多云,多云,晴,晴,晴,小雨,晴,多云,晴
东北,黑龙江省,哈尔滨市,16,11,16,0,10,-1,7,-3,8,-3,13,5,12,-2,7,-5,7,-7,8,-4,10,6,11,0,6,-4,2,-5,1,-8,多云,多云,多云,多云,晴,晴,阵雨,晴,晴,晴,多云,小雨,晴,晴,晴
东北,黑龙江省,齐齐哈尔市,14,2,10,0,9,-3,8,-4,8,-1,11,1,6,-3,6,-3,7,-4,7,1,7,3,9,0,4,-4,2,-6,2,-8,阴,多云,晴,多云,晴,多云,小雨,晴,多云,晴,小雨,小雨,晴,晴,晴
东北,黑龙江省,鸡西市,15,5,15,4,8,-1,7,-3,6,-3,10,2,10,2,4,-2,7,-3,6,-3,8,-2,8,1,5,-3,4,-5,1,-6,多云,小雨,多云,多云,晴,晴,小雨,阵雪,多云,晴,晴,小雨,晴,晴,晴
东北,黑龙江省,鹤岗市,15,-1,7,-4,6,-4,7,-6,9,-7,9,-1,9,-3,3,-4,6,-7,9,-7,8,-2,4,-1,4,-6,1,-6,1,-8,多云,雨夹雪,多云,晴,晴,晴,小雨,雨夹雪,晴,晴,多云,小雨,多云,晴,多云
东北,黑龙江省,双鸭山市,16,5,14,1,6,-1,7,-1,7,-1,12,4,11,0,1,-2,6,-2,8,-3,9,0,7,2,4,-3,3,-4,2,-5,多云,小雨,多云,晴,晴,晴,小雨,雨夹雪,晴,晴,多云,小雨,多云,晴,晴
东北,黑龙江省,大庆市,15,8,12,2,10,-1,7,-2,9,1,14,4,7,-3,7,-3,6,-2,9,-2,10,3,12,-1,5,-5,1,-7,1,-7,多云,多云,多云,多云,晴,晴,阵雨,晴,晴,晴,多云,阵雨,晴,晴,晴
东北,黑龙江省,伊春市,13,1,13,-1,7,-6,7,-6,9,-4,11,0,8,-6,5,-10,4,-9,7,-10,7,-2,6,-3,3,-8,0,-7,0,-9,多云,多云,晴,晴,晴,多云,小雨,多云,晴,晴,晴,小雨,小雪,多云,晴
东北,黑龙江省,佳木斯市,15,4,10,0,8,-1,9,-3,8,-3,9,2,10,-1,4,-7,7,-4,7,-7,9,-1,5,1,5,-4,2,-6,3,-6,晴,小雨,多云,晴,阵雨,晴,中雨,中雪,晴,晴,多云,小雨,多云,多云,多云
东北,黑龙江省,七台河市,15,6,13,2,8,-3,7,-4,8,-5,11,-2,9,0,4,-4,7,-5,8,-7,10,-5,8,0,6,-4,3,-6,1,-6,晴,阵雨,多云,多云,晴,晴,小雨,雨夹雪,晴,晴,晴,阵雨,晴,晴,晴
东北,黑龙江省,牡丹江市,18,7,18,1,10,-3,6,-5,9,-6,12,-2,13,0,7,-4,8,-4,9,-5,10,-1,9,-1,7,-5,7,-7,3,-9,晴,多云,多云,雨夹雪,晴,晴,小雨,多云,晴,晴,晴,雨夹雪,晴,晴,晴
东北,黑龙江省,黑河市,12,0,8,-3,9,-3,6,-6,8,-4,11,-2,7,-6,5,-6,8,-7,8,-7,6,-2,5,-4,4,-6,0,-7,-1,-8,多云,多云,多云,多云,多云,多云,多云,多云,晴,晴,多云,雨夹雪,雨夹雪,阴,晴
东北,黑龙江省,绥化市,14,6,12,-1,9,-2,8,-4,7,-1,11,5,11,-3,5,-4,8,-3,7,-4,11,3,9,-2,5,-4,1,-6,1,-7,晴,小雨,晴,多云,晴,晴,小雨,晴,晴,晴,多云,小雨,晴,晴,晴
东北,黑龙江省,大兴安岭地区,11,-1,7,-7,6,-7,7,-8,9,-5,10,-5,7,-9,6,-10,6,-10,9,-9,6,-1,3,-5,1,-8,-1,-11,-1,-12,多云,阴,晴,晴,晴,多云,多云,晴,多云,晴,雨夹雪,雨夹雪,晴,多云,晴
华东,上海市,上海市,21,15,25,18,25,16,23,14,22,14,20,15,20,16,20,16,20,15,22,16,23,17,22,15,22,15,21,13,20,13,多云,多云,多云,多云,多云,多云,阴,小雨,阴,多云,阴,多云,晴,多云,晴
华东,上海市,黄浦,21,15,25,18,25,16,23,14,22,14,20,15,20,16,20,16,20,15,22,16,23,17,22,15,22,15,21,13,20,13,多云,多云,多云,多云,多云,多云,阴,小雨,阴,多云,阴,多云,晴,多云,晴
华东,上海市,徐汇,21,15,25,18,25,16,23,14,22,14,20,15,20,16,20,16,20,15,22,16,23,17,22,15,22,15,21,13,20,13,多云,多云,多云,多云,多云,多云,阴,小雨,阴,多云,阴,多云,晴,多云,晴
华东,上海市,长宁,21,15,25,18,25,16,23,14,22,14,20,15,20,16,20,16,20,15,22,16,23,17,22,15,22,15,21,13,20,13,多云,多云,多云,多云,多云,多云,阴,小雨,阴,多云,阴,多云,晴,多云,晴
华东,上海市,静安,21,15,25,18,25,16,23,14,22,14,20,15,20,16,20,16,20,15,22,16,23,17,22,15,22,15,21,13,20,13,多云,多云,多云,多云,多云,多云,阴,小雨,阴,多云,阴,多云,晴,多云,晴
华东,上海市,普陀,21,15,25,18,25,16,23,14,22,14,20,15,20,16,20,16,20,15,22,16,23,17,22,15,22,15,21,13,20,13,多云,多云,多云,多云,多云,多云,阴,小雨,阴,多云,阴,多云,晴,多云,晴
华东,上海市,虹口,21,15,25,18,25,16,23,14,22,14,20,15,20,16,20,16,20,15,22,16,23,17,22,15,22,15,21,13,20,13,多云,多云,多云,多云,多云,多云,阴,小雨,阴,多云,阴,多云,晴,多云,晴
华东,上海市,杨浦,21,15,25,18,25,16,23,14,22,14,20,15,20,16,20,16,20,15,22,16,23,17,22,15,22,15,21,13,20,13,多云,多云,多云,多云,多云,多云,阴,小雨,阴,多云,阴,多云,晴,多云,晴
华东,上海市,闵行,23,15,26,15,26,16,24,11,23,11,22,12,21,15,21,15,20,14,22,14,24,16,24,14,23,13,23,12,21,12,多云,多云,多云,多云,多云,多云,阴,小雨,阴,多云,阴,多云,晴,多云,晴
华东,上海市,宝山,22,15,26,17,25,16,22,14,22,14,20,14,20,16,20,16,20,15,21,15,22,17,22,14,21,14,21,13,21,13,晴,阴,多云,多云,多云,多云,阴,阴,阴,多云,阴,多云,多云,多云,晴
华东,上海市,嘉定,22,14,26,17,25,14,23,12,23,11,20,13,21,15,19,14,20,13,21,13,23,15,23,12,22,13,22,11,20,12,多云,阴,多云,多云,多云,多云,阴,阴,阴,多云,阴,多云,晴,晴,晴
华东,上海市,浦东新区,21,16,26,17,25,16,23,11,22,13,20,12,20,15,21,15,20,15,21,14,23,16,23,13,23,14,22,12,22,14,晴,多云,多云,多云,多云,多云,阴,小雨,阴,多云,阴,晴,晴,多云,晴
华东,上海市,金山,21,14,23,15,24,14,23,11,22,10,21,13,21,14,20,15,19,13,21,14,22,14,22,12,22,13,22,10,22,12,多云,多云,多云,多云,多云,多云,阴,小雨,阴,多云,阴,小雨,晴,多云,多云
华东,上海市,松江,22,15,26,15,26,16,24,11,22,11,21,13,21,14,21,16,20,14,22,13,23,15,23,12,22,13,23,12,22,12,多云,多云,多云,多云,阴,多云,阴,小雨,阴,多云,阴,多云,晴,多云,晴
华东,上海市,青浦,22,14,26,15,26,15,24,10,23,9,20,12,20,16,20,14,21,13,22,12,24,14,24,12,22,13,23,11,21,11,多云,多云,多云,多云,阴,多云,阴,阴,阴,多云,阴,多云,晴,晴,晴
华东,上海市,奉贤,21,15,25,16,25,16,24,12,23,11,20,13,21,16,20,15,19,15,21,15,23,14,23,13,21,13,22,12,21,13,多云,多云,多云,多云,多云,多云,阴,小雨,阴,多云,阴,多云,晴,晴,多云
华东,上海市,崇明,21,13,24,14,25,13,22,8,21,9,20,12,20,13,20,13,19,12,20,13,22,13,22,11,21,11,21,9,20,11,晴,阴,多云,多云,晴,多云,阴,阴,阴,多云,阴,晴,晴,多云,晴
华东,江苏省,南京市,22,16,21,12,25,14,23,10,23,12,21,14,17,16,19,13,21,13,20,11,21,14,22,13,21,10,20,11,20,14,多云,阴,多云,多云,多云,多云,小雨,阴,多云,多云,多云,多云,多云,多云,多云
华东,江苏省,无锡市,22,12,23,15,26,14,22,10,22,10,21,13,20,16,21,14,21,13,21,12,21,13,22,11,21,10,21,9,21,12,多云,多云,多云,多云,多云,多云,小雨,多云,多云,多云,小雨,多云,多云,多云,多云
华东,江苏省,徐州市,21,12,23,11,25,10,22,9,23,11,20,13,17,12,21,11,20,10,19,8,18,10,21,10,20,7,19,7,19,7,多云,多云,多云,多云,多云,晴,多云,多云,多云,多云,多云,多云,多云,多云,多云
华东,江苏省,常州市,21,13,23,13,25,15,22,10,21,11,19,14,19,16,20,14,20,13,18,12,20,15,22,14,21,11,21,10,20,13,多云,多云,多云,多云,晴,多云,小雨,阵雨,阴,多云,阴,多云,多云,多云,多云
华东,江苏省,苏州市,22,13,25,15,26,17,23,12,21,12,20,15,19,16,20,15,20,14,20,14,22,15,22,13,21,13,21,12,21,13,多云,多云,多云,多云,多云,多云,小雨,多云,多云,多云,阴,多云,多云,多云,多云
华东,江苏省,南通市,21,12,23,13,24,13,21,9,21,9,19,11,20,15,21,13,19,11,19,12,21,12,22,12,21,10,19,7,18,11,晴,多云,多云,多云,晴,多云,小雨,阴,多云,多云,阴,多云,多云,多云,多云
华东,江苏省,连云港市,21,11,22,11,23,11,20,7,20,8,22,12,19,13,19,12,18,10,18,9,19,11,20,10,18,6,19,6,18,7,多云,多云,多云,多云,晴,多云,多云,阵雨,多云,多云,多云,多云,多云,多云,多云
华东,江苏省,淮安市,20,13,20,10,23,12,22,8,22,9,21,12,18,13,20,12,20,9,19,9,19,13,20,10,20,6,19,7,19,8,多云,多云,多云,多云,多云,多云,多云,多云,多云,多云,多云,多云,多云,多云,多云
华东,江苏省,盐城市,20,12,21,12,24,12,20,9,21,9,19,11,18,15,20,12,19,10,19,10,19,15,21,12,20,8,19,7,18,9,多云,多云,多云,多云,多云,晴,多云,多云,多云,多云,多云,多云,多云,多云,多云
华东,江苏省,扬州市,21,13,22,11,24,13,23,10,22,11,21,12,18,14,21,12,21,11,20,11,21,16,22,12,21,10,20,7,20,11,多云,多云,多云,晴,多云,多云,小雨,阴,多云,多云,多云,多云,多云,多云,多云
华东,江苏省,镇江市,21,13,21,13,24,13,21,10,22,9,20,13,17,15,20,12,20,12,19,10,20,13,22,12,21,9,20,7,19,12,多云,多云,多云,多云,多云,多云,小雨,多云,多云,晴,多云,多云,多云,晴,多云
华东,江苏省,泰州市,20,14,22,14,24,13,21,9,21,9,20,12,18,15,20,12,21,11,19,11,20,13,22,12,21,9,20,7,18,11,多云,多云,多云,阵雨,多云,多云,小雨,多云,多云,多云,小雨,多云,多云,多云,多云
华东,江苏省,宿迁市,20,13,21,11,24,12,21,10,22,10,21,13,18,13,21,12,20,10,18,10,19,11,21,12,20,7,19,8,19,7,多云,多云,多云,多云,多云,多云,多云,多云,多云,多云,多云,多云,多云,多云,多云
华东,浙江省,杭州市,22,12,24,16,26,17,24,11,21,13,20,15,20,16,19,16,20,14,21,14,22,14,22,13,22,13,21,12,21,12,多云,多云,晴,多云,多云,多云,阴,小雨,阵雨,阴,阴,阴,阴,多云,阴
华东,浙江省,宁波市,22,13,25,16,24,17,22,13,21,12,20,13,22,17,20,16,19,16,21,15,23,16,22,16,20,15,21,15,21,13,多云,多云,多云,多云,多云,多云,多云,小雨,小雨,阴,小雨,阴,阴,阴,小雨
华东,浙江省,温州市,24,17,28,17,32,18,27,15,25,14,24,16,24,18,26,18,25,19,25,14,24,19,25,16,24,15,19,16,22,15,多云,多云,多云,晴,多云,多云,阴,小雨,小雨,多云,阴,阴,阴,小雨,小雨
华东,浙江省,嘉兴市,21,12,24,15,25,15,23,11,21,11,21,14,20,16,19,15,20,14,21,14,23,14,22,13,21,12,21,13,22,12,多云,多云,多云,多云,多云,阴,阴,小雨,阴,多云,多云,阴,多云,晴,多云
华东,浙江省,湖州市,22,12,25,15,24,17,22,11,22,10,22,14,20,16,19,16,20,14,19,13,22,13,22,13,21,13,21,12,20,12,多云,阴,晴,小雨,多云,阴,小雨,小雨,阴,多云,小雨,阴,多云,晴,晴
华东,浙江省,绍兴市,22,12,23,15,23,16,22,12,20,12,21,13,21,16,19,16,20,15,19,14,21,14,21,14,20,14,21,12,20,13,多云,多云,多云,小雨,多云,多云,阴,小雨,阴,阴,小雨,阴,阴,多云,小雨
华东,浙江省,金华市,24,14,27,17,28,17,25,13,23,13,23,15,24,18,22,16,19,16,21,12,22,14,23,13,22,13,23,15,19,14,多云,晴,晴,多云,多云,多云,阴,小雨,小雨,阴,阴,多云,阴,阴,小雨
华东,浙江省,衢州市,24,13,27,16,30,17,27,13,23,13,23,15,23,18,22,19,20,16,20,14,21,14,23,13,22,13,21,15,18,13,多云,多云,晴,晴,多云,多云,阴,阴,小雨,阴,多云,阴,多云,多云,小雨
华东,浙江省,舟山市,22,13,24,15,24,18,21,15,20,14,20,14,23,16,21,17,21,17,21,16,22,17,23,16,20,15,21,14,22,16,多云,阴,多云,多云,多云,多云,小雨,小雨,小雨,小雨,多云,阴,阴,多云,阴
华东,浙江省,台州市,22,17,25,18,27,18,24,15,22,15,21,17,23,19,23,19,21,18,22,15,22,18,23,16,22,16,20,16,23,14,阴,多云,多云,多云,多云,多云,阴,小雨,小雨,阴,小雨,阴,阴,小雨,小到中雨
华东,浙江省,丽水市,23,12,28,16,29,17,26,13,25,11,24,16,25,17,24,17,21,16,20,15,22,14,23,14,22,14,21,16,21,13,多云,晴,晴,多云,多云,多云,阴,小雨,小雨,阴,小雨,阴,阴,阵雨,小到中雨
华东,安徽省,合肥市,21,12,21,8,25,11,24,9,23,11,22,13,15,13,16,14,21,12,20,9,21,11,20,11,23,8,21,8,21,10,晴,阴,晴,晴,多云,多云,小雨,阴,阴,晴,晴,多云,晴,晴,多云
华东,安徽省,巢湖,22,13,20,10,24,12,24,10,23,12,22,14,16,14,16,15,19,13,20,11,21,13,20,12,22,10,21,10,21,11,晴,阴,晴,晴,多云,多云,小雨,阵雨,多云,多云,晴,多云,晴,晴,晴
华东,安徽省,芜湖市,22,14,21,12,24,13,24,11,23,13,21,15,17,14,17,15,20,13,20,11,20,13,22,13,22,10,21,11,21,12,晴,多云,晴,晴,多云,多云,小雨,小雨,阴,晴,多云,多云,晴,晴,晴
华东,安徽省,蚌埠市,22,12,21,9,25,11,24,8,24,11,22,13,15,13,20,13,21,12,20,9,20,9,22,10,22,8,20,8,20,8,晴,多云,晴,晴,多云,多云,小雨,阴,多云,多云,多云,多云,晴,晴,晴
华东,安徽省,淮南市,21,13,20,11,25,12,23,10,24,12,22,13,14,13,19,13,21,12,20,10,20,11,21,11,22,9,20,8,20,10,晴,多云,晴,晴,阴,多云,小雨,阴,多云,晴,多云,多云,晴,晴,晴
华东,安徽省,马鞍山市,22,14,20,13,25,13,24,11,24,13,22,14,17,14,18,14,21,13,21,11,21,13,22,13,22,10,21,11,22,12,晴,阴,晴,晴,多云,多云,小雨,小雨,阴,晴,多云,多云,晴,晴,晴
华东,安徽省,淮北市,21,12,24,11,26,10,23,8,23,11,21,13,15,12,20,11,20,11,20,9,19,9,22,10,22,7,20,7,20,7,晴,晴,晴,晴,晴,多云,小雨,阵雨,多云,晴,多云,晴,晴,晴,多云
华东,安徽省,铜陵市,23,13,24,13,25,14,24,12,23,14,23,16,19,16,16,15,18,14,21,12,19,14,22,13,21,11,22,12,22,12,晴,多云,晴,晴,多云,多云,小雨,小雨,阴,晴,多云,阴,晴,晴,晴
华东,安徽省,安庆市,22,13,25,13,26,14,25,13,24,14,24,16,18,13,16,15,18,13,21,13,20,13,20,13,22,12,21,11,22,12,晴,多云,晴,晴,多云,多云,小雨,小雨,阴,晴,多云,多云,晴,晴,晴
华东,安徽省,黄山市,24,9,28,14,30,13,26,11,24,13,23,15,19,16,19,16,17,13,22,11,22,12,24,11,24,11,24,12,22,14,晴,晴,晴,晴,多云,多云,阴,小雨,小雨,晴,阴,阴,晴,晴,阴
华东,安徽省,滁州市,22,12,19,8,24,11,23,7,23,10,22,13,15,14,19,13,21,12,20,9,21,12,21,11,22,8,20,7,20,10,晴,阴,晴,晴,多云,多云,小雨,阵雨,多云,多云,多云,多云,晴,晴,晴
华东,安徽省,阜阳市,22,13,24,11,26,12,25,11,24,13,22,14,15,11,18,14,20,13,20,11,20,9,23,10,23,9,21,8,21,10,晴,多云,晴,晴,多云,多云,小雨,阴,多云,多云,多云,晴,晴,晴,晴
华东,安徽省,宿州市,22,10,23,8,26,10,23,7,24,9,21,12,15,11,21,10,21,10,20,7,20,7,23,8,22,6,20,5,20,5,晴,多云,晴,晴,晴,多云,小雨,阴,多云,晴,多云,晴,晴,晴,多云
华东,安徽省,六安市,22,13,21,11,26,12,25,12,24,14,23,14,15,12,16,14,19,13,21,11,21,11,20,12,23,10,21,9,22,11,晴,阴,晴,晴,多云,多云,小雨,小雨,阴,晴,晴,多云,晴,晴,晴
华东,安徽省,亳州市,22,12,24,11,27,11,24,9,24,12,22,13,14,11,19,13,20,12,21,11,20,9,23,11,23,8,21,8,20,9,晴,晴,晴,晴,晴,多云,小雨,阴,多云,晴,多云,晴,晴,晴,多云
华东,安徽省,池州市,23,12,25,12,26,13,25,11,24,13,24,16,18,13,16,14,18,12,22,12,20,12,21,12,21,11,22,10,22,11,晴,多云,晴,晴,多云,多云,阵雨,小雨,阴,多云,多云,多云,晴,晴,多云
华东,安徽省,宣城市,22,11,25,12,25,12,24,9,23,13,22,15,19,16,17,15,18,13,20,11,18,12,22,11,21,11,22,10,22,11,晴,多云,晴,多云,多云,多云,阴,小雨,阴,多云,多云,多云,多云,晴,晴
华东,福建省,福州市,25,18,29,22,30,21,29,19,25,18,24,17,26,19,28,20,25,21,26,19,25,20,22,18,20,17,20,18,23,18,多云,晴,多云,多云,多云,阴,多云,多云,阴,多云,阴,阵雨,小雨,小雨,小雨
华东,福建省,厦门市,26,19,28,22,28,23,28,20,25,19,25,18,26,19,28,21,28,22,27,20,27,22,25,19,22,19,22,19,23,20,多云,多云,阴,多云,多云,多云,多云,晴,多云,晴,阴,阴,小雨,阴,小雨
华东,福建省,莆田市,25,19,28,23,29,23,28,20,25,19,24,18,26,20,28,22,25,21,25,20,25,21,23,19,21,18,21,19,25,19,多云,晴,阴,晴,多云,阴,多云,晴,阴,多云,阴,小雨,小雨,阴,小雨
华东,福建省,三明市,28,15,31,17,34,18,33,16,29,15,27,14,29,16,28,18,27,19,28,16,29,17,24,17,22,16,19,17,20,19,多云,晴,晴,晴,多云,阴,晴,多云,阴,阴,阴,阴,小雨,大雨,小雨
华东,福建省,泉州市,25,18,28,22,28,23,28,19,24,18,24,18,26,19,27,20,26,21,25,20,26,21,23,18,22,19,22,19,25,20,多云,晴,阴,晴,多云,阴,晴,晴,多云,多云,阴,小雨,小雨,小雨,阴
华东,福建省,漳州市,28,18,31,21,31,21,30,18,27,17,27,15,29,17,30,19,30,21,29,20,29,22,25,21,24,19,23,20,25,20,多云,晴,阴,多云,多云,阴,多云,多云,多云,多云,阴,阴,小雨,阴,阴
华东,福建省,南平市,31,15,30,18,32,18,31,16,28,16,28,15,28,18,28,19,26,18,27,17,27,18,25,17,22,16,17,16,21,18,晴,晴,晴,晴,多云,晴,晴,阴,阴,多云,阴,阴,小雨,中雨,小雨
华东,福建省,龙岩市,28,15,31,17,32,18,31,16,29,15,28,14,29,15,30,17,29,18,29,17,27,18,24,18,22,17,19,16,23,19,多云,晴,多云,晴,晴,阴,多云,多云,多云,多云,阴,阴,小雨,小雨,阵雨
华东,福建省,宁德市,25,17,28,21,30,20,28,18,25,16,23,17,25,19,27,20,24,20,26,19,26,20,22,18,20,17,20,17,22,18,多云,多云,多云,晴,多云,多云,多云,多云,阴,多云,阴,小雨,小雨,小雨,小雨
华东,江西省,南昌市,26,15,28,18,29,18,27,18,26,18,24,18,25,18,20,15,20,16,22,15,23,16,25,16,25,16,25,17,20,17,多云,晴,晴,晴,晴,多云,多云,小雨,多云,多云,晴,晴,晴,晴,阴
华东,江西省,景德镇市,26,14,29,16,30,16,29,16,27,17,23,17,24,17,19,15,20,16,25,15,26,15,26,15,26,14,26,14,21,15,多云,晴,晴,晴,多云,多云,阴,小雨,阴,多云,多云,晴,多云,晴,阴
华东,江西省,萍乡市,28,16,31,18,32,18,30,17,29,18,29,17,28,17,20,15,20,16,22,15,25,14,26,14,26,15,25,17,20,17,晴,晴,晴,多云,多云,多云,多云,小雨,阵雨,多云,多云,晴,晴,多云,小雨
华东,江西省,九江市,25,14,26,17,27,16,25,15,25,16,22,16,20,16,17,15,18,14,21,14,21,14,23,15,23,13,23,14,23,13,晴,晴,晴,晴,多云,多云,阴,小雨,阴,多云,多云,多云,晴,晴,多云
华东,江西省,新余市,25,16,29,19,29,19,28,17,25,16,26,17,25,16,18,14,18,14,19,15,20,15,24,15,25,15,24,16,18,16,晴,晴,晴,晴,多云,多云,多云,小雨,阴,阴,阴,多云,晴,多云,小雨
华东,江西省,鹰潭市,27,15,29,17,30,17,30,16,26,17,26,17,27,17,21,16,21,15,23,15,26,15,25,15,23,15,26,16,18,15,晴,晴,多云,晴,多云,多云,多云,小雨,阴,晴,晴,多云,多云,多云,小雨
华东,江西省,赣州市,28,16,30,17,32,18,31,19,30,18,30,17,31,17,29,17,24,17,25,17,26,17,26,17,25,17,20,17,19,16,多云,多云,多云,多云,多云,晴,多云,多云,多云,多云,多云,多云,多云,小雨,小雨
华东,江西省,吉安市,28,15,30,18,31,19,29,18,28,17,29,16,30,18,22,17,20,16,20,16,24,16,25,16,24,16,23,17,18,15,多云,晴,晴,晴,晴,多云,晴,阴,阴,小雨,多云,晴,多云,多云,小雨
华东,江西省,宜春市,26,14,29,17,32,16,28,17,27,18,27,17,26,17,21,15,18,14,19,14,23,14,25,15,25,14,24,16,19,16,晴,晴,多云,晴,多云,多云,多云,小雨,阴,多云,多云,多云,晴,多云,小雨
华东,江西省,抚州市,26,14,29,16,30,16,29,15,27,16,26,17,28,18,20,15,20,15,21,15,24,15,24,15,24,15,24,17,19,15,晴,晴,晴,晴,晴,多云,多云,小雨,小雨,阴,多云,晴,多云,多云,小雨
华东,江西省,上饶市,26,14,28,16,31,18,30,15,25,17,25,17,25,18,21,17,21,16,24,15,25,15,26,14,23,16,24,16,18,14,多云,晴,晴,晴,多云,阴,多云,小雨,阴,多云,多云,多云,晴,阴,小雨
华东,山东省,济南市,21,14,23,13,23,9,22,10,23,15,23,14,20,9,20,9,19,10,19,11,18,11,18,8,19,11,21,10,13,4,多云,晴,晴,晴,晴,多云,阴,多云,晴,多云,小雨,多云,晴,晴,阴
华东,山东省,莱芜,20,9,22,10,22,7,22,7,22,11,22,13,19,8,21,7,20,8,19,10,18,10,20,6,19,7,20,9,14,2,多云,晴,晴,晴,晴,多云,阴,多云,晴,多云,阴,多云,晴,晴,阴
华东,山东省,青岛市,19,16,19,14,22,11,19,12,18,15,19,16,18,13,19,9,17,10,17,12,18,13,19,10,18,13,17,13,16,6,多云,多云,晴,晴,晴,晴,多云,多云,晴,多云,阴,阴,晴,晴,多云
华东,山东省,淄博市,21,7,23,9,22,6,21,5,22,12,23,13,20,6,19,5,19,8,17,7,19,8,18,6,19,6,22,8,12,1,多云,晴,晴,晴,晴,多云,阴,多云,多云,多云,阴,多云,晴,晴,小雨
华东,山东省,枣庄市,21,11,21,11,24,10,23,8,23,9,21,12,18,12,22,10,21,9,20,9,19,9,24,10,21,6,21,9,21,5,多云,晴,多云,晴,晴,多云,阴,多云,多云,晴,多云,多云,晴,晴,阴
华东,山东省,东营市,20,11,21,11,20,7,20,9,19,9,24,12,19,11,16,9,17,9,17,10,17,9,18,6,16,8,21,10,11,4,多云,多云,晴,晴,晴,晴,多云,多云,多云,多云,阴,阴,晴,多云,小雨
华东,山东省,烟台市,20,12,21,13,21,10,18,11,16,10,20,12,18,10,16,10,14,11,15,8,16,11,19,11,15,6,18,9,11,7,晴,多云,多云,晴,晴,晴,多云,多云,晴,多云,多云,阴,晴,晴,小雨
华东,山东省,潍坊市,20,11,22,10,21,8,21,6,21,10,22,13,20,8,19,7,16,8,17,8,19,10,19,5,18,6,21,8,13,3,多云,晴,晴,晴,晴,晴,阴,晴,晴,阴,阴,多云,晴,晴,阴
华东,山东省,济宁市,20,12,22,11,23,9,22,9,23,10,20,13,16,9,22,10,20,10,19,11,19,9,20,10,21,9,18,11,17,6,多云,晴,晴,晴,晴,阴,小雨,多云,晴,多云,阴,晴,晴,多云,多云
华东,山东省,泰安市,20,8,22,10,24,7,20,7,23,7,22,10,18,8,19,8,19,8,19,8,19,8,19,5,20,6,19,7,14,2,多云,晴,晴,晴,晴,多云,多云,多云,晴,多云,多云,多云,晴,晴,阴
华东,山东省,威海市,20,12,21,14,21,14,17,11,16,9,19,12,18,11,16,11,14,11,16,10,17,12,18,11,15,7,17,10,11,8,晴,多云,多云,晴,晴,晴,多云,阴,晴,多云,多云,多云,多云,晴,小雨
华东,山东省,日照市,19,13,20,14,21,10,19,10,19,12,19,16,19,13,19,10,17,10,17,10,18,12,19,10,18,9,17,12,18,6,多云,多云,多云,晴,晴,多云,阴,多云,多云,多云,多云,多云,晴,晴,阴
华东,山东省,临沂市,21,11,22,9,25,8,21,8,22,8,21,10,19,11,21,10,20,10,19,9,19,9,21,8,19,6,20,9,18,5,晴,多云,多云,晴,晴,多云,多云,阴,多云,多云,阴,多云,晴,晴,阴
华东,山东省,德州市,20,11,22,10,22,6,21,7,23,12,22,12,20,11,18,7,18,10,16,9,17,6,18,3,18,9,20,9,14,1,多云,多云,晴,晴,晴,多云,多云,多云,晴,阴,阴,多云,晴,多云,多云
华东,山东省,聊城市,19,11,22,10,22,8,21,8,22,11,22,13,18,9,20,8,18,10,17,9,18,9,19,7,19,9,19,10,14,4,多云,晴,晴,晴,晴,多云,多云,多云,多云,阴,阴,多云,晴,多云,阴
华东,山东省,滨州市,21,8,23,11,21,7,21,6,23,10,25,13,20,8,18,7,18,8,18,8,20,7,18,4,18,6,21,9,13,2,多云,多云,晴,晴,晴,多云,多云,多云,多云,多云,阴,阴,晴,多云,小雨
华东,山东省,菏泽市,21,11,24,10,24,8,23,8,24,11,22,12,18,11,21,9,20,10,18,9,19,10,22,9,21,8,21,11,18,5,晴,晴,多云,晴,晴,多云,阴,多云,晴,多云,多云,晴,晴,晴,阴
华中,河南省,郑州市,21,9,24,12,26,10,24,9,24,13,22,12,18,9,20,10,18,12,19,11,19,10,22,8,21,9,21,11,15,8,晴,晴,晴,晴,多云,多云,阴,阴,阴,阴,小雨,晴,晴,晴,阴
华中,河南省,开封市,21,9,23,12,24,9,22,9,23,13,22,14,16,11,21,10,20,12,17,9,19,9,22,11,21,10,21,11,16,9,多云,晴,多云,晴,阴,阴,小雨,阴,阴,阴,小雨,多云,晴,晴,阴
华中,河南省,洛阳市,19,9,23,12,25,11,22,11,24,13,19,13,17,10,19,11,15,11,15,11,18,10,23,10,22,10,20,12,17,10,多云,晴,晴,晴,多云,阴,小雨,阴,小雨,阴,多云,多云,晴,多云,阴
华中,河南省,平顶山市,22,9,24,12,26,10,22,11,22,13,22,14,17,11,19,12,15,12,18,11,18,9,24,10,20,8,20,10,16,11,多云,晴,晴,晴,阴,小雨,小雨,阴,小雨,多云,多云,晴,晴,晴,小雨
华中,河南省,安阳市,20,9,23,12,23,9,22,8,23,11,20,14,19,10,16,9,17,10,17,11,19,9,20,6,20,10,20,8,11,5,多云,晴,多云,晴,多云,阴,阴,阴,阴,阵雨,多云,多云,多云,多云,小雨
华中,河南省,鹤壁市,20,9,23,11,22,8,23,7,23,9,20,11,19,9,20,9,18,10,15,10,18,8,21,6,20,8,21,9,12,4,阴,晴,多云,晴,多云,阴,阴,阴,阴,阴,小雨,多云,多云,多云,小雨
华中,河南省,新乡市,21,7,23,9,24,9,23,7,24,10,21,12,18,10,20,9,18,11,16,9,20,8,22,9,20,8,21,10,14,5,多云,晴,多云,晴,阴,阴,小雨,阴,阴,阴,阵雨,多云,多云,晴,阴
华中,河南省,焦作市,21,11,23,15,25,13,23,11,24,12,22,12,18,11,19,12,18,13,18,12,19,10,23,10,20,10,21,12,16,8,多云,晴,多云,晴,多云,阴,小雨,阴,阴,阴,小雨,多云,多云,多云,阴
华中,河南省,濮阳市,20,10,23,10,23,8,22,7,23,9,21,12,18,9,20,7,19,8,16,9,19,9,21,5,20,9,20,10,13,3,多云,晴,多云,晴,多云,阴,阴,阴,阴,阴,多云,多云,晴,多云,小雨
华中,河南省,许昌市,21,11,24,10,25,10,23,9,23,12,23,13,17,10,21,11,19,12,18,11,20,9,23,10,22,7,21,9,17,9,多云,晴,多云,晴,多云,阴,小雨,阴,阴,阴,多云,多云,晴,晴,阴
华中,河南省,漯河市,23,11,24,11,26,10,25,10,24,11,23,12,16,10,19,12,18,12,19,11,20,8,23,9,23,8,22,9,18,9,晴,晴,晴,晴,阴,多云,小雨,阴,阴,晴,多云,晴,晴,晴,阴
华中,河南省,三门峡市,20,8,20,12,20,11,21,12,20,13,18,12,17,9,16,10,12,9,15,10,17,8,18,9,19,9,18,10,17,8,阴,晴,多云,多云,阴,阴,阴,阴,小雨,阴,多云,晴,晴,多云,阴
华中,河南省,南阳市,23,10,24,13,27,14,24,14,23,15,21,12,16,11,18,12,15,12,17,11,19,9,23,11,21,10,21,12,18,12,晴,晴,晴,晴,阴,小雨,小雨,阴,小雨,阴,多云,多云,晴,晴,阴
华中,河南省,商丘市,21,11,23,9,25,10,23,8,23,12,21,13,16,10,22,9,20,9,19,10,19,9,22,8,21,8,20,8,17,6,多云,晴,多云,晴,多云,阴,阴,阴,多云,晴,多云,多云,晴,晴,阴
华中,河南省,信阳市,23,14,25,13,27,12,24,13,24,14,24,14,15,11,18,13,17,12,22,12,21,10,22,10,22,10,23,9,22,12,多云,多云,晴,晴,阴,阴,小雨,阴,小雨,多云,多云,晴,晴,晴,多云
华中,河南省,周口市,22,13,25,13,27,13,24,11,24,14,23,14,16,10,20,14,19,13,19,12,21,10,23,11,23,10,21,11,19,11,晴,晴,晴,晴,多云,阴,小雨,阴,阴,阴,多云,晴,晴,晴,阴
华中,河南省,驻马店市,22,11,24,13,26,11,23,11,24,12,23,13,16,11,16,12,18,13,19,11,21,9,23,9,22,8,21,10,19,10,晴,晴,晴,晴,阴,阴,小雨,阴,小雨,多云,多云,晴,晴,晴,阴
华中,河南省,济源,20,10,24,13,26,10,23,10,23,12,20,11,18,8,19,11,16,10,15,11,19,10,23,8,20,9,19,10,17,7,多云,晴,多云,晴,阴,阴,小雨,阴,小雨,阴,多云,多云,多云,多云,小雨
华中,湖北省,武汉市,23,15,23,13,28,14,27,13,25,16,21,16,18,13,18,14,18,14,22,13,23,10,23,10,24,10,24,10,24,11,多云,多云,晴,晴,晴,多云,小雨,阴,小雨,多云,晴,晴,晴,晴,晴
华中,湖北省,黄石市,24,16,24,14,28,13,27,14,25,17,22,17,21,15,18,15,19,14,23,14,23,12,24,12,24,12,25,11,24,11,多云,多云,晴,晴,晴,多云,小雨,小雨,阴,多云,晴,晴,晴,晴,晴
华中,湖北省,十堰市,27,11,29,12,27,13,24,15,22,13,18,13,15,13,14,11,14,10,15,12,20,10,25,10,21,9,22,12,20,10,多云,晴,晴,晴,晴,小雨,小雨,小雨,小雨,小雨,阵雨,晴,晴,晴,小雨
华中,湖北省,宜昌市,24,14,25,14,29,14,29,17,22,16,19,14,16,12,15,12,16,13,16,14,22,11,23,12,24,10,23,11,24,13,多云,多云,晴,晴,小雨,小雨,小雨,小雨,小雨,阴,阴,晴,晴,晴,多云
华中,湖北省,襄阳市,25,12,25,12,28,13,25,15,23,16,21,12,14,11,14,11,14,10,17,12,19,10,23,11,22,10,23,10,22,11,多云,晴,晴,晴,晴,小雨,小雨,小雨,小雨,多云,晴,晴,晴,晴,阴
华中,湖北省,鄂州市,23,17,22,15,28,14,27,16,24,17,21,18,19,15,18,15,18,14,21,16,22,14,23,14,25,14,22,13,24,13,多云,多云,晴,晴,晴,多云,小雨,小雨,阴,多云,晴,晴,晴,晴,晴
华中,湖北省,荆门市,24,16,25,17,28,16,27,17,22,16,19,13,15,12,15,14,15,11,17,14,20,12,22,13,22,13,24,13,23,12,多云,多云,晴,晴,晴,小雨,小雨,小雨,小雨,多云,晴,晴,晴,晴,多云
华中,湖北省,孝感市,24,16,24,14,28,14,28,14,25,17,22,16,18,13,18,15,19,13,22,14,23,11,24,11,24,11,25,10,24,12,多云,多云,晴,晴,晴,多云,小雨,阴,阴,多云,晴,晴,晴,晴,晴
华中,湖北省,荆州市,22,15,24,15,28,15,28,16,23,17,20,16,17,13,16,14,16,13,19,14,22,11,23,11,24,12,25,11,24,12,多云,多云,晴,晴,小雨,多云,小雨,小雨,小雨,阴,晴,晴,晴,晴,多云
华中,湖北省,黄冈市,24,16,23,14,28,14,27,14,26,17,22,17,19,14,18,15,20,14,23,14,23,11,23,12,24,12,25,11,24,11,多云,多云,晴,晴,晴,多云,小雨,阴,阴,多云,晴,晴,晴,晴,晴
华中,湖北省,咸宁市,26,16,24,15,27,13,28,15,25,16,23,16,20,14,16,14,17,12,22,14,22,11,23,10,23,11,25,11,25,11,多云,多云,晴,晴,晴,多云,小雨,小雨,阴,多云,多云,晴,晴,晴,晴
华中,湖北省,随州市,25,14,25,12,29,11,28,12,24,14,22,13,16,12,15,14,17,13,21,12,22,8,23,9,23,8,24,7,24,12,多云,多云,晴,晴,晴,多云,小雨,小雨,小雨,多云,晴,多云,晴,晴,多云
华中,湖北省,恩施土家族苗族自治州,24,14,25,14,28,15,25,17,18,15,18,14,16,14,16,13,16,15,18,15,22,12,24,11,24,12,23,9,24,14,多云,多云,晴,多云,小雨,小雨,小雨,小雨,阴,小雨,阴,晴,晴,晴,多云
华中,湖北省,仙桃,24,17,22,15,28,14,27,16,24,17,22,17,17,13,17,15,17,13,22,13,23,10,23,11,23,12,24,11,24,11,多云,阵雨,晴,晴,晴,多云,小雨,小雨,小雨,阵雨,晴,晴,晴,晴,晴
华中,湖北省,潜江,22,16,23,15,28,15,28,16,24,16,21,17,17,13,16,14,16,13,20,14,22,11,23,11,24,12,25,11,25,12,多云,阵雨,晴,晴,晴,多云,小雨,小雨,小雨,多云,晴,晴,晴,晴,晴
华中,湖北省,天门,23,16,24,15,28,15,28,16,25,17,21,17,17,13,17,15,17,13,21,14,22,11,23,12,24,12,25,11,24,13,多云,多云,晴,晴,晴,多云,小雨,阴,小雨,多云,晴,晴,晴,晴,晴
华中,湖北省,神农架,23,10,23,9,24,8,23,10,16,12,13,11,12,9,11,9,11,9,13,10,15,7,20,5,20,6,21,8,21,9,多云,晴,晴,多云,晴,小雨,小雨,小雨,小雨,小雨,阴,多云,晴,晴,小雨
华中,湖南省,长沙市,27,15,29,18,29,17,29,17,28,16,28,17,27,15,15,14,19,15,20,16,23,15,23,13,25,12,25,13,22,15,多云,多云,多云,晴,多云,多云,阴,小雨,小雨,小雨,多云,晴,晴,晴,阴
华中,湖南省,株洲市,27,17,29,18,30,17,29,17,28,17,27,18,30,16,17,15,19,15,21,16,23,15,25,14,24,13,25,15,21,16,多云,晴,晴,晴,晴,多云,多云,小雨,小雨,阴,晴,阴,晴,多云,多云
华中,湖南省,湘潭市,28,17,28,19,29,17,30,17,28,16,28,16,28,15,16,14,18,15,20,15,23,14,23,14,25,13,26,13,24,15,多云,晴,晴,晴,晴,晴,阴,小雨,阴,小雨,多云,多云,晴,晴,晴
华中,湖南省,衡阳市,28,18,30,20,30,19,30,20,29,19,28,18,29,16,23,15,19,16,20,17,22,16,21,15,25,16,25,16,21,18,多云,晴,多云,晴,晴,晴,晴,多云,多云,多云,晴,晴,晴,晴,阴
华中,湖南省,邵阳市,26,16,28,18,30,16,30,18,28,16,27,15,28,14,16,14,18,14,17,15,21,13,23,13,25,13,25,13,23,15,多云,晴,晴,晴,晴,多云,多云,小雨,小雨,小雨,多云,晴,晴,晴,多云
华中,湖南省,岳阳市,24,15,24,17,27,18,26,19,26,18,22,18,21,15,17,14,19,16,19,16,21,14,22,14,22,14,24,14,24,14,多云,多云,晴,晴,多云,阴,小雨,小雨,阴,多云,多云,晴,晴,晴,晴
华中,湖南省,常德市,25,17,21,17,27,18,28,18,27,17,23,17,17,14,15,13,18,15,18,15,21,14,23,14,25,15,25,15,25,14,多云,小雨,晴,晴,多云,多云,小雨,小雨,小雨,阴,晴,晴,晴,晴,晴
华中,湖南省,张家界市,25,14,23,14,28,17,28,17,23,16,24,15,19,13,14,13,17,15,18,14,21,13,23,12,24,9,24,12,24,10,多云,阴,晴,晴,多云,多云,小雨,小雨,小雨,小雨,多云,晴,晴,晴,晴
华中,湖南省,益阳市,25,15,23,18,28,19,28,17,28,17,25,15,23,15,16,14,17,15,18,16,21,14,22,13,24,14,24,14,25,14,多云,晴,晴,晴,多云,多云,阴,中雨,小雨,多云,晴,晴,晴,晴,晴
华中,湖南省,郴州市,25,17,29,18,30,17,30,17,28,16,29,15,30,15,21,14,16,14,17,14,17,15,22,13,22,13,22,15,17,14,多云,晴,晴,晴,晴,阴,晴,阴,小雨,阵雨,阴,多云,晴,阴,小雨
华中,湖南省,永州市,27,16,29,19,32,17,30,19,30,17,30,18,31,16,22,15,20,16,18,16,20,16,23,15,25,15,25,17,22,17,多云,晴,晴,晴,晴,晴,多云,阴,多云,阴,阴,多云,多云,晴,小雨
华中,湖南省,怀化市,24,12,26,16,26,15,29,18,29,15,27,15,26,13,15,12,14,13,16,13,20,12,23,11,25,11,25,11,25,12,多云,多云,多云,晴,多云,多云,多云,小雨,小雨,小雨,多云,晴,晴,晴,晴
华中,湖南省,娄底市,26,18,30,18,29,18,30,17,29,15,30,16,29,14,15,13,20,14,20,15,23,14,24,12,24,12,27,13,22,14,多云,多云,晴,晴,晴,晴,多云,小雨,阴,小雨,晴,晴,晴,晴,晴
华中,湖南省,湘西土家族苗族自治州,26,15,21,15,26,16,29,16,24,15,26,16,21,13,15,13,17,14,16,13,18,13,23,10,25,11,25,10,26,11,多云,小雨,晴,晴,多云,阴,小雨,小雨,小雨,小雨,阴,多云,晴,晴,晴
华南,广东省,广州市,27,19,31,19,32,20,34,20,33,18,30,17,30,17,31,18,32,20,31,20,29,19,29,19,26,19,20,18,21,18,多云,晴,晴,晴,晴,晴,晴,晴,晴,晴,晴,晴,阵雨,小到中雨,小到中雨
华南,广东省,韶关市,29,17,32,17,34,16,33,17,31,16,31,17,31,17,32,19,29,18,30,17,27,17,28,21,26,17,23,18,19,16,多云,晴,晴,晴,晴,多云,晴,晴,晴,多云,晴,多云,多云,小雨,小雨
华南,广东省,深圳市,26,22,30,26,31,23,29,24,29,21,28,20,29,20,30,22,30,22,30,22,29,21,27,22,24,18,24,18,23,20,多云,晴,多云,多云,晴,晴,晴,晴,晴,晴,多云,多云,阵雨,大雨,中雨
华南,广东省,珠海市,27,21,29,22,30,23,29,23,27,20,27,21,25,22,27,21,28,22,29,21,29,21,27,24,24,18,23,18,22,18,多云,晴,晴,阵雨,晴,多云,晴,晴,晴,晴,晴,多云,阵雨,中雨,阵雨
华南,广东省,汕头市,27,21,29,20,27,21,28,21,28,20,27,19,27,20,28,21,29,20,30,22,27,22,27,21,25,21,24,20,25,22,晴,晴,多云,阵雨,多云,晴,晴,晴,晴,多云,多云,阵雨,小雨,阵雨,小雨
华南,广东省,佛山市,28,21,31,21,33,22,31,22,32,22,30,21,30,21,30,22,31,22,30,21,28,21,28,20,27,18,21,17,21,19,多云,晴,晴,多云,晴,多云,晴,晴,晴,晴,晴,晴,多云,中雨,小雨
华南,广东省,江门市,28,22,29,20,31,21,31,23,30,22,28,20,30,21,29,21,30,22,30,22,28,22,27,21,26,18,20,17,22,18,晴,晴,晴,多云,晴,多云,晴,晴,晴,晴,晴,晴,多云,中雨,小雨
华南,广东省,湛江市,25,20,27,20,29,22,30,21,28,21,28,21,27,20,27,21,27,20,28,20,28,21,27,19,27,20,26,20,24,19,中雨,多云,多云,晴,晴,晴,晴,晴,晴,晴,晴,多云,多云,多云,多云
华南,广东省,茂名市,27,20,30,20,32,18,32,21,32,20,30,21,30,19,30,19,31,20,31,20,30,19,29,19,26,19,26,19,25,18,阴,多云,晴,多云,多云,晴,晴,晴,晴,晴,晴,多云,多云,阵雨,多云
华南,广东省,肇庆市,29,20,31,19,32,19,32,19,32,21,30,20,30,20,30,20,29,19,29,21,28,20,27,19,26,17,24,17,22,18,多云,多云,晴,多云,晴,多云,晴,晴,晴,晴,多云,多云,阴,阵雨,阵雨
华南,广东省,惠州市,27,20,29,22,32,18,30,20,31,19,29,18,29,19,31,20,30,19,29,21,27,20,26,22,24,18,21,18,21,18,多云,晴,多云,多云,晴,多云,晴,晴,晴,晴,晴,多云,阵雨,中雨,中雨
华南,广东省,梅州市,29,17,31,17,33,18,32,19,32,17,29,15,30,17,31,16,30,17,30,18,31,19,27,20,25,17,23,16,23,19,多云,晴,多云,晴,晴,多云,晴,晴,晴,晴,晴,多云,阵雨,阵雨,阵雨
华南,广东省,汕尾市,28,20,30,21,31,22,30,21,28,18,26,19,28,20,29,20,29,20,30,22,27,21,27,20,25,20,22,19,23,20,多云,晴,多云,阵雨,晴,多云,晴,晴,晴,晴,晴,多云,阵雨,大雨,阵雨
华南,广东省,河源市,30,19,32,19,33,19,33,20,31,19,31,19,30,19,31,19,30,19,30,20,28,19,27,21,24,17,19,18,20,19,多云,多云,晴,晴,晴,晴,晴,晴,晴,晴,晴,多云,阴,阵雨,阵雨
华南,广东省,阳江市,27,22,28,22,30,20,31,22,29,22,27,20,29,21,31,22,29,21,30,21,28,20,29,20,27,18,25,18,24,19,多云,晴,多云,晴,晴,多云,晴,晴,晴,晴,晴,多云,多云,阵雨,阴
华南,广东省,清远市,29,19,32,24,33,21,32,23,32,21,31,20,30,20,31,20,30,20,30,20,28,20,27,20,26,19,24,19,20,18,多云,晴,晴,多云,阵雨,多云,晴,晴,晴,晴,晴,多云,多云,阵雨,阵雨
华南,广东省,东莞,27,21,30,22,32,20,33,22,30,21,29,20,29,21,30,21,31,22,31,22,28,20,28,20,25,17,21,17,21,18,多云,多云,晴,多云,晴,晴,晴,晴,晴,晴,多云,多云,小雨,中雨,小到中雨
华南,广东省,中山,30,23,30,21,31,22,31,23,30,21,29,20,28,20,29,21,30,22,30,22,29,21,28,21,26,18,20,18,22,19,多云,晴,晴,多云,晴,晴,晴,晴,晴,晴,晴,晴,多云,中雨,小到中雨
华南,广东省,潮州市,27,17,29,18,29,22,29,19,28,16,29,14,29,16,30,18,30,20,31,20,29,21,28,18,25,19,25,20,26,19,多云,晴,多云,多云,晴,晴,晴,晴,晴,晴,多云,阴,中雨,阵雨,阵雨
华南,广东省,揭阳市,27,17,30,19,29,21,29,20,28,17,28,17,28,17,29,19,30,17,31,21,31,21,29,20,24,19,23,19,26,20,晴,晴,多云,多云,晴,晴,晴,晴,多云,晴,晴,阴,阵雨,阵雨,多云
华南,广东省,云浮市,29,19,30,20,32,18,32,18,32,20,30,18,28,18,31,19,29,19,29,18,28,16,27,18,26,16,23,17,21,17,多云,晴,晴,多云,晴,多云,晴,晴,晴,晴,晴,多云,多云,小雨,阵雨
华南,广西壮族自治区,南宁市,20,16,29,21,33,23,34,22,34,22,33,22,31,22,31,21,31,20,30,20,30,19,29,19,29,19,29,20,28,20,中雨,多云,晴,晴,晴,多云,多云,多云,多云,晴,晴,晴,晴,晴,多云
华南,广西壮族自治区,柳州市,26,21,30,22,34,24,35,23,34,23,34,23,33,24,31,21,26,19,29,19,29,19,28,19,28,19,29,20,26,21,阴,多云,晴,晴,多云,多云,多云,多云,多云,多云,晴,多云,多云,多云,多云
华南,广西壮族自治区,桂林市,28,21,32,24,32,24,33,23,32,22,32,20,30,22,27,18,22,18,26,19,24,18,27,17,27,17,28,20,24,19,阴,多云,晴,多云,晴,多云,多云,阴,多云,多云,晴,多云,多云,多云,阴
华南,广西壮族自治区,梧州市,26,19,31,20,33,22,33,21,33,21,32,20,31,20,31,20,30,20,29,19,30,19,28,17,27,18,26,19,23,18,多云,多云,晴,晴,晴,晴,晴,晴,晴,晴,晴,阵雨,晴,多云,阴
华南,广西壮族自治区,北海市,21,18,27,20,30,19,31,21,31,21,30,22,29,21,29,20,29,20,29,20,30,20,28,20,27,19,27,20,26,20,小雨,多云,晴,多云,多云,多云,多云,多云,多云,多云,多云,多云,多云,多云,多云
华南,广西壮族自治区,防城港市,20,16,27,21,30,21,31,21,31,23,29,23,29,22,28,21,29,21,29,20,29,20,28,20,27,21,27,20,27,22,中雨,多云,晴,晴,晴,多云,多云,多云,晴,晴,晴,多云,多云,多云,多云
华南,广西壮族自治区,钦州市,19,17,28,19,31,21,32,21,32,22,31,21,31,21,30,21,29,20,29,20,29,20,28,20,28,19,27,20,27,20,小雨,多云,晴,晴,晴,多云,晴,多云,多云,晴,多云,多云,晴,多云,多云
华南,广西壮族自治区,贵港市,24,21,29,21,33,21,34,22,34,22,32,22,32,22,32,21,30,21,29,20,29,20,28,19,27,20,27,19,27,19,阴,多云,晴,晴,晴,晴,晴,晴,晴,晴,晴,阵雨,多云,多云,阴
华南,广西壮族自治区,玉林市,25,19,30,20,32,21,33,20,33,21,32,21,31,21,31,20,31,20,29,19,28,19,28,18,26,19,28,21,28,19,小雨,多云,晴,晴,晴,多云,晴,晴,晴,晴,多云,多云,多云,多云,多云
华南,广西壮族自治区,百色市,21,16,24,19,31,20,32,20,33,19,31,21,31,23,30,22,27,20,29,21,29,18,28,16,26,14,29,14,29,15,小雨,多云,多云,晴,晴,晴,多云,多云,多云,多云,多云,多云,晴,晴,晴
华南,广西壮族自治区,贺州市,26,18,32,19,32,20,33,19,32,19,32,19,32,19,30,19,28,18,28,18,27,17,26,17,26,17,25,17,25,17,多云,晴,晴,晴,晴,晴,多云,晴,晴,晴,晴,多云,多云,阴,小雨
华南,广西壮族自治区,河池市,24,18,28,21,33,23,33,20,33,20,32,21,31,22,29,21,23,18,25,19,28,18,27,18,27,18,29,15,28,16,阴,多云,多云,晴,多云,晴,多云,阴,阴,多云,多云,多云,多云,多云,多云
华南,广西壮族自治区,来宾市,25,18,30,20,33,20,34,20,33,20,32,19,31,21,31,20,28,18,28,18,28,18,28,17,27,17,26,18,27,20,阴,多云,多云,晴,晴,多云,多云,多云,多云,晴,晴,阵雨,多云,多云,多云
华南,广西壮族自治区,崇左市,18,17,25,17,31,21,31,20,31,20,31,21,30,21,31,22,29,20,29,19,29,19,28,17,28,16,28,15,28,18,中雨,多云,多云,多云,晴,多云,多云,多云,多云,多云,晴,多云,多云,多云,晴
华南,海南省,海口市,26,22,28,22,28,20,30,22,27,23,27,22,28,22,27,21,27,21,26,21,27,21,26,21,26,22,26,20,25,22,暴雨,多云,多云,多云,大雨,多云,多云,多云,多云,多云,多云,多云,多云,多云,多云
华南,海南省,三亚市,27,23,26,24,29,22,28,22,27,22,29,23,30,23,29,23,30,22,29,21,30,21,29,21,29,20,29,21,29,22,小雨,暴雨,多云,多云,中雨,雷阵雨,多云,多云,多云,多云,多云,多云,多云,多云,多云
华南,海南省,三沙市,28,25,27,25,29,25,29,25,30,24,30,25,30,26,29,25,29,25,28,25,29,25,28,26,27,24,26,24,27,22,小雨,雷阵雨,阵雨,多云,雷阵雨,雷阵雨,多云,多云,多云,多云,多云,雷阵雨,中雨,多云,晴
华南,海南省,西沙,28,25,27,25,29,25,29,25,30,24,30,25,30,26,29,25,29,25,28,25,29,25,28,26,27,24,26,24,27,22,小雨,雷阵雨,阵雨,多云,雷阵雨,雷阵雨,多云,多云,多云,多云,多云,雷阵雨,中雨,多云,晴
华南,海南省,南沙,31,27,31,27,31,26,31,26,30,26,31,26,31,27,31,26,28,27,30,26,31,25,29,27,31,27,30,27,31,28,多云,多云,雷阵雨,多云,雷阵雨,多云,小雨,雷阵雨,多云,雷阵雨,雷阵雨,雷阵雨,雷阵雨,多云,多云
华南,海南省,中沙,30,27,30,26,30,27,31,26,29,27,30,27,31,28,31,27,29,25,28,26,28,25,28,26,30,27,30,27,31,26,雷阵雨,多云,多云,雷阵雨,雷阵雨,雷阵雨,雷阵雨,多云,雷阵雨,雷阵雨,暴雨,雷阵雨,中雨,多云,多云
华南,海南省,儋州,26,22,27,20,29,19,29,20,26,21,27,22,28,22,29,19,28,19,27,19,27,19,25,20,23,18,25,18,26,20,小雨,小雨,多云,多云,小雨,多云,多云,多云,多云,多云,多云,多云,多云,多云,多云
华南,海南省,五指山,26,22,27,21,28,18,28,19,26,21,27,21,28,21,27,18,28,19,26,18,26,18,24,18,24,18,25,17,28,20,中雨,大雨,多云,多云,中雨,雷阵雨,小雨,多云,多云,多云,多云,多云,多云,多云,多云
华南,海南省,琼海,26,22,27,22,29,21,29,22,26,23,26,23,27,23,27,21,27,22,27,21,27,20,27,20,26,21,25,20,27,21,暴雨,中雨,多云,多云,暴雨,小雨,小雨,多云,多云,多云,多云,多云,多云,多云,多云
华南,海南省,文昌,25,22,28,21,29,20,30,22,26,23,28,23,27,22,28,21,27,21,27,20,27,21,26,20,26,20,26,19,27,20,大暴雨,小雨,多云,多云,中雨,多云,多云,多云,多云,阵雨,多云,多云,多云,多云,多云
华南,海南省,万宁,26,22,26,22,28,21,29,22,25,23,26,23,27,23,28,21,27,21,27,21,27,21,27,21,26,21,26,20,27,21,大雨,大雨,多云,多云,大暴雨,中雨,小雨,多云,多云,多云,多云,多云,多云,多云,多云
华南,海南省,东方,27,23,28,23,29,21,29,22,30,23,30,24,30,23,30,21,29,22,27,22,28,23,27,23,25,21,26,18,27,22,中雨,中雨,多云,多云,小雨,小雨,多云,多云,多云,多云,多云,多云,多云,多云,多云
华南,海南省,定安,26,22,28,20,30,19,30,21,26,23,27,22,27,22,28,20,28,20,26,20,26,21,26,20,26,21,26,20,26,20,暴雨,小雨,多云,多云,中雨,多云,多云,多云,多云,多云,多云,多云,多云,多云,多云
华南,海南省,屯昌,26,21,26,20,30,19,29,20,26,22,26,22,28,21,28,20,28,19,26,19,27,19,26,20,26,20,24,19,27,20,大雨,小雨,阵雨,多云,大雨,小雨,多云,多云,多云,多云,多云,多云,多云,多云,多云
华南,海南省,澄迈,26,22,28,18,30,18,30,20,27,21,28,22,28,21,30,19,29,18,27,19,27,20,26,20,26,20,26,19,26,20,暴雨,多云,多云,多云,小雨,多云,多云,多云,多云,多云,多云,多云,多云,多云,多云
华南,海南省,临高,26,21,28,20,29,18,30,19,28,22,28,22,28,21,28,19,28,19,27,19,27,21,26,21,25,22,26,20,27,21,暴雨,多云,多云,多云,小雨,多云,多云,多云,多云,多云,多云,多云,多云,多云,多云
华南,海南省,白沙,28,22,26,20,29,18,29,19,25,21,27,22,28,21,28,18,28,19,25,18,26,19,24,18,23,19,25,16,26,20,小雨,小雨,多云,多云,中雨,多云,多云,多云,多云,多云,多云,多云,多云,多云,多云
华南,海南省,昌江,30,23,28,22,31,19,30,21,29,22,29,23,30,22,30,20,30,20,27,19,28,20,26,18,25,18,26,16,27,20,小雨,小雨,多云,多云,小雨,多云,多云,多云,多云,多云,多云,多云,多云,多云,多云
华南,海南省,乐东,29,23,28,22,29,19,30,20,27,21,30,22,30,21,32,19,30,19,28,19,28,19,27,19,26,18,28,18,28,21,小雨,大雨,多云,多云,中雨,雷阵雨,小雨,多云,多云,多云,多云,多云,多云,多云,多云
华南,海南省,陵水,27,23,26,24,29,22,29,22,27,23,27,24,28,23,29,23,29,22,28,22,29,21,28,22,28,21,29,21,27,22,中雨,暴雨,多云,多云,暴雨,中雨,小雨,多云,多云,多云,多云,多云,多云,多云,多云
华南,海南省,保亭,27,23,27,23,30,21,30,21,28,23,28,24,30,22,30,21,30,20,28,21,29,21,28,20,27,20,29,19,29,22,中雨,暴雨,多云,多云,大雨,大雨,小雨,多云,多云,多云,多云,多云,多云,多云,多云
华南,海南省,琼中,26,21,25,20,29,19,29,20,24,21,25,22,27,21,28,19,26,19,25,18,26,19,24,19,24,19,25,18,26,20,雷阵雨,大雨,多云,多云,暴雨,中雨,小雨,多云,多云,多云,多云,多云,多云,多云,多云
西南,重庆市,重庆市,27,16,28,18,28,20,25,19,23,19,21,17,20,17,18,17,19,17,19,15,21,15,23,14,25,14,25,16,23,17,晴,晴,晴,阴,阴,阴,小雨,小雨,多云,小雨,多云,多云,多云,晴,多云
西南,重庆市,万州,25,14,25,16,27,17,24,18,19,16,17,14,17,15,17,15,17,15,18,15,21,15,20,13,24,12,23,13,22,15,晴,晴,晴,阴,小雨,小雨,小雨,小雨,多云,多云,阴,阵雨,多云,晴,多云
西南,重庆市,涪陵,26,14,27,15,26,18,23,18,23,17,20,15,19,16,17,15,18,14,18,15,20,14,21,13,25,11,24,13,23,15,晴,晴,晴,阴,阴,阴,小雨,小雨,阴,小雨,阴,多云,多云,晴,多云
西南,重庆市,渝中,27,16,28,18,28,20,25,19,23,19,21,17,20,17,18,17,19,17,19,15,21,15,23,14,25,14,25,16,23,17,晴,晴,晴,阴,阴,阴,小雨,小雨,多云,小雨,多云,多云,多云,晴,多云
西南,重庆市,大渡口,27,16,28,18,28,20,25,19,23,19,21,17,20,17,18,17,19,17,19,15,21,15,23,14,25,14,25,16,23,17,晴,晴,晴,阴,阴,阴,小雨,小雨,多云,小雨,多云,多云,多云,晴,多云
西南,重庆市,江北,27,16,28,18,28,20,25,19,23,19,21,17,20,17,18,17,19,17,19,15,21,15,23,14,25,14,25,16,23,17,晴,晴,晴,阴,阴,阴,小雨,小雨,多云,小雨,多云,多云,多云,晴,多云
西南,重庆市,沙坪坝,27,16,28,18,28,20,25,19,23,19,21,17,20,17,18,17,19,17,19,15,21,15,23,14,25,14,25,16,23,17,晴,晴,晴,阴,阴,阴,小雨,小雨,多云,小雨,多云,多云,多云,晴,多云
西南,重庆市,九龙坡,27,16,28,18,28,20,25,19,23,19,21,17,20,17,18,17,19,17,19,15,21,15,23,14,25,14,25,16,23,17,晴,晴,晴,阴,阴,阴,小雨,小雨,多云,小雨,多云,多云,多云,晴,多云
西南,重庆市,南岸,27,16,28,18,28,20,25,19,23,19,21,17,20,17,18,17,19,17,19,15,21,15,23,14,25,14,25,16,23,17,晴,晴,晴,阴,阴,阴,小雨,小雨,多云,小雨,多云,多云,多云,晴,多云
西南,重庆市,北碚,27,16,28,17,28,18,26,19,24,18,21,15,19,16,18,16,19,16,19,15,21,15,23,13,25,13,25,16,22,16,晴,晴,晴,阴,阴,阴,小雨,小雨,阴,阴,多云,多云,多云,晴,多云
西南,重庆市,綦江,27,15,26,16,25,17,23,18,24,17,25,15,18,15,17,15,21,15,21,15,19,14,20,12,23,11,24,12,23,14,晴,晴,晴,阴,阴,多云,小雨,小雨,多云,多云,阴,多云,多云,晴,多云
西南,重庆市,大足,25,16,25,16,26,19,24,19,22,17,17,14,17,14,17,15,17,15,17,14,19,13,20,13,23,13,23,16,20,15,晴,晴,晴,阴,阴,阴,小雨,小雨,阴,小雨,多云,多云,多云,晴,多云
西南,重庆市,渝北,26,16,26,16,25,18,23,19,23,17,20,15,18,15,17,15,18,15,18,15,20,14,21,13,24,12,24,16,22,15,晴,晴,晴,阴,阴,阴,小雨,小雨,多云,多云,多云,多云,多云,晴,多云
西南,重庆市,巴南,26,15,25,16,25,18,22,18,22,18,20,15,18,15,17,15,17,15,17,14,19,14,20,13,23,12,24,14,22,15,晴,晴,多云,阴,阴,阴,阴,小雨,多云,多云,阴,多云,多云,晴,多云
西南,重庆市,黔江,24,13,24,15,28,16,26,15,24,16,24,15,19,16,16,13,18,14,18,15,20,13,23,12,24,10,23,10,23,11,多云,晴,多云,阴,阴,多云,阴,小雨,阴,阴,阴,多云,多云,晴,晴
西南,重庆市,长寿,26,15,27,16,26,18,24,19,23,17,20,15,19,16,18,16,18,15,18,15,20,15,22,13,24,12,25,14,23,16,晴,晴,晴,阴,阴,阴,小雨,小雨,阴,小雨,阴,多云,多云,晴,多云
西南,重庆市,江津,28,15,27,17,28,19,23,19,25,19,23,17,20,18,18,16,20,16,20,17,21,15,23,14,25,14,26,17,24,15,晴,晴,多云,阴,阴,阴,阴,小雨,多云,小雨,阴,多云,多云,晴,多云
西南,重庆市,合川,26,16,26,16,26,18,25,18,22,18,19,15,17,15,17,16,18,16,18,15,18,14,22,13,24,14,24,15,20,16,晴,晴,晴,阴,阴,阴,小雨,小雨,阴,阴,多云,多云,多云,晴,多云
西南,重庆市,永川,26,15,27,17,27,19,23,19,24,19,20,16,19,17,18,16,19,16,19,16,20,15,22,14,24,13,24,16,23,16,晴,晴,多云,阴,阴,阴,阴,小雨,多云,多云,多云,多云,多云,晴,多云
西南,重庆市,南川,26,14,26,15,26,18,24,19,25,17,26,16,19,13,16,14,20,15,20,15,18,14,21,13,23,12,24,12,23,14,晴,晴,晴,阴,阴,多云,阴,小雨,多云,多云,小雨,多云,多云,晴,多云
西南,重庆市,璧山,27,16,27,17,27,19,24,19,24,19,21,16,19,17,17,16,19,16,19,16,21,14,22,13,25,13,25,16,23,16,晴,晴,晴,阴,阴,阴,小雨,小雨,阴,阴,多云,多云,多云,晴,多云
西南,重庆市,铜梁,26,15,26,16,26,18,26,19,23,18,19,15,18,15,18,16,19,16,19,15,19,14,22,13,24,13,25,16,20,16,晴,晴,晴,阴,阴,阴,小雨,小雨,阴,阴,多云,阵雨,多云,晴,多云
西南,重庆市,潼南,26,15,27,15,28,17,26,18,21,17,19,15,18,15,18,16,18,15,18,15,20,14,23,12,25,13,25,15,21,15,晴,晴,晴,阴,小雨,小雨,小雨,小雨,阴,阵雨,多云,多云,多云,晴,多云
西南,重庆市,荣昌,26,14,27,16,28,18,25,19,24,18,19,16,19,16,18,16,19,16,19,16,20,14,22,13,24,14,24,16,22,16,晴,晴,晴,阴,阴,阴,阴,小雨,多云,多云,多云,多云,阵雨,晴,多云
西南,重庆市,开州,26,14,26,15,27,16,23,17,17,15,17,14,17,15,17,14,17,14,18,15,21,13,22,12,23,11,23,12,18,14,晴,晴,晴,阴,小雨,小雨,小雨,小雨,小雨,小雨,多云,多云,多云,晴,多云
西南,重庆市,梁平,26,12,26,14,27,17,24,17,17,15,17,12,17,14,16,13,16,14,16,14,20,12,21,11,24,11,24,11,21,13,晴,晴,晴,小雨,小雨,小雨,阴,小雨,多云,多云,多云,多云,阵雨,晴,多云
西南,重庆市,武隆,26,13,28,16,29,18,24,18,25,17,22,16,21,16,17,14,18,15,18,15,21,15,23,14,24,11,25,12,23,13,多云,晴,多云,阴,阴,多云,阴,小雨,阴,小雨,阴,多云,多云,晴,多云
西南,重庆市,城口,25,11,24,10,25,11,23,13,17,13,14,12,15,12,14,11,13,10,13,11,17,9,19,8,21,8,22,8,18,9,晴,晴,晴,阴,小雨,小雨,小雨,小雨,小雨,小雨,多云,多云,多云,晴,多云
西南,重庆市,丰都,27,14,27,15,27,17,23,17,23,17,21,14,18,15,17,15,19,15,19,15,20,15,21,13,24,11,24,12,22,14,晴,晴,晴,阴,阴,多云,小雨,小雨,多云,小雨,阴,多云,多云,晴,多云
西南,重庆市,垫江,26,11,26,13,27,17,23,17,19,15,18,13,18,15,16,14,18,14,18,14,20,12,22,11,24,11,24,12,22,14,晴,晴,晴,小雨,小雨,小雨,阴,小雨,多云,阵雨,多云,多云,多云,晴,多云
西南,重庆市,忠县,26,13,26,15,27,17,23,18,19,17,18,14,18,16,17,15,17,15,17,15,21,15,22,13,24,12,23,12,22,15,晴,晴,晴,小雨,小雨,小雨,小雨,小雨,多云,多云,阴,多云,多云,晴,多云
西南,重庆市,云阳,27,14,28,15,29,17,27,18,20,16,18,15,19,16,18,15,19,15,19,16,23,15,23,13,25,12,25,12,21,15,晴,晴,晴,阴,小雨,小雨,小雨,小雨,多云,多云,阴,多云,多云,晴,多云
西南,重庆市,奉节,27,15,28,16,30,17,27,19,22,16,18,15,18,15,18,15,18,15,19,16,23,15,23,14,25,13,25,13,23,14,晴,晴,晴,阴,小雨,小雨,小雨,小雨,阴,小雨,小雨,多云,多云,晴,多云
西南,重庆市,巫山,25,14,26,14,28,15,24,18,19,14,15,12,15,12,15,12,16,12,16,14,21,12,22,12,22,11,23,11,21,12,多云,晴,晴,阴,小雨,小雨,小雨,小雨,阴,阴,阴,多云,多云,晴,多云
西南,重庆市,巫溪,26,13,27,14,29,14,26,16,21,15,17,14,18,14,17,14,18,14,18,14,23,12,24,11,25,11,25,11,22,12,晴,晴,晴,阴,小雨,小雨,小雨,小雨,多云,多云,多云,多云,多云,晴,多云
西南,重庆市,石柱,26,10,27,12,27,15,25,16,24,16,22,13,20,15,17,14,19,14,19,14,20,13,21,11,24,9,25,9,23,12,晴,晴,晴,阴,阴,多云,阴,小雨,多云,多云,阴,多云,多云,晴,多云
西南,重庆市,秀山,24,12,23,14,25,16,26,15,24,14,24,14,20,13,13,11,15,12,15,13,17,10,19,10,21,9,20,9,21,10,多云,多云,晴,多云,阴,阴,阴,小雨,小雨,小雨,阵雨,多云,多云,晴,晴
西南,重庆市,酉阳,21,11,22,14,25,15,24,14,22,14,21,14,17,12,13,10,14,11,14,12,17,11,19,10,20,9,20,9,20,10,多云,多云,晴,多云,阴,多云,阴,小雨,阴,阵雨,阴,多云,多云,晴,晴
西南,重庆市,彭水,28,13,28,16,31,19,27,18,26,18,25,17,22,17,18,14,19,16,19,16,21,16,25,15,27,12,26,12,25,13,多云,晴,晴,阴,阴,多云,阴,小雨,阴,阴,阴,多云,多云,晴,多云
西南,四川省,成都市,24,14,25,17,27,17,26,19,19,15,17,14,20,15,17,13,16,13,16,13,20,15,22,14,21,16,20,16,20,14,晴,晴,晴,阴,中雨,小雨,多云,小雨,小雨,小雨,多云,多云,多云,小雨,阴
西南,四川省,自贡市,26,15,26,17,28,18,26,19,22,16,19,16,20,16,19,15,18,15,18,15,21,15,22,14,24,15,24,18,21,15,晴,晴,晴,阴,小雨,小雨,阴,小雨,小雨,阴,阵雨,多云,多云,多云,阴
西南,四川省,攀枝花市,27,16,28,15,27,17,27,11,26,17,25,12,26,10,27,16,28,15,28,15,27,9,17,12,27,13,28,12,26,9,晴,小雨,小雨,小雨,小雨,小雨,小雨,小雨,晴,晴,小雨,晴,晴,晴,晴
西南,四川省,泸州市,27,14,27,17,28,17,27,18,25,17,20,15,20,16,19,16,20,15,19,15,21,16,21,14,26,15,25,17,21,15,晴,晴,多云,阴,阴,小雨,小雨,小雨,小雨,小雨,多云,小雨,多云,多云,阴
西南,四川省,德阳市,23,13,23,14,26,15,25,17,18,14,17,14,21,15,18,13,15,13,15,12,20,14,23,13,21,15,20,15,20,13,晴,晴,晴,阴,小雨,小雨,多云,小雨,小雨,阵雨,多云,晴,多云,小雨,阴
西南,四川省,绵阳市,22,14,25,15,26,16,26,17,20,14,17,14,21,14,18,13,15,13,15,13,20,13,23,14,21,15,20,15,20,13,晴,晴,晴,阴,小雨,小雨,多云,小雨,小雨,小雨,多云,晴,小雨,小雨,阴
西南,四川省,广元市,24,11,25,12,27,13,26,14,18,14,16,14,21,12,18,11,15,11,14,9,19,10,23,11,21,13,20,12,17,12,晴,晴,晴,阴,小雨,小雨,阴,小雨,小雨,小雨,晴,晴,多云,阴,阴
西南,四川省,遂宁市,25,14,25,16,28,16,26,18,21,15,17,15,19,15,17,14,17,14,16,13,21,15,23,13,24,14,23,15,21,14,晴,晴,晴,多云,小雨,小雨,小雨,小雨,小雨,小雨,小雨,晴,多云,多云,阴
西南,四川省,内江市,26,14,26,17,28,16,26,19,22,16,18,16,19,16,18,15,19,15,17,15,21,13,23,12,25,14,24,15,22,15,晴,晴,多云,多云,小雨,小雨,阴,小雨,小雨,阴,阴,多云,多云,多云,阴
西南,四川省,乐山市,26,15,26,19,29,19,26,18,21,16,18,15,19,16,18,14,18,14,16,14,21,15,22,14,23,16,21,16,19,14,晴,晴,晴,阴,小雨,小雨,阴,小雨,小雨,小雨,多云,多云,多云,多云,小雨
西南,四川省,南充市,27,14,25,15,28,16,25,17,21,15,17,14,18,15,17,14,17,14,16,13,21,14,23,13,24,14,24,15,21,15,晴,晴,晴,阴,小雨,小雨,小雨,小雨,小雨,小雨,多云,晴,多云,多云,阴
西南,四川省,眉山市,25,14,25,19,28,19,26,18,20,15,18,14,20,15,17,13,16,13,16,14,20,15,22,14,22,15,21,15,19,14,晴,晴,晴,阴,小雨,小雨,阵雨,小雨,小雨,小雨,阵雨,多云,多云,小雨,阴
西南,四川省,宜宾市,26,15,25,19,28,18,26,19,21,16,19,15,21,15,20,14,19,15,17,15,21,15,22,14,23,15,23,16,21,14,晴,晴,多云,多云,小雨,小雨,小雨,小雨,小雨,阴,小雨,多云,多云,多云,阴
西南,四川省,广安市,26,13,25,17,27,16,24,17,20,15,17,14,17,15,16,14,17,15,16,14,20,14,23,13,24,13,25,14,22,15,晴,晴,多云,阴,小雨,小雨,小雨,小雨,阴,小雨,多云,晴,多云,晴,阴
西南,四川省,达州市,26,14,27,14,27,17,25,15,19,15,17,14,17,15,17,14,17,14,17,14,21,13,24,13,24,13,25,14,23,15,晴,晴,晴,小雨,小雨,小雨,小雨,小雨,小雨,小雨,多云,晴,晴,晴,阴
西南,四川省,雅安市,23,16,24,17,27,18,25,17,19,15,15,13,18,14,17,13,16,13,16,13,20,14,21,14,20,14,19,15,17,13,多云,多云,晴,阵雨,小雨,小雨,阵雨,小雨,小雨,小雨,多云,小雨,小雨,小雨,小雨
西南,四川省,巴中市,24,14,26,17,27,15,24,15,18,14,15,14,18,13,16,12,15,12,15,11,20,12,22,12,22,12,22,14,20,13,晴,多云,晴,阴,小雨,小雨,多云,小雨,小雨,小雨,多云,晴,多云,阴,阴
西南,四川省,资阳市,26,13,27,18,29,16,27,18,21,15,18,15,20,15,18,14,17,14,16,14,20,13,23,14,23,14,22,16,20,14,晴,晴,晴,多云,小雨,小雨,阴,小雨,小雨,阴,小雨,多云,多云,多云,阴
西南,四川省,阿坝藏族羌族自治州,16,1,14,-2,15,1,16,4,14,3,8,3,9,2,11,1,13,1,11,-1,13,-5,13,-3,17,-2,15,-1,10,-3,多云,小雨,多云,多云,小雨,小雨,小雨,小雨,晴,多云,晴,晴,晴,多云,小雨
西南,四川省,甘孜藏族自治州,14,0,15,-1,17,0,16,1,12,2,7,1,9,0,10,0,11,1,10,-1,11,-4,14,-2,15,-1,16,-1,14,-3,多云,晴,晴,多云,小雨,小雨,小雨,多云,晴,多云,晴,晴,晴,晴,晴
西南,四川省,凉山彝族自治州,26,14,26,12,25,15,24,15,23,16,21,16,23,16,23,14,25,12,25,12,23,13,23,12,25,13,25,12,22,12,晴,晴,小雨,小雨,小雨,小雨,小雨,小雨,晴,晴,晴,小雨,多云,多云,多云
西南,贵州省,贵阳市,23,13,20,12,21,15,23,14,24,14,24,14,22,13,13,9,13,9,15,10,14,10,17,11,20,7,22,8,22,9,阵雨,小雨,阵雨,多云,多云,多云,阴,小雨,小雨,小雨,阵雨,阵雨,多云,晴,晴
西南,贵州省,六盘水市,20,9,19,12,19,13,19,12,21,13,22,13,23,10,12,10,13,10,13,10,14,9,16,5,17,6,20,8,17,9,多云,阵雨,阵雨,阵雨,多云,多云,阵雨,小雨,小雨,小雨,小雨,多云,多云,多云,多云
西南,贵州省,遵义市,23,14,25,15,25,16,25,16,25,15,26,17,21,13,14,10,14,10,13,11,16,11,21,10,21,9,21,8,22,10,多云,多云,多云,多云,多云,多云,小雨,小雨,小雨,小雨,阴,多云,多云,晴,晴
西南,贵州省,安顺市,20,11,20,13,19,14,21,13,23,14,22,15,22,12,14,10,13,10,15,10,14,11,16,9,18,5,20,8,20,10,多云,阵雨,阵雨,多云,多云,多云,多云,小雨,小雨,小雨,阴,阴,多云,晴,多云
西南,贵州省,毕节市,22,9,21,13,19,13,20,12,21,13,22,12,17,10,14,10,16,10,14,10,14,10,16,8,18,5,22,9,17,10,多云,多云,多云,阴,阴,多云,小雨,小雨,小雨,阴,阵雨,小雨,多云,多云,阴
西南,贵州省,铜仁市,26,15,25,16,27,17,28,16,26,16,28,16,26,14,15,11,15,13,16,14,20,13,23,11,23,11,24,11,24,12,多云,小雨,多云,多云,多云,多云,阴,中雨,小雨,小雨,阴,多云,晴,多云,多云
西南,贵州省,黔西南布依族苗族自治州,18,12,23,15,22,17,23,15,23,16,24,16,26,16,21,14,16,13,18,14,17,12,21,10,19,9,22,9,22,11,阴,阴,阴,多云,多云,多云,多云,小雨,小雨,小雨,小雨,多云,多云,晴,晴
西南,贵州省,黔东南苗族侗族自治州,25,13,23,16,26,16,27,14,27,15,28,18,24,13,14,11,14,11,16,12,18,11,20,10,23,7,23,8,24,9,阵雨,阵雨,多云,晴,晴,晴,阴,小雨,小雨,阴,阵雨,多云,晴,晴,晴
西南,贵州省,黔南布依族苗族自治州,23,14,22,15,24,15,25,14,27,14,26,15,26,13,13,9,12,10,16,12,16,10,19,10,20,8,22,8,23,8,多云,小雨,小雨,晴,晴,多云,多云,小雨,小雨,阴,阴,小雨,多云,晴,晴
西南,云南省,昆明市,21,9,21,12,20,12,19,14,22,14,21,14,20,14,20,14,20,14,22,14,21,12,20,10,20,10,21,8,22,9,晴,晴,阵雨,小雨,小雨,小雨,小雨,小雨,小雨,小雨,小雨,多云,晴,晴,晴
西南,云南省,曲靖市,22,11,20,12,20,15,19,13,22,14,22,13,23,14,21,13,17,13,19,12,16,9,16,6,17,7,19,7,17,8,多云,阵雨,小雨,小雨,多云,小雨,多云,小雨,小雨,小雨,小雨,多云,晴,晴,多云
西南,云南省,玉溪市,24,11,23,13,22,14,22,14,24,14,22,14,23,14,20,14,22,14,21,14,20,13,17,7,18,8,21,8,21,9,多云,多云,小雨,小雨,小雨,小雨,多云,中雨,小雨,小雨,小雨,多云,多云,晴,多云
西南,云南省,保山市,24,12,26,14,21,14,21,13,24,15,18,14,21,13,23,12,25,12,20,12,20,10,20,9,19,7,19,6,19,7,晴,晴,小雨,小雨,阵雨,小雨,中雨,多云,晴,小雨,晴,晴,多云,晴,晴
西南,云南省,昭通市,23,9,20,10,17,11,17,11,22,12,21,12,19,10,14,9,17,10,17,9,14,9,13,7,18,7,20,8,12,9,晴,小雨,小雨,小雨,小雨,小雨,阵雨,小雨,小雨,小雨,小雨,阵雨,晴,晴,小雨
西南,云南省,丽江市,19,7,21,6,18,9,17,10,18,8,16,11,18,6,20,6,20,6,18,7,17,5,15,5,17,4,18,3,18,3,阵雨,阵雨,小雨,小雨,小雨,小雨,多云,晴,晴,晴,晴,阵雨,晴,晴,晴
西南,云南省,普洱市,22,13,20,15,24,14,23,17,24,16,22,16,23,15,23,17,22,15,22,15,23,15,21,13,22,13,22,12,23,13,晴,多云,小雨,小雨,小雨,小雨,多云,小雨,小雨,小雨,小雨,阵雨,多云,多云,多云
西南,云南省,临沧市,25,11,23,14,21,14,20,14,21,16,20,16,21,17,22,16,25,15,19,12,20,14,20,11,18,11,20,9,20,8,晴,晴,小雨,小雨,小雨,小雨,中雨,小雨,小雨,小雨,小雨,小雨,多云,晴,晴
西南,云南省,楚雄彝族自治州,23,10,23,13,22,13,21,14,22,16,21,15,20,16,22,14,24,14,21,12,22,12,18,10,20,10,22,10,21,11,晴,多云,小雨,小雨,小雨,多云,小雨,小雨,多云,小雨,小雨,阵雨,多云,晴,晴
西南,云南省,红河哈尼族彝族自治州,28,16,26,17,28,18,28,17,28,17,26,16,27,18,28,18,26,19,27,18,27,18,24,13,25,14,27,16,25,15,多云,多云,阵雨,小雨,阵雨,多云,多云,阵雨,多云,阵雨,小雨,阵雨,多云,晴,多云
西南,云南省,文山壮族苗族自治州,20,14,22,16,21,16,22,14,23,14,21,15,24,16,25,16,23,15,22,15,19,14,18,10,20,9,22,9,20,9,小雨,小雨,小雨,小雨,阵雨,多云,多云,小雨,多云,小雨,小雨,多云,多云,晴,多云
西南,云南省,西双版纳傣族自治州,31,15,29,21,28,19,28,21,30,20,29,20,30,21,30,20,29,20,28,18,28,19,28,18,27,16,28,14,27,18,晴,多云,小雨,阵雨,晴,小雨,晴,多云,小雨,多云,晴,小雨,多云,多云,多云
西南,云南省,大理白族自治州,24,12,23,11,19,12,19,11,21,13,21,13,20,11,23,10,24,11,19,11,18,9,17,8,18,6,18,7,18,9,晴,多云,小雨,小雨,小雨,小雨,小雨,多云,晴,多云,晴,多云,多云,晴,晴
西南,云南省,德宏傣族景颇族自治州,30,17,31,20,25,19,25,19,28,19,26,19,25,19,29,18,29,17,22,16,24,16,24,16,24,14,22,13,22,13,晴,多云,小雨,小雨,阵雨,小雨,中雨,多云,多云,小雨,阵雨,晴,晴,晴,晴
西南,云南省,怒江傈僳族自治州,25,17,26,18,22,13,22,13,25,17,19,17,25,17,25,17,28,15,21,15,20,15,20,14,20,14,19,13,20,13,小雨,小雨,小雨,小雨,小雨,中雨,小雨,多云,晴,晴,晴,晴,晴,晴,晴
西南,云南省,迪庆藏族自治州,13,-2,13,-4,13,1,11,2,10,3,9,1,15,4,14,-1,14,-4,10,0,10,-6,10,-7,10,-5,11,-5,11,-2,小雨,晴,多云,小雨,阵雨,中雨,小雨,多云,晴,晴,晴,小雨,多云,晴,多云
西南,西藏自治区,拉萨市,17,1,17,1,17,1,18,0,16,1,13,1,14,0,16,0,17,1,16,0,14,1,16,1,16,2,17,1,13,-1,多云,晴,晴,晴,多云,小雨,多云,多云,多云,多云,晴,晴,晴,晴,阵雨
西南,西藏自治区,日喀则市,13,-1,15,-4,14,-2,13,-3,13,-3,15,-3,15,-2,15,-2,15,-6,13,-4,14,-6,16,-6,15,-7,15,-9,9,-6,晴,多云,晴,晴,晴,多云,多云,晴,多云,晴,晴,晴,晴,晴,晴
西南,西藏自治区,昌都市,13,0,16,0,17,0,16,2,14,5,6,1,8,1,10,1,15,1,10,1,11,-2,12,-4,15,-1,13,-2,12,-5,多云,多云,晴,晴,小雨,中雪,多云,多云,多云,阴,晴,晴,晴,晴,多云
西南,西藏自治区,林芝市,15,1,16,1,17,2,16,5,14,7,13,1,14,3,13,5,13,6,14,-1,16,-1,16,1,14,0,19,1,18,2,多云,多云,多云,多云,小雨,中雨,小雨,小雨,阵雨,多云,多云,晴,多云,晴,多云
西南,西藏自治区,山南市,17,0,18,0,19,0,18,0,16,1,12,-2,16,-1,16,-1,17,0,14,1,14,2,16,0,16,0,12,1,14,0,多云,晴,晴,晴,小雨,小雨,多云,多云,多云,多云,晴,晴,晴,晴,多云
西南,西藏自治区,那曲市,4,-3,5,-4,6,-4,5,-4,3,-4,2,-1,5,-6,1,-8,5,-11,0,-6,1,-8,4,-6,6,-7,5,-8,4,-7,小雪,雨夹雪,多云,多云,多云,小雨,雨夹雪,多云,雨夹雪,晴,多云,多云,晴,多云,多云
西南,西藏自治区,阿里地区,4,-6,5,-8,6,-8,7,-8,6,-8,5,-8,6,-9,6,-9,3,-7,6,-9,6,-9,5,-10,4,-11,5,-10,5,-10,多云,阴,雨夹雪,多云,晴,晴,晴,晴,晴,晴,晴,多云,多云,多云,晴
西北,陕西省,西安市,20,10,21,11,21,10,21,11,20,14,18,15,17,12,18,13,16,11,17,9,18,8,19,7,23,10,18,12,17,10,晴,晴,阴,阴,阴,小雨,小雨,阴,阴,阴,多云,晴,晴,小雨,阴
西北,陕西省,铜川市,18,8,20,10,20,7,21,10,19,12,18,11,17,9,16,10,12,9,15,10,17,8,17,7,18,7,17,8,15,7,晴,晴,多云,多云,阴,小雨,阴,阴,小雨,阴,多云,晴,晴,小雨,阴
西北,陕西省,宝鸡市,18,10,22,11,21,10,19,12,16,12,16,12,17,12,14,9,12,10,11,7,18,8,20,7,19,9,15,9,13,8,晴,晴,阴,阴,阴,小雨,小雨,阴,阵雨,小雨,多云,晴,多云,小雨,小雨
西北,陕西省,咸阳市,19,8,21,9,21,7,21,11,20,13,18,13,17,11,17,10,14,10,16,10,18,7,19,7,21,9,18,11,16,9,晴,晴,阴,阴,阴,小雨,小雨,阴,阴,阴,小雨,晴,晴,小雨,阴
西北,陕西省,渭南市,19,8,21,10,21,10,21,10,20,12,19,13,17,11,17,10,13,9,17,11,18,9,18,7,22,9,19,11,15,9,晴,晴,多云,阴,阴,小雨,小雨,阴,小雨,阴,小雨,晴,晴,小雨,阴
西北,陕西省,延安市,19,6,22,3,19,3,19,4,21,9,19,9,19,6,17,3,11,6,14,6,18,2,14,2,19,5,17,-2,12,0,多云,多云,多云,多云,小雨,阴,阴,多云,小雨,阴,多云,晴,晴,小雨,阴
西北,陕西省,汉中市,21,11,22,13,24,13,22,16,18,15,15,13,19,13,18,13,13,12,13,12,17,10,19,9,20,10,16,11,14,12,多云,晴,晴,阴,小雨,小雨,阵雨,阴,小雨,小雨,多云,晴,多云,阴,小雨
西北,陕西省,榆林市,18,5,20,2,17,1,17,5,20,10,18,10,19,8,18,5,12,7,14,4,16,-2,10,2,16,5,13,0,10,0,多云,多云,晴,晴,多云,阴,多云,晴,小雨,阵雨,多云,晴,多云,小雨,多云
西北,陕西省,安康市,23,10,24,12,27,13,27,17,21,14,17,14,18,12,19,13,17,13,18,14,20,10,21,9,24,10,22,14,16,12,晴,晴,晴,多云,小雨,小雨,小雨,小雨,阴,阴,多云,多云,晴,小雨,小雨
西北,陕西省,商洛市,19,8,24,9,24,9,23,12,18,10,16,10,15,10,16,10,11,9,10,9,17,6,19,7,19,6,20,9,15,9,多云,晴,晴,多云,阴,小雨,小雨,阴,小雨,小雨,多云,晴,晴,小雨,小雨
西北,甘肃省,兰州市,21,7,19,5,19,5,21,7,21,8,20,8,18,9,13,8,18,8,15,5,16,1,19,3,20,5,13,3,16,4,多云,多云,多云,多云,晴,多云,多云,小雨,多云,小雨,多云,晴,晴,多云,多云
西北,甘肃省,嘉峪关,18,2,15,3,17,4,17,5,19,2,16,1,12,0,13,2,16,2,15,-2,11,0,14,0,13,1,12,-1,13,-3,晴,晴,晴,晴,晴,晴,晴,晴,多云,晴,晴,晴,多云,晴,晴
西北,甘肃省,金昌市,21,2,16,1,18,1,19,3,17,2,17,2,18,3,13,4,15,2,17,0,16,-3,15,-2,15,0,14,-1,14,-2,多云,晴,晴,晴,晴,晴,晴,晴,晴,晴,晴,晴,晴,晴,晴
西北,甘肃省,白银市,18,5,15,5,17,5,17,5,18,7,19,7,17,7,11,7,14,5,13,2,15,0,15,2,15,3,11,1,11,1,阴,晴,多云,多云,多云,阴,多云,小雨,多云,多云,晴,晴,晴,多云,晴
西北,甘肃省,天水市,19,8,23,7,23,8,21,10,17,10,17,9,20,10,13,8,14,9,12,5,17,6,19,7,16,10,13,6,12,4,多云,晴,多云,多云,多云,阵雨,多云,小雨,阴,小雨,晴,多云,多云,阵雨,多云
西北,甘肃省,武威市,20,6,14,4,17,4,19,5,18,4,19,5,18,5,17,6,15,3,17,3,12,-1,17,1,15,1,13,2,14,1,多云,多云,晴,晴,多云,多云,晴,小雨,多云,多云,多云,晴,晴,晴,晴
西北,甘肃省,张掖市,20,2,17,2,18,1,19,2,18,0,19,-1,18,0,14,-2,15,0,19,-1,12,-4,19,-1,15,-3,13,-3,15,-3,多云,晴,晴,晴,晴,晴,晴,多云,多云,多云,多云,晴,多云,晴,晴
西北,甘肃省,平凉市,17,5,20,8,19,5,16,6,14,9,16,8,16,7,9,5,11,5,12,3,17,3,18,3,17,6,11,1,14,1,晴,晴,多云,多云,小雨,多云,多云,小雨,阵雨,小雨,晴,晴,多云,多云,晴
西北,甘肃省,酒泉市,20,2,15,0,17,2,17,3,18,2,16,0,13,0,12,2,14,1,15,0,12,0,14,-2,10,0,11,-1,14,-3,晴,晴,晴,晴,晴,晴,晴,晴,多云,晴,多云,晴,多云,晴,晴
西北,甘肃省,庆阳市,15,8,18,6,16,8,16,8,12,8,14,8,15,8,12,6,7,6,9,6,13,4,16,5,16,7,12,4,15,4,晴,晴,多云,多云,阴,阴,多云,阴,小雨,小雨,多云,晴,晴,多云,晴
西北,甘肃省,定西市,18,5,15,2,17,3,15,6,14,6,14,3,17,6,9,3,13,2,10,0,12,0,14,1,10,4,6,0,8,-1,多云,晴,多云,多云,小雨,阴,晴,小雨,阴,小雨,晴,晴,晴,多云,晴
西北,甘肃省,陇南市,21,12,24,13,22,13,22,15,20,13,19,14,20,14,17,13,18,12,18,10,21,10,21,11,21,13,18,13,17,10,多云,多云,多云,晴,小雨,小雨,阵雨,小雨,小雨,阴,多云,多云,阴,小雨,阴
西北,甘肃省,临夏回族自治州,17,4,16,4,16,3,17,2,18,5,16,6,15,7,15,6,16,4,15,0,14,1,17,2,18,3,10,2,13,0,多云,小雨,多云,多云,多云,阴,小雨,小雨,晴,小雨,晴,晴,雨夹雪,多云,雨夹雪
西北,甘肃省,甘南藏族自治州,11,2,11,-2,12,2,14,0,14,0,12,3,12,3,10,2,13,2,8,-2,11,-3,12,-3,15,-2,11,-1,11,-4,小雨,小雨,小雨,多云,多云,小雨,小雨,小雨,小雨,小雨,晴,晴,晴,多云,雨夹雪
西北,青海省,西宁市,12,2,13,2,14,1,14,3,14,3,13,3,14,2,13,3,14,1,12,-1,12,0,12,0,14,0,10,-1,11,-2,小雨,晴,晴,多云,晴,阴,多云,小雨,多云,小雨,多云,晴,晴,多云,晴
西北,青海省,海东市,13,4,16,4,15,4,16,3,17,5,16,5,16,4,14,2,15,3,15,0,13,0,13,0,16,2,11,-1,14,-1,小雨,晴,晴,多云,多云,阴,多云,多云,多云,小雨,晴,晴,晴,多云,多云
西北,青海省,海北藏族自治州,8,-6,9,-6,12,-5,11,-3,9,-4,9,-5,12,-6,10,-6,7,-4,7,-9,7,-8,6,-7,8,-5,9,-9,7,-6,雨夹雪,晴,晴,晴,晴,阴,多云,小雪,雨夹雪,小雪,晴,晴,晴,晴,多云
西北,青海省,黄南藏族自治州,12,3,13,3,13,3,12,4,14,4,14,6,15,4,13,5,15,3,13,0,13,0,15,1,16,0,14,0,11,0,阵雨,多云,多云,多云,多云,阴,小雨,阴,多云,小雨,晴,晴,晴,晴,多云
西北,青海省,海南藏族自治州,13,0,11,0,13,0,12,1,14,3,13,2,14,3,13,1,13,-1,11,-5,12,-6,13,-5,13,-4,13,-3,11,-6,多云,多云,晴,多云,多云,阴,多云,阵雨,多云,阴,晴,晴,晴,多云,多云
西北,青海省,果洛藏族自治州,8,-4,8,-3,8,-5,9,-3,9,-1,7,0,8,-2,9,0,9,-3,7,-8,6,-10,7,-1,10,-3,9,-4,6,-4,小雪,多云,小雪,多云,多云,雨夹雪,小雨,多云,多云,晴,晴,晴,多云,多云,晴
西北,青海省,玉树藏族自治州,8,-4,9,-1,10,-4,11,-4,10,1,4,0,8,-3,7,-5,9,-6,5,-8,6,-9,8,-8,9,-7,9,-7,7,-10,多云,晴,晴,多云,多云,大雪,雨夹雪,多云,阴,晴,晴,晴,晴,晴,晴
西北,青海省,海西蒙古族藏族自治州,12,-1,12,-1,13,-1,13,0,12,-1,13,-2,13,-1,10,-1,10,-5,10,-4,10,-4,12,-5,12,-3,7,-5,6,-7,晴,晴,晴,晴,晴,多云,晴,阴,晴,晴,晴,晴,晴,晴,晴
西北,宁夏回族自治区,银川市,20,5,20,1,18,2,19,4,20,6,21,7,18,4,19,9,12,6,17,2,15,0,13,2,16,2,12,0,12,1,多云,晴,晴,晴,多云,多云,多云,阴,小雨,多云,多云,晴,晴,多云,多云
西北,宁夏回族自治区,石嘴山市,21,2,19,0,17,0,19,0,19,1,21,2,19,2,18,3,13,3,17,0,14,-6,12,-3,16,-1,13,-2,11,-5,多云,晴,晴,晴,多云,多云,多云,阴,小雨,多云,多云,晴,晴,多云,多云
西北,宁夏回族自治区,吴忠市,22,8,20,3,18,2,20,5,21,6,20,7,18,5,18,5,13,6,16,2,15,0,15,2,17,0,14,0,14,0,多云,晴,晴,晴,多云,多云,多云,阴,小雨,多云,多云,晴,晴,多云,多云
西北,宁夏回族自治区,固原市,17,5,16,3,15,5,16,6,15,5,15,5,14,5,9,3,10,4,10,1,13,0,14,3,14,4,9,0,10,0,多云,晴,多云,多云,多云,多云,多云,阴,小雨,小雨,多云,晴,多云,阴,多云
西北,宁夏回族自治区,中卫市,22,3,18,2,20,2,20,4,21,4,20,5,19,4,18,5,14,4,17,1,16,0,19,3,18,1,12,0,15,0,多云,晴,晴,晴,小雨,多云,多云,阴,小雨,多云,多云,晴,晴,多云,多云
西北,新疆维吾尔自治区,乌鲁木齐市,11,4,16,6,15,8,16,5,7,1,8,1,9,4,11,1,7,-1,5,-1,9,-1,8,2,7,0,8,2,9,2,晴,晴,晴,晴,小雨,晴,多云,多云,小雨,晴,晴,阴,小雨,晴,晴
西北,新疆维吾尔自治区,克拉玛依市,14,5,14,5,16,6,19,7,9,4,7,2,9,7,13,5,9,2,7,0,8,1,8,3,10,2,11,2,10,4,阴,晴,晴,阴,阴,阴,阴,晴,小雨,晴,阴,小雨,雨夹雪,晴,阴
西北,新疆维吾尔自治区,吐鲁番市,22,11,21,9,21,9,21,8,22,8,20,8,21,9,22,11,22,9,17,6,16,4,15,8,17,7,17,6,17,8,晴,晴,晴,晴,阴,阴,阴,阴,晴,晴,阴,阴,晴,晴,阴
西北,新疆维吾尔自治区,哈密市,17,1,17,2,20,3,21,2,19,2,18,2,19,2,18,3,18,3,13,0,13,-1,13,-1,11,-1,13,0,14,0,阴,晴,晴,晴,晴,阴,晴,阴,晴,晴,晴,阴,晴,晴,晴
西北,新疆维吾尔自治区,昌吉回族自治州,12,0,17,0,15,1,17,5,11,-2,10,-3,11,0,12,0,6,0,7,-6,9,-4,8,0,11,-3,11,-2,11,-2,晴,晴,晴,晴,小雪,阴,阴,阴,雨夹雪,晴,阴,阴,晴,晴,阴
西北,新疆维吾尔自治区,博尔塔拉蒙古自治州,14,2,14,2,14,1,15,4,10,3,7,0,8,0,13,2,8,0,7,0,6,0,6,1,10,2,7,0,8,0,阴,晴,晴,阴,阴,雨夹雪,小雪,晴,阴,多云,阴,雨夹雪,晴,阴,阴
西北,新疆维吾尔自治区,巴音郭楞蒙古自治州,20,3,19,2,21,1,20,1,20,3,19,1,19,3,18,0,18,1,16,0,16,0,16,0,16,0,15,0,16,1,阴,晴,晴,晴,多云,阴,阴,阴,多云,晴,晴,晴,晴,晴,阴
西北,新疆维吾尔自治区,阿克苏地区,19,6,19,5,19,5,19,7,19,7,18,4,18,5,19,1,18,2,18,2,16,2,16,0,17,2,16,1,15,2,阴,晴,晴,阴,晴,晴,阴,晴,晴,晴,阴,阴,晴,晴,晴
西北,新疆维吾尔自治区,克孜勒苏柯尔克孜自治州,20,5,18,2,19,2,19,4,20,2,19,2,20,3,19,0,18,5,18,2,17,1,17,0,17,2,16,0,16,2,阴,晴,晴,多云,阴,晴,晴,晴,阴,晴,阴,多云,晴,阴,晴
西北,新疆维吾尔自治区,喀什地区,17,6,17,4,18,7,17,8,18,5,17,5,19,5,20,5,17,6,17,6,15,5,15,4,17,4,14,6,15,5,阴,晴,晴,阴,阴,晴,晴,多云,多云,晴,多云,多云,晴,阴,阴
西北,新疆维吾尔自治区,和田地区,19,10,20,6,21,6,21,6,21,5,19,5,19,4,18,4,19,4,20,4,19,5,16,6,18,6,18,6,16,5,阴,阴,晴,晴,晴,晴,阴,阴,阴,多云,晴,阴,阴,阴,晴
西北,新疆维吾尔自治区,伊犁哈萨克自治州,14,1,21,3,22,5,18,5,14,0,14,1,15,4,13,3,10,-1,13,0,20,7,14,2,14,1,18,3,15,1,阴,晴,晴,阴,晴,雨夹雪,雨夹雪,晴,多云,阴,阴,雨夹雪,晴,晴,晴
西北,新疆维吾尔自治区,塔城地区,11,3,19,3,20,4,16,-3,8,1,12,-1,15,5,12,0,7,-4,8,0,13,4,8,3,9,0,13,0,12,0,阴,晴,晴,雨夹雪,晴,阴,雨夹雪,小雨,多云,晴,阴,小雨,晴,晴,阴
西北,新疆维吾尔自治区,阿勒泰地区,8,4,10,2,17,6,18,2,6,-4,6,-3,12,1,10,3,5,-6,2,-5,5,-1,6,-2,7,-3,8,-2,11,0,阴,多云,晴,小雨,多云,晴,雨夹雪,晴,中雪,晴,阴,雨夹雪,晴,晴,阴
西北,新疆维吾尔自治区,石河子,13,0,18,1,17,2,17,4,10,0,11,0,12,2,14,2,9,3,9,-3,9,-1,6,3,12,0,11,-2,12,-1,阵雨,晴,晴,阴,阵雨,阴,阴,小雨,小雨,晴,阴,雨夹雪,晴,晴,晴
西北,新疆维吾尔自治区,图木舒克,21,4,20,5,20,5,20,4,20,3,19,2,19,2,19,2,18,2,18,3,18,1,17,1,18,2,17,2,17,2,阴,晴,晴,阴,晴,晴,阴,晴,阴,晴,阴,阴,晴,阴,晴
西北,新疆维吾尔自治区,五家渠,11,4,16,6,15,8,16,5,7,1,8,1,9,4,11,1,7,-1,5,-1,9,-1,8,2,7,0,8,2,9,2,晴,晴,晴,晴,小雨,晴,多云,多云,小雨,晴,晴,阴,小雨,晴,晴
西北,新疆维吾尔自治区,北屯,8,4,10,2,17,6,18,2,6,-4,6,-3,12,1,10,3,5,-6,2,-5,5,-1,6,-2,7,-3,8,-2,11,0,阴,多云,晴,小雨,多云,晴,雨夹雪,晴,中雪,晴,阴,雨夹雪,晴,晴,阴
西北,新疆维吾尔自治区,铁门关,20,3,19,2,21,1,20,1,20,3,19,1,19,3,18,0,18,1,16,0,16,0,16,0,16,0,15,0,16,1,阴,晴,晴,晴,多云,阴,阴,阴,多云,晴,晴,晴,晴,晴,阴
西北,新疆维吾尔自治区,双河,8,4,10,2,17,6,18,2,6,-4,6,-3,12,1,10,3,5,-6,2,-5,5,-1,6,-2,7,-3,8,-2,11,0,阴,多云,晴,小雨,多云,晴,雨夹雪,晴,中雪,晴,阴,雨夹雪,晴,晴,阴
西北,新疆维吾尔自治区,可克达拉,13,2,21,5,21,5,18,4,14,1,9,1,13,6,15,3,10,-1,14,1,20,8,13,3,15,0,18,3,14,0,阴,晴,晴,阴,晴,雨夹雪,雨夹雪,晴,晴,晴,阴,阴,晴,阴,晴
西北,新疆维吾尔自治区,昆玉,18,6,19,4,20,4,21,5,21,2,18,1,18,2,18,0,19,4,20,1,18,0,16,2,18,2,18,2,16,0,阴,阴,晴,晴,晴,晴,阴,阴,阴,多云,晴,阴,阴,阴,晴
港澳台,香港,香港,27,23,29,24,30,23,28,24,29,22,27,22,28,21,28,22,29,23,30,23,30,22,28,19,25,19,22,21,24,22,多云,晴,多云,多云,晴,晴,晴,晴,晴,晴,晴,多云,阵雨,大雨,中雨
港澳台,澳门,澳门,26,22,28,21,30,23,28,24,26,21,27,22,24,22,26,21,27,22,29,21,29,22,27,21,24,19,26,18,22,21,多云,晴,晴,阵雨,晴,多云,晴,晴,晴,晴,晴,多云,阵雨,中雨,阵雨
港澳台,台湾省,台北市,23,21,25,23,26,21,23,20,21,19,21,19,23,21,25,21,24,21,23,21,23,21,22,20,21,20,23,21,23,20,阴,阴,小雨,中雨,多云,阴,多云,小雨,小雨,中雨,中雨,暴雨,中雨,小雨,小雨
港澳台,台湾省,高雄市,30,23,30,24,31,24,31,23,30,22,29,22,29,22,30,23,31,23,31,24,30,23,28,22,30,24,30,24,30,23,多云,阴,阴,小雨,小雨,阴,阴,多云,晴,阴,阴,中雨,中雨,阴,晴
港澳台,台湾省,新北市,30,23,30,24,31,24,31,23,30,22,29,22,29,22,30,23,31,23,31,24,30,23,28,22,30,24,30,24,30,23,多云,阴,阴,小雨,小雨,阴,阴,多云,晴,阴,阴,中雨,中雨,阴,晴
港澳台,台湾省,台中市,29,20,30,23,31,22,29,21,27,19,27,19,28,20,29,20,30,21,30,21,31,21,25,21,27,21,30,21,29,21,多云,多云,多云,小雨,阴,阴,多云,晴,晴,晴,阴,大雨,阴,阴,多云
港澳台,台湾省,台南市,30,23,30,24,31,24,31,23,30,22,29,22,29,22,30,23,31,23,31,24,30,23,28,22,30,24,30,24,30,23,多云,阴,阴,小雨,小雨,阴,阴,多云,晴,阴,阴,中雨,中雨,阴,晴
港澳台,台湾省,桃园市,23,21,25,23,26,21,23,20,21,19,21,19,23,21,25,21,24,21,23,21,23,21,22,20,21,20,23,21,23,20,阴,阴,小雨,中雨,多云,阴,多云,小雨,小雨,中雨,中雨,暴雨,中雨,小雨,小雨
