,area,province,city,d_high_1,d_low_1,d_high_2,d_low_2,d_high_3,d_low_3,d_high_4,d_low_4,d_high_5,d_low_5,d_high_6,d_low_6,d_high_7,d_low_7,d_high_8,d_low_8,d_high_9,d_low_9,d_high_10,d_low_10,d_high_11,d_low_11,d_high_12,d_low_12,d_high_13,d_low_13,d_high_14,d_low_14,d_high_15,d_low_15,d_wea_1,d_wea_2,d_wea_3,d_wea_4,d_wea_5,d_wea_6,d_wea_7,d_wea_8,d_wea_9,d_wea_10,d_wea_11,d_wea_12,d_wea_13,d_wea_14,d_wea_15
0,华北,北京市,北京市,27,16,27,16,25,15,20,15,22,15,23,16,27,13,26,15,27,14,25,11,26,11,25,14,25,15,24,9,22,12,晴,多云,多云,小雨,多云,多云,多云,晴,晴,晴,晴,多云,多云,晴,多云
1,华北,北京市,东城,27,16,27,16,25,15,20,15,22,15,23,16,27,13,26,15,27,14,25,11,26,11,25,14,25,15,24,9,22,12,晴,多云,多云,小雨,多云,多云,多云,晴,晴,晴,晴,多云,多云,晴,多云
2,华北,北京市,西城,27,16,27,16,25,15,20,15,22,15,23,16,27,13,26,15,27,14,25,11,26,11,25,14,25,15,24,9,22,12,晴,多云,多云,小雨,多云,多云,多云,晴,晴,晴,晴,多云,多云,晴,多云
3,华北,北京市,丰台,27,16,27,16,25,15,20,15,22,15,23,16,27,13,26,15,27,14,25,11,26,11,25,14,25,15,24,9,22,12,晴,多云,多云,小雨,多云,多云,多云,晴,晴,晴,晴,多云,多云,晴,多云
4,华北,北京市,石景山,27,16,27,16,25,15,20,15,22,15,23,16,27,13,26,15,27,14,25,11,26,11,25,14,25,15,24,9,22,12,晴,多云,多云,小雨,多云,多云,多云,晴,晴,晴,晴,多云,多云,晴,多云
5,华北,北京市,海淀,27,16,27,16,25,15,20,15,22,15,23,16,27,13,26,15,27,14,25,11,26,11,25,14,25,15,24,9,22,12,晴,多云,多云,小雨,多云,多云,多云,晴,晴,晴,晴,多云,多云,晴,多云
6,华北,北京市,门头沟,27,16,27,16,25,15,20,15,22,15,23,16,27,13,26,15,27,14,25,11,26,11,25,14,25,15,24,9,22,12,晴,多云,多云,小雨,多云,多云,多云,晴,晴,晴,晴,多云,多云,晴,多云
7,华北,北京市,房山,27,16,27,16,25,15,20,15,22,15,23,16,27,13,26,15,27,14,25,11,26,11,25,14,25,15,24,9,22,12,晴,多云,多云,小雨,多云,多云,多云,晴,晴,晴,晴,多云,多云,晴,多云
8,华北,北京市,通州,27,16,27,16,25,15,20,15,22,15,23,16,27,13,26,15,27,14,25,11,26,11,25,14,25,15,24,9,22,12,晴,多云,多云,小雨,多云,多云,多云,晴,晴,晴,晴,多云,多云,晴,多云
9,华北,北京市,顺义,27,16,27,16,25,15,20,15,22,15,23,16,27,13,26,15,27,14,25,11,26,11,25,14,25,15,24,9,22,12,晴,多云,多云,小雨,多云,多云,多云,晴,晴,晴,晴,多云,多云,晴,多云
10,华北,北京市,昌平,27,16,27,16,25,15,20,15,22,15,23,16,27,13,26,15,27,14,25,11,26,11,25,14,25,15,24,9,22,12,晴,多云,多云,小雨,多云,多云,多云,晴,晴,晴,晴,多云,多云,晴,多云
11,华北,北京市,怀柔,27,16,27,16,25,15,20,15,22,15,23,16,27,13,26,15,27,14,25,11,26,11,25,14,25,15,24,9,22,12,晴,多云,多云,小雨,多云,多云,多云,晴,晴,晴,晴,多云,多云,晴,多云
12,华北,北京市,平谷,27,16,27,16,25,15,20,15,22,15,23,16,27,13,26,15,27,14,25,11,26,11,25,14,25,15,24,9,22,12,晴,多云,多云,小雨,多云,多云,多云,晴,晴,晴,晴,多云,多云,晴,多云
13,华北,北京市,密云,27,16,27,16,25,15,20,15,22,15,23,16,27,13,26,15,27,14,25,11,26,11,25,14,25,15,24,9,22,12,晴,多云,多云,小雨,多云,多云,多云,晴,晴,晴,晴,多云,多云,晴,多云
14,华北,北京市,延庆,27,16,27,16,25,15,20,15,22,15,23,16,27,13,26,15,27,14,25,11,26,11,25,14,25,15,24,9,22,12,晴,多云,多云,小雨,多云,多云,多云,晴,晴,晴,晴,多云,多云,晴,多云
15,华北,天津市,天津市,27,16,27,16,25,15,20,15,22,15,23,16,27,13,26,15,27,14,25,11,26,11,25,14,25,15,24,9,22,12,晴,多云,多云,小雨,多云,多云,多云,晴,晴,晴,晴,多云,多云,晴,多云
16,华北,天津市,和平,27,16,27,16,25,15,20,15,22,15,23,16,27,13,26,15,27,14,25,11,26,11,25,14,25,15,24,9,22,12,晴,多云,多云,小雨,多云,多云,多云,晴,晴,晴,晴,多云,多云,晴,多云
17,华北,天津市,河东,27,16,27,16,25,15,20,15,22,15,23,16,27,13,26,15,27,14,25,11,26,11,25,14,25,15,24,9,22,12,晴,多云,多云,小雨,多云,多云,多云,晴,晴,晴,晴,多云,多云,晴,多云
18,华北,天津市,河西,27,16,27,16,25,15,20,15,22,15,23,16,27,13,26,15,27,14,25,11,26,11,25,14,25,15,24,9,22,12,晴,多云,多云,小雨,多云,多云,多云,晴,晴,晴,晴,多云,多云,晴,多云
19,华北,天津市,南开,27,16,27,16,25,15,20,15,22,15,23,16,27,13,26,15,27,14,25,11,26,11,25,14,25,15,24,9,22,12,晴,多云,多云,小雨,多云,多云,多云,晴,晴,晴,晴,多云,多云,晴,多云
20,华北,天津市,河北,27,16,27,16,25,15,20,15,22,15,23,16,27,13,26,15,27,14,25,11,26,11,25,14,25,15,24,9,22,12,晴,多云,多云,小雨,多云,多云,多云,晴,晴,晴,晴,多云,多云,晴,多云
21,华北,天津市,红桥,27,16,27,16,25,15,20,15,22,15,23,16,27,13,26,15,27,14,25,11,26,11,25,14,25,15,24,9,22,12,晴,多云,多云,小雨,多云,多云,多云,晴,晴,晴,晴,多云,多云,晴,多云
22,华北,天津市,东丽,27,16,27,16,25,15,20,15,22,15,23,16,27,13,26,15,27,14,25,11,26,11,25,14,25,15,24,9,22,12,晴,多云,多云,小雨,多云,多云,多云,晴,晴,晴,晴,多云,多云,晴,多云
23,华北,天津市,西青,27,16,27,16,25,15,20,15,22,15,23,16,27,13,26,15,27,14,25,11,26,11,25,14,25,15,24,9,22,12,晴,多云,多云,小雨,多云,多云,多云,晴,晴,晴,晴,多云,多云,晴,多云
24,华北,天津市,津南,27,16,27,16,25,15,20,15,22,15,23,16,27,13,26,15,27,14,25,11,26,11,25,14,25,15,24,9,22,12,晴,多云,多云,小雨,多云,多云,多云,晴,晴,晴,晴,多云,多云,晴,多云
25,华北,天津市,北辰,27,16,27,16,25,15,20,15,22,15,23,16,27,13,26,15,27,14,25,11,26,11,25,14,25,15,24,9,22,12,晴,多云,多云,小雨,多云,多云,多云,晴,晴,晴,晴,多云,多云,晴,多云
26,华北,天津市,武清,27,16,27,16,25,15,20,15,22,15,23,16,27,13,26,15,27,14,25,11,26,11,25,14,25,15,24,9,22,12,晴,多云,多云,小雨,多云,多云,多云,晴,晴,晴,晴,多云,多云,晴,多云
27,华北,天津市,宝坻,27,16,27,16,25,15,20,15,22,15,23,16,27,13,26,15,27,14,25,11,26,11,25,14,25,15,24,9,22,12,晴,多云,多云,小雨,多云,多云,多云,晴,晴,晴,晴,多云,多云,晴,多云
28,华北,天津市,滨海新区,27,16,27,16,25,15,20,15,22,15,23,16,27,13,26,15,27,14,25,11,26,11,25,14,25,15,24,9,22,12,晴,多云,多云,小雨,多云,多云,多云,晴,晴,晴,晴,多云,多云,晴,多云
29,华北,天津市,宁河,27,16,27,16,25,15,20,15,22,15,23,16,27,13,26,15,27,14,25,11,26,11,25,14,25,15,24,9,22,12,晴,多云,多云,小雨,多云,多云,多云,晴,晴,晴,晴,多云,多云,晴,多云
30,华北,天津市,静海,27,16,27,16,25,15,20,15,22,15,23,16,27,13,26,15,27,14,25,11,26,11,25,14,25,15,24,9,22,12,晴,多云,多云,小雨,多云,多云,多云,晴,晴,晴,晴,多云,多云,晴,多云
31,华北,天津市,蓟州,27,16,27,16,25,15,20,15,22,15,23,16,27,13,26,15,27,14,25,11,26,11,25,14,25,15,24,9,22,12,晴,多云,多云,小雨,多云,多云,多云,晴,晴,晴,晴,多云,多云,晴,多云
32,华北,河北省,石家庄市,27,16,27,16,25,15,20,15,22,15,23,16,27,13,26,15,27,14,25,11,26,11,25,14,25,15,24,9,22,12,晴,多云,多云,小雨,多云,多云,多云,晴,晴,晴,晴,多云,多云,晴,多云
33,华北,河北省,辛集市,27,16,27,16,25,15,20,15,22,15,23,16,27,13,26,15,27,14,25,11,26,11,25,14,25,15,24,9,22,12,晴,多云,多云,小雨,多云,多云,多云,晴,晴,晴,晴,多云,多云,晴,多云
34,华北,河北省,唐山市,27,16,27,16,25,15,20,15,22,15,23,16,27,13,26,15,27,14,25,11,26,11,25,14,25,15,24,9,22,12,晴,多云,多云,小雨,多云,多云,多云,晴,晴,晴,晴,多云,多云,晴,多云
35,华北,河北省,秦皇岛市,27,16,27,16,25,15,20,15,22,15,23,16,27,13,26,15,27,14,25,11,26,11,25,14,25,15,24,9,22,12,晴,多云,多云,小雨,多云,多云,多云,晴,晴,晴,晴,多云,多云,晴,多云
36,华北,河北省,邯郸市,27,16,27,16,25,15,20,15,22,15,23,16,27,13,26,15,27,14,25,11,26,11,25,14,25,15,24,9,22,12,晴,多云,多云,小雨,多云,多云,多云,晴,晴,晴,晴,多云,多云,晴,多云
37,华北,河北省,邢台市,27,16,27,16,25,15,20,15,22,15,23,16,27,13,26,15,27,14,25,11,26,11,25,14,25,15,24,9,22,12,晴,多云,多云,小雨,多云,多云,多云,晴,晴,晴,晴,多云,多云,晴,多云
38,华北,河北省,保定市,27,16,27,16,25,15,20,15,22,15,23,16,27,13,26,15,27,14,25,11,26,11,25,14,25,15,24,9,22,12,晴,多云,多云,小雨,多云,多云,多云,晴,晴,晴,晴,多云,多云,晴,多云
39,华北,河北省,定州市,27,16,27,16,25,15,20,15,22,15,23,16,27,13,26,15,27,14,25,11,26,11,25,14,25,15,24,9,22,12,晴,多云,多云,小雨,多云,多云,多云,晴,晴,晴,晴,多云,多云,晴,多云
40,华北,河北省,张家口市,27,16,27,16,25,15,20,15,22,15,23,16,27,13,26,15,27,14,25,11,26,11,25,14,25,15,24,9,22,12,晴,多云,多云,小雨,多云,多云,多云,晴,晴,晴,晴,多云,多云,晴,多云
41,华北,河北省,承德市,27,16,27,16,25,15,20,15,22,15,23,16,27,13,26,15,27,14,25,11,26,11,25,14,25,15,24,9,22,12,晴,多云,多云,小雨,多云,多云,多云,晴,晴,晴,晴,多云,多云,晴,多云
42,华北,河北省,沧州市,27,16,27,16,25,15,20,15,22,15,23,16,27,13,26,15,27,14,25,11,26,11,25,14,25,15,24,9,22,12,晴,多云,多云,小雨,多云,多云,多云,晴,晴,晴,晴,多云,多云,晴,多云
43,华北,河北省,廊坊市,27,16,27,16,25,15,20,15,22,15,23,16,27,13,26,15,27,14,25,11,26,11,25,14,25,15,24,9,22,12,晴,多云,多云,小雨,多云,多云,多云,晴,晴,晴,晴,多云,多云,晴,多云
44,华北,河北省,衡水市,27,16,27,16,25,15,20,15,22,15,23,16,27,13,26,15,27,14,25,11,26,11,25,14,25,15,24,9,22,12,晴,多云,多云,小雨,多云,多云,多云,晴,晴,晴,晴,多云,多云,晴,多云
45,华北,山西省,太原市,27,16,27,16,25,15,20,15,22,15,23,16,27,13,26,15,27,14,25,11,26,11,25,14,25,15,24,9,22,12,晴,多云,多云,小雨,多云,多云,多云,晴,晴,晴,晴,多云,多云,晴,多云
46,华北,山西省,大同市,27,16,27,16,25,15,20,15,22,15,23,16,27,13,26,15,27,14,25,11,26,11,25,14,25,15,24,9,22,12,晴,多云,多云,小雨,多云,多云,多云,晴,晴,晴,晴,多云,多云,晴,多云
47,华北,山西省,阳泉市,27,16,27,16,25,15,20,15,22,15,23,16,27,13,26,15,27,14,25,11,26,11,25,14,25,15,24,9,22,12,晴,多云,多云,小雨,多云,多云,多云,晴,晴,晴,晴,多云,多云,晴,多云
48,华北,山西省,长治市,27,16,27,16,25,15,20,15,22,15,23,16,27,13,26,15,27,14,25,11,26,11,25,14,25,15,24,9,22,12,晴,多云,多云,小雨,多云,多云,多云,晴,晴,晴,晴,多云,多云,晴,多云
49,华北,山西省,晋城市,27,16,27,16,25,15,20,15,22,15,23,16,27,13,26,15,27,14,25,11,26,11,25,14,25,15,24,9,22,12,晴,多云,多云,小雨,多云,多云,多云,晴,晴,晴,晴,多云,多云,晴,多云
50,华北,山西省,朔州市,27,16,27,16,25,15,20,15,22,15,23,16,27,13,26,15,27,14,25,11,26,11,25,14,25,15,24,9,22,12,晴,多云,多云,小雨,多云,多云,多云,晴,晴,晴,晴,多云,多云,晴,多云
51,华北,山西省,晋中市,27,16,27,16,25,15,20,15,22,15,23,16,27,13,26,15,27,14,25,11,26,11,25,14,25,15,24,9,22,12,晴,多云,多云,小雨,多云,多云,多云,晴,晴,晴,晴,多云,多云,晴,多云
52,华北,山西省,运城市,27,16,27,16,25,15,20,15,22,15,23,16,27,13,26,15,27,14,25,11,26,11,25,14,25,15,24,9,22,12,晴,多云,多云,小雨,多云,多云,多云,晴,晴,晴,晴,多云,多云,晴,多云
53,华北,山西省,忻州市,27,16,27,16,25,15,20,15,22,15,23,16,27,13,26,15,27,14,25,11,26,11,25,14,25,15,24,9,22,12,晴,多云,多云,小雨,多云,多云,多云,晴,晴,晴,晴,多云,多云,晴,多云
54,华北,山西省,临汾市,27,16,27,16,25,15,20,15,22,15,23,16,27,13,26,15,27,14,25,11,26,11,25,14,25,15,24,9,22,12,晴,多云,多云,小雨,多云,多云,多云,晴,晴,晴,晴,多云,多云,晴,多云
55,华北,山西省,吕梁市,27,16,27,16,25,15,20,15,22,15,23,16,27,13,26,15,27,14,25,11,26,11,25,14,25,15,24,9,22,12,晴,多云,多云,小雨,多云,多云,多云,晴,晴,晴,晴,多云,多云,晴,多云
56,华北,内蒙古自治区,呼和浩特市,27,16,27,16,25,15,20,15,22,15,23,16,27,13,26,15,27,14,25,11,26,11,25,14,25,15,24,9,22,12,晴,多云,多云,小雨,多云,多云,多云,晴,晴,晴,晴,多云,多云,晴,多云
57,华北,内蒙古自治区,包头市,27,16,27,16,25,15,20,15,22,15,23,16,27,13,26,15,27,14,25,11,26,11,25,14,25,15,24,9,22,12,晴,多云,多云,小雨,多云,多云,多云,晴,晴,晴,晴,多云,多云,晴,多云
58,华北,内蒙古自治区,乌海市,27,16,27,16,25,15,20,15,22,15,23,16,27,13,26,15,27,14,25,11,26,11,25,14,25,15,24,9,22,12,晴,多云,多云,小雨,多云,多云,多云,晴,晴,晴,晴,多云,多云,晴,多云
59,华北,内蒙古自治区,赤峰市,27,16,27,16,25,15,20,15,22,15,23,16,27,13,26,15,27,14,25,11,26,11,25,14,25,15,24,9,22,12,晴,多云,多云,小雨,多云,多云,多云,晴,晴,晴,晴,多云,多云,晴,多云
60,华北,内蒙古自治区,通辽市,27,16,27,16,25,15,20,15,22,15,23,16,27,13,26,15,27,14,25,11,26,11,25,14,25,15,24,9,22,12,晴,多云,多云,小雨,多云,多云,多云,晴,晴,晴,晴,多云,多云,晴,多云
61,华北,内蒙古自治区,鄂尔多斯市,27,16,27,16,25,15,20,15,22,15,23,16,27,13,26,15,27,14,25,11,26,11,25,14,25,15,24,9,22,12,晴,多云,多云,小雨,多云,多云,多云,晴,晴,晴,晴,多云,多云,晴,多云
62,华北,内蒙古自治区,呼伦贝尔市,27,16,27,16,25,15,20,15,22,15,23,16,27,13,26,15,27,14,25,11,26,11,25,14,25,15,24,9,22,12,晴,多云,多云,小雨,多云,多云,多云,晴,晴,晴,晴,多云,多云,晴,多云
63,华北,内蒙古自治区,巴彦淖尔市,27,16,27,16,25,15,20,15,22,15,23,16,27,13,26,15,27,14,25,11,26,11,25,14,25,15,24,9,22,12,晴,多云,多云,小雨,多云,多云,多云,晴,晴,晴,晴,多云,多云,晴,多云
64,华北,内蒙古自治区,乌兰察布市,27,16,27,16,25,15,20,15,22,15,23,16,27,13,26,15,27,14,25,11,26,11,25,14,25,15,24,9,22,12,晴,多云,多云,小雨,多云,多云,多云,晴,晴,晴,晴,多云,多云,晴,多云
65,华北,内蒙古自治区,兴安盟,27,16,27,16,25,15,20,15,22,15,23,16,27,13,26,15,27,14,25,11,26,11,25,14,25,15,24,9,22,12,晴,多云,多云,小雨,多云,多云,多云,晴,晴,晴,晴,多云,多云,晴,多云
66,华北,内蒙古自治区,锡林郭勒盟,27,16,27,16,25,15,20,15,22,15,23,16,27,13,26,15,27,14,25,11,26,11,25,14,25,15,24,9,22,12,晴,多云,多云,小雨,多云,多云,多云,晴,晴,晴,晴,多云,多云,晴,多云
67,华北,内蒙古自治区,阿拉善盟,27,16,27,16,25,15,20,15,22,15,23,16,27,13,26,15,27,14,25,11,26,11,25,14,25,15,24,9,22,12,晴,多云,多云,小雨,多云,多云,多云,晴,晴,晴,晴,多云,多云,晴,多云
68,东北,辽宁省,沈阳市,27,16,27,16,25,15,20,15,22,15,23,16,27,13,26,15,27,14,25,11,26,11,25,14,25,15,24,9,22,12,晴,多云,多云,小雨,多云,多云,多云,晴,晴,晴,晴,多云,多云,晴,多云
69,东北,辽宁省,大连市,27,16,27,16,25,15,20,15,22,15,23,16,27,13,26,15,27,14,25,11,26,11,25,14,25,15,24,9,22,12,晴,多云,多云,小雨,多云,多云,多云,晴,晴,晴,晴,多云,多云,晴,多云
70,东北,辽宁省,鞍山市,27,16,27,16,25,15,20,15,22,15,23,16,27,13,26,15,27,14,25,11,26,11,25,14,25,15,24,9,22,12,晴,多云,多云,小雨,多云,多云,多云,晴,晴,晴,晴,多云,多云,晴,多云
71,东北,辽宁省,抚顺市,27,16,27,16,25,15,20,15,22,15,23,16,27,13,26,15,27,14,25,11,26,11,25,14,25,15,24,9,22,12,晴,多云,多云,小雨,多云,多云,多云,晴,晴,晴,晴,多云,多云,晴,多云
72,东北,辽宁省,本溪市,27,16,27,16,25,15,20,15,22,15,23,16,27,13,26,15,27,14,25,11,26,11,25,14,25,15,24,9,22,12,晴,多云,多云,小雨,多云,多云,多云,晴,晴,晴,晴,多云,多云,晴,多云
73,东北,辽宁省,丹东市,27,16,27,16,25,15,20,15,22,15,23,16,27,13,26,15,27,14,25,11,26,11,25,14,25,15,24,9,22,12,晴,多云,多云,小雨,多云,多云,多云,晴,晴,晴,晴,多云,多云,晴,多云
74,东北,辽宁省,锦州市,27,16,27,16,25,15,20,15,22,15,23,16,27,13,26,15,27,14,25,11,26,11,25,14,25,15,24,9,22,12,晴,多云,多云,小雨,多云,多云,多云,晴,晴,晴,晴,多云,多云,晴,多云
75,东北,辽宁省,营口市,27,16,27,16,25,15,20,15,22,15,23,16,27,13,26,15,27,14,25,11,26,11,25,14,25,15,24,9,22,12,晴,多云,多云,小雨,多云,多云,多云,晴,晴,晴,晴,多云,多云,晴,多云
76,东北,辽宁省,阜新市,27,16,27,16,25,15,20,15,22,15,23,16,27,13,26,15,27,14,25,11,26,11,25,14,25,15,24,9,22,12,晴,多云,多云,小雨,多云,多云,多云,晴,晴,晴,晴,多云,多云,晴,多云
77,东北,辽宁省,辽阳市,27,16,27,16,25,15,20,15,22,15,23,16,27,13,26,15,27,14,25,11,26,11,25,14,25,15,24,9,22,12,晴,多云,多云,小雨,多云,多云,多云,晴,晴,晴,晴,多云,多云,晴,多云
78,东北,辽宁省,盘锦市,27,16,27,16,25,15,20,15,22,15,23,16,27,13,26,15,27,14,25,11,26,11,25,14,25,15,24,9,22,12,晴,多云,多云,小雨,多云,多云,多云,晴,晴,晴,晴,多云,多云,晴,多云
79,东北,辽宁省,铁岭市,27,16,27,16,25,15,20,15,22,15,23,16,27,13,26,15,27,14,25,11,26,11,25,14,25,15,24,9,22,12,晴,多云,多云,小雨,多云,多云,多云,晴,晴,晴,晴,多云,多云,晴,多云
80,东北,辽宁省,朝阳市,27,16,27,16,25,15,20,15,22,15,23,16,27,13,26,15,27,14,25,11,26,11,25,14,25,15,24,9,22,12,晴,多云,多云,小雨,多云,多云,多云,晴,晴,晴,晴,多云,多云,晴,多云
81,东北,辽宁省,葫芦岛市,27,16,27,16,25,15,20,15,22,15,23,16,27,13,26,15,27,14,25,11,26,11,25,14,25,15,24,9,22,12,晴,多云,多云,小雨,多云,多云,多云,晴,晴,晴,晴,多云,多云,晴,多云
82,东北,吉林省,长春市,27,16,27,16,25,15,20,15,22,15,23,16,27,13,26,15,27,14,25,11,26,11,25,14,25,15,24,9,22,12,晴,多云,多云,小雨,多云,多云,多云,晴,晴,晴,晴,多云,多云,晴,多云
83,东北,吉林省,吉林市,27,16,27,16,25,15,20,15,22,15,23,16,27,13,26,15,27,14,25,11,26,11,25,14,25,15,24,9,22,12,晴,多云,多云,小雨,多云,多云,多云,晴,晴,晴,晴,多云,多云,晴,多云
84,东北,吉林省,四平市,27,16,27,16,25,15,20,15,22,15,23,16,27,13,26,15,27,14,25,11,26,11,25,14,25,15,24,9,22,12,晴,多云,多云,小雨,多云,多云,多云,晴,晴,晴,晴,多云,多云,晴,多云
85,东北,吉林省,辽源市,27,16,27,16,25,15,20,15,22,15,23,16,27,13,26,15,27,14,25,11,26,11,25,14,25,15,24,9,22,12,晴,多云,多云,小雨,多云,多云,多云,晴,晴,晴,晴,多云,多云,晴,多云
86,东北,吉林省,通化市,27,16,27,16,25,15,20,15,22,15,23,16,27,13,26,15,27,14,25,11,26,11,25,14,25,15,24,9,22,12,晴,多云,多云,小雨,多云,多云,多云,晴,晴,晴,晴,多云,多云,晴,多云
87,东北,吉林省,白山市,27,16,27,16,25,15,20,15,22,15,23,16,27,13,26,15,27,14,25,11,26,11,25,14,25,15,24,9,22,12,晴,多云,多云,小雨,多云,多云,多云,晴,晴,晴,晴,多云,多云,晴,多云
88,东北,吉林省,松原市,27,16,27,16,25,15,20,15,22,15,23,16,27,13,26,15,27,14,25,11,26,11,25,14,25,15,24,9,22,12,晴,多云,多云,小雨,多云,多云,多云,晴,晴,晴,晴,多云,多云,晴,多云
89,东北,吉林省,白城市,27,16,27,16,25,15,20,15,22,15,23,16,27,13,26,15,27,14,25,11,26,11,25,14,25,15,24,9,22,12,晴,多云,多云,小雨,多云,多云,多云,晴,晴,晴,晴,多云,多云,晴,多云
90,东北,吉林省,延边朝鲜族自治州,27,16,27,16,25,15,20,15,22,15,23,16,27,13,26,15,27,14,25,11,26,11,25,14,25,15,24,9,22,12,晴,多云,多云,小雨,多云,多云,多云,晴,晴,晴,晴,多云,多云,晴,多云
91,东北,黑龙江省,哈尔滨市,27,16,27,16,25,15,20,15,22,15,23,16,27,13,26,15,27,14,25,11,26,11,25,14,25,15,24,9,22,12,晴,多云,多云,小雨,多云,多云,多云,晴,晴,晴,晴,多云,多云,晴,多云
92,东北,黑龙江省,齐齐哈尔市,27,16,27,16,25,15,20,15,22,15,23,16,27,13,26,15,27,14,25,11,26,11,25,14,25,15,24,9,22,12,晴,多云,多云,小雨,多云,多云,多云,晴,晴,晴,晴,多云,多云,晴,多云
93,东北,黑龙江省,鸡西市,27,16,27,16,25,15,20,15,22,15,23,16,27,13,26,15,27,14,25,11,26,11,25,14,25,15,24,9,22,12,晴,多云,多云,小雨,多云,多云,多云,晴,晴,晴,晴,多云,多云,晴,多云
94,东北,黑龙江省,鹤岗市,27,16,27,16,25,15,20,15,22,15,23,16,27,13,26,15,27,14,25,11,26,11,25,14,25,15,24,9,22,12,晴,多云,多云,小雨,多云,多云,多云,晴,晴,晴,晴,多云,多云,晴,多云
95,东北,黑龙江省,双鸭山市,27,16,27,16,25,15,20,15,22,15,23,16,27,13,26,15,27,14,25,11,26,11,25,14,25,15,24,9,22,12,晴,多云,多云,小雨,多云,多云,多云,晴,晴,晴,晴,多云,多云,晴,多云
96,东北,黑龙江省,大庆市,27,16,27,16,25,15,20,15,22,15,23,16,27,13,26,15,27,14,25,11,26,11,25,14,25,15,24,9,22,12,晴,多云,多云,小雨,多云,多云,多云,晴,晴,晴,晴,多云,多云,晴,多云
97,东北,黑龙江省,伊春市,27,16,27,16,25,15,20,15,22,15,23,16,27,13,26,15,27,14,25,11,26,11,25,14,25,15,24,9,22,12,晴,多云,多云,小雨,多云,多云,多云,晴,晴,晴,晴,多云,多云,晴,多云
98,东北,黑龙江省,佳木斯市,27,16,27,16,25,15,20,15,22,15,23,16,27,13,26,15,27,14,25,11,26,11,25,14,25,15,24,9,22,12,晴,多云,多云,小雨,多云,多云,多云,晴,晴,晴,晴,多云,多云,晴,多云
99,东北,黑龙江省,七台河市,27,16,27,16,25,15,20,15,22,15,23,16,27,13,26,15,27,14,25,11,26,11,25,14,25,15,24,9,22,12,晴,多云,多云,小雨,多云,多云,多云,晴,晴,晴,晴,多云,多云,晴,多云
100,东北,黑龙江省,牡丹江市,27,16,27,16,25,15,20,15,22,15,23,16,27,13,26,15,27,14,25,11,26,11,25,14,25,15,24,9,22,12,晴,多云,多云,小雨,多云,多云,多云,晴,晴,晴,晴,多云,多云,晴,多云
101,东北,黑龙江省,黑河市,27,16,27,16,25,15,20,15,22,15,23,16,27,13,26,15,27,14,25,11,26,11,25,14,25,15,24,9,22,12,晴,多云,多云,小雨,多云,多云,多云,晴,晴,晴,晴,多云,多云,晴,多云
102,东北,黑龙江省,绥化市,27,16,27,16,25,15,20,15,22,15,23,16,27,13,26,15,27,14,25,11,26,11,25,14,25,15,24,9,22,12,晴,多云,多云,小雨,多云,多云,多云,晴,晴,晴,晴,多云,多云,晴,多云
103,东北,黑龙江省,大兴安岭地区,27,16,27,16,25,15,20,15,22,15,23,16,27,13,26,15,27,14,25,11,26,11,25,14,25,15,24,9,22,12,晴,多云,多云,小雨,多云,多云,多云,晴,晴,晴,晴,多云,多云,晴,多云
104,华东,上海市,上海市,27,16,27,16,25,15,20,15,22,15,23,16,27,13,26,15,27,14,25,11,26,11,25,14,25,15,24,9,22,12,晴,多云,多云,小雨,多云,多云,多云,晴,晴,晴,晴,多云,多云,晴,多云
105,华东,上海市,黄浦,27,16,27,16,25,15,20,15,22,15,23,16,27,13,26,15,27,14,25,11,26,11,25,14,25,15,24,9,22,12,晴,多云,多云,小雨,多云,多云,多云,晴,晴,晴,晴,多云,多云,晴,多云
106,华东,上海市,徐汇,27,16,27,16,25,15,20,15,22,15,23,16,27,13,26,15,27,14,25,11,26,11,25,14,25,15,24,9,22,12,晴,多云,多云,小雨,多云,多云,多云,晴,晴,晴,晴,多云,多云,晴,多云
107,华东,上海市,长宁,27,16,27,16,25,15,20,15,22,15,23,16,27,13,26,15,27,14,25,11,26,11,25,14,25,15,24,9,22,12,晴,多云,多云,小雨,多云,多云,多云,晴,晴,晴,晴,多云,多云,晴,多云
108,华东,上海市,静安,27,16,27,16,25,15,20,15,22,15,23,16,27,13,26,15,27,14,25,11,26,11,25,14,25,15,24,9,22,12,晴,多云,多云,小雨,多云,多云,多云,晴,晴,晴,晴,多云,多云,晴,多云
109,华东,上海市,普陀,27,16,27,16,25,15,20,15,22,15,23,16,27,13,26,15,27,14,25,11,26,11,25,14,25,15,24,9,22,12,晴,多云,多云,小雨,多云,多云,多云,晴,晴,晴,晴,多云,多云,晴,多云
110,华东,上海市,虹口,27,16,27,16,25,15,20,15,22,15,23,16,27,13,26,15,27,14,25,11,26,11,25,14,25,15,24,9,22,12,晴,多云,多云,小雨,多云,多云,多云,晴,晴,晴,晴,多云,多云,晴,多云
111,华东,上海市,杨浦,27,16,27,16,25,15,20,15,22,15,23,16,27,13,26,15,27,14,25,11,26,11,25,14,25,15,24,9,22,12,晴,多云,多云,小雨,多云,多云,多云,晴,晴,晴,晴,多云,多云,晴,多云
112,华东,上海市,闵行,27,16,27,16,25,15,20,15,22,15,23,16,27,13,26,15,27,14,25,11,26,11,25,14,25,15,24,9,22,12,晴,多云,多云,小雨,多云,多云,多云,晴,晴,晴,晴,多云,多云,晴,多云
113,华东,上海市,宝山,27,16,27,16,25,15,20,15,22,15,23,16,27,13,26,15,27,14,25,11,26,11,25,14,25,15,24,9,22,12,晴,多云,多云,小雨,多云,多云,多云,晴,晴,晴,晴,多云,多云,晴,多云
114,华东,上海市,嘉定,27,16,27,16,25,15,20,15,22,15,23,16,27,13,26,15,27,14,25,11,26,11,25,14,25,15,24,9,22,12,晴,多云,多云,小雨,多云,多云,多云,晴,晴,晴,晴,多云,多云,晴,多云
115,华东,上海市,浦东新区,27,16,27,16,25,15,20,15,22,15,23,16,27,13,26,15,27,14,25,11,26,11,25,14,25,15,24,9,22,12,晴,多云,多云,小雨,多云,多云,多云,晴,晴,晴,晴,多云,多云,晴,多云
116,华东,上海市,金山,27,16,27,16,25,15,20,15,22,15,23,16,27,13,26,15,27,14,25,11,26,11,25,14,25,15,24,9,22,12,晴,多云,多云,小雨,多云,多云,多云,晴,晴,晴,晴,多云,多云,晴,多云
117,华东,上海市,松江,27,16,27,16,25,15,20,15,22,15,23,16,27,13,26,15,27,14,25,11,26,11,25,14,25,15,24,9,22,12,晴,多云,多云,小雨,多云,多云,多云,晴,晴,晴,晴,多云,多云,晴,多云
118,华东,上海市,青浦,27,16,27,16,25,15,20,15,22,15,23,16,27,13,26,15,27,14,25,11,26,11,25,14,25,15,24,9,22,12,晴,多云,多云,小雨,多云,多云,多云,晴,晴,晴,晴,多云,多云,晴,多云
119,华东,上海市,奉贤,27,16,27,16,25,15,20,15,22,15,23,16,27,13,26,15,27,14,25,11,26,11,25,14,25,15,24,9,22,12,晴,多云,多云,小雨,多云,多云,多云,晴,晴,晴,晴,多云,多云,晴,多云
120,华东,上海市,崇明,27,16,27,16,25,15,20,15,22,15,23,16,27,13,26,15,27,14,25,11,26,11,25,14,25,15,24,9,22,12,晴,多云,多云,小雨,多云,多云,多云,晴,晴,晴,晴,多云,多云,晴,多云
121,华东,江苏省,南京市,27,16,27,16,25,15,20,15,22,15,23,16,27,13,26,15,27,14,25,11,26,11,25,14,25,15,24,9,22,12,晴,多云,多云,小雨,多云,多云,多云,晴,晴,晴,晴,多云,多云,晴,多云
122,华东,江苏省,无锡市,27,16,27,16,25,15,20,15,22,15,23,16,27,13,26,15,27,14,25,11,26,11,25,14,25,15,24,9,22,12,晴,多云,多云,小雨,多云,多云,多云,晴,晴,晴,晴,多云,多云,晴,多云
123,华东,江苏省,徐州市,27,16,27,16,25,15,20,15,22,15,23,16,27,13,26,15,27,14,25,11,26,11,25,14,25,15,24,9,22,12,晴,多云,多云,小雨,多云,多云,多云,晴,晴,晴,晴,多云,多云,晴,多云
124,华东,江苏省,常州市,27,16,27,16,25,15,20,15,22,15,23,16,27,13,26,15,27,14,25,11,26,11,25,14,25,15,24,9,22,12,晴,多云,多云,小雨,多云,多云,多云,晴,晴,晴,晴,多云,多云,晴,多云
125,华东,江苏省,苏州市,27,16,27,16,25,15,20,15,22,15,23,16,27,13,26,15,27,14,25,11,26,11,25,14,25,15,24,9,22,12,晴,多云,多云,小雨,多云,多云,多云,晴,晴,晴,晴,多云,多云,晴,多云
126,华东,江苏省,南通市,27,16,27,16,25,15,20,15,22,15,23,16,27,13,26,15,27,14,25,11,26,11,25,14,25,15,24,9,22,12,晴,多云,多云,小雨,多云,多云,多云,晴,晴,晴,晴,多云,多云,晴,多云
127,华东,江苏省,连云港市,27,16,27,16,25,15,20,15,22,15,23,16,27,13,26,15,27,14,25,11,26,11,25,14,25,15,24,9,22,12,晴,多云,多云,小雨,多云,多云,多云,晴,晴,晴,晴,多云,多云,晴,多云
128,华东,江苏省,淮安市,27,16,27,16,25,15,20,15,22,15,23,16,27,13,26,15,27,14,25,11,26,11,25,14,25,15,24,9,22,12,晴,多云,多云,小雨,多云,多云,多云,晴,晴,晴,晴,多云,多云,晴,多云
129,华东,江苏省,盐城市,27,16,27,16,25,15,20,15,22,15,23,16,27,13,26,15,27,14,25,11,26,11,25,14,25,15,24,9,22,12,晴,多云,多云,小雨,多云,多云,多云,晴,晴,晴,晴,多云,多云,晴,多云
130,华东,江苏省,扬州市,27,16,27,16,25,15,20,15,22,15,23,16,27,13,26,15,27,14,25,11,26,11,25,14,25,15,24,9,22,12,晴,多云,多云,小雨,多云,多云,多云,晴,晴,晴,晴,多云,多云,晴,多云
131,华东,江苏省,镇江市,27,16,27,16,25,15,20,15,22,15,23,16,27,13,26,15,27,14,25,11,26,11,25,14,25,15,24,9,22,12,晴,多云,多云,小雨,多云,多云,多云,晴,晴,晴,晴,多云,多云,晴,多云
132,华东,江苏省,泰州市,27,16,27,16,25,15,20,15,22,15,23,16,27,13,26,15,27,14,25,11,26,11,25,14,25,15,24,9,22,12,晴,多云,多云,小雨,多云,多云,多云,晴,晴,晴,晴,多云,多云,晴,多云
133,华东,江苏省,宿迁市,27,16,27,16,25,15,20,15,22,15,23,16,27,13,26,15,27,14,25,11,26,11,25,14,25,15,24,9,22,12,晴,多云,多云,小雨,多云,多云,多云,晴,晴,晴,晴,多云,多云,晴,多云
134,华东,浙江省,杭州市,27,16,27,16,25,15,20,15,22,15,23,16,27,13,26,15,27,14,25,11,26,11,25,14,25,15,24,9,22,12,晴,多云,多云,小雨,多云,多云,多云,晴,晴,晴,晴,多云,多云,晴,多云
135,华东,浙江省,宁波市,27,16,27,16,25,15,20,15,22,15,23,16,27,13,26,15,27,14,25,11,26,11,25,14,25,15,24,9,22,12,晴,多云,多云,小雨,多云,多云,多云,晴,晴,晴,晴,多云,多云,晴,多云
136,华东,浙江省,温州市,27,16,27,16,25,15,20,15,22,15,23,16,27,13,26,15,27,14,25,11,26,11,25,14,25,15,24,9,22,12,晴,多云,多云,小雨,多云,多云,多云,晴,晴,晴,晴,多云,多云,晴,多云
137,华东,浙江省,嘉兴市,27,16,27,16,25,15,20,15,22,15,23,16,27,13,26,15,27,14,25,11,26,11,25,14,25,15,24,9,22,12,晴,多云,多云,小雨,多云,多云,多云,晴,晴,晴,晴,多云,多云,晴,多云
138,华东,浙江省,湖州市,27,16,27,16,25,15,20,15,22,15,23,16,27,13,26,15,27,14,25,11,26,11,25,14,25,15,24,9,22,12,晴,多云,多云,小雨,多云,多云,多云,晴,晴,晴,晴,多云,多云,晴,多云
139,华东,浙江省,绍兴市,27,16,27,16,25,15,20,15,22,15,23,16,27,13,26,15,27,14,25,11,26,11,25,14,25,15,24,9,22,12,晴,多云,多云,小雨,多云,多云,多云,晴,晴,晴,晴,多云,多云,晴,多云
140,华东,浙江省,金华市,27,16,27,16,25,15,20,15,22,15,23,16,27,13,26,15,27,14,25,11,26,11,25,14,25,15,24,9,22,12,晴,多云,多云,小雨,多云,多云,多云,晴,晴,晴,晴,多云,多云,晴,多云
141,华东,浙江省,衢州市,27,16,27,16,25,15,20,15,22,15,23,16,27,13,26,15,27,14,25,11,26,11,25,14,25,15,24,9,22,12,晴,多云,多云,小雨,多云,多云,多云,晴,晴,晴,晴,多云,多云,晴,多云
142,华东,浙江省,舟山市,27,16,27,16,25,15,20,15,22,15,23,16,27,13,26,15,27,14,25,11,26,11,25,14,25,15,24,9,22,12,晴,多云,多云,小雨,多云,多云,多云,晴,晴,晴,晴,多云,多云,晴,多云
143,华东,浙江省,台州市,27,16,27,16,25,15,20,15,22,15,23,16,27,13,26,15,27,14,25,11,26,11,25,14,25,15,24,9,22,12,晴,多云,多云,小雨,多云,多云,多云,晴,晴,晴,晴,多云,多云,晴,多云
144,华东,浙江省,丽水市,27,16,27,16,25,15,20,15,22,15,23,16,27,13,26,15,27,14,25,11,26,11,25,14,25,15,24,9,22,12,晴,多云,多云,小雨,多云,多云,多云,晴,晴,晴,晴,多云,多云,晴,多云
145,华东,安徽省,合肥市,27,16,27,16,25,15,20,15,22,15,23,16,27,13,26,15,27,14,25,11,26,11,25,14,25,15,24,9,22,12,晴,多云,多云,小雨,多云,多云,多云,晴,晴,晴,晴,多云,多云,晴,多云
146,华东,安徽省,巢湖,27,16,27,16,25,15,20,15,22,15,23,16,27,13,26,15,27,14,25,11,26,11,25,14,25,15,24,9,22,12,晴,多云,多云,小雨,多云,多云,多云,晴,晴,晴,晴,多云,多云,晴,多云
147,华东,安徽省,芜湖市,27,16,27,16,25,15,20,15,22,15,23,16,27,13,26,15,27,14,25,11,26,11,25,14,25,15,24,9,22,12,晴,多云,多云,小雨,多云,多云,多云,晴,晴,晴,晴,多云,多云,晴,多云
148,华东,安徽省,蚌埠市,27,16,27,16,25,15,20,15,22,15,23,16,27,13,26,15,27,14,25,11,26,11,25,14,25,15,24,9,22,12,晴,多云,多云,小雨,多云,多云,多云,晴,晴,晴,晴,多云,多云,晴,多云
149,华东,安徽省,淮南市,27,16,27,16,25,15,20,15,22,15,23,16,27,13,26,15,27,14,25,11,26,11,25,14,25,15,24,9,22,12,晴,多云,多云,小雨,多云,多云,多云,晴,晴,晴,晴,多云,多云,晴,多云
150,华东,安徽省,马鞍山市,27,16,27,16,25,15,20,15,22,15,23,16,27,13,26,15,27,14,25,11,26,11,25,14,25,15,24,9,22,12,晴,多云,多云,小雨,多云,多云,多云,晴,晴,晴,晴,多云,多云,晴,多云
151,华东,安徽省,淮北市,27,16,27,16,25,15,20,15,22,15,23,16,27,13,26,15,27,14,25,11,26,11,25,14,25,15,24,9,22,12,晴,多云,多云,小雨,多云,多云,多云,晴,晴,晴,晴,多云,多云,晴,多云
152,华东,安徽省,铜陵市,27,16,27,16,25,15,20,15,22,15,23,16,27,13,26,15,27,14,25,11,26,11,25,14,25,15,24,9,22,12,晴,多云,多云,小雨,多云,多云,多云,晴,晴,晴,晴,多云,多云,晴,多云
153,华东,安徽省,安庆市,27,16,27,16,25,15,20,15,22,15,23,16,27,13,26,15,27,14,25,11,26,11,25,14,25,15,24,9,22,12,晴,多云,多云,小雨,多云,多云,多云,晴,晴,晴,晴,多云,多云,晴,多云
154,华东,安徽省,黄山市,27,16,27,16,25,15,20,15,22,15,23,16,27,13,26,15,27,14,25,11,26,11,25,14,25,15,24,9,22,12,晴,多云,多云,小雨,多云,多云,多云,晴,晴,晴,晴,多云,多云,晴,多云
155,华东,安徽省,滁州市,27,16,27,16,25,15,20,15,22,15,23,16,27,13,26,15,27,14,25,11,26,11,25,14,25,15,24,9,22,12,晴,多云,多云,小雨,多云,多云,多云,晴,晴,晴,晴,多云,多云,晴,多云
156,华东,安徽省,阜阳市,27,16,27,16,25,15,20,15,22,15,23,16,27,13,26,15,27,14,25,11,26,11,25,14,25,15,24,9,22,12,晴,多云,多云,小雨,多云,多云,多云,晴,晴,晴,晴,多云,多云,晴,多云
157,华东,安徽省,宿州市,27,16,27,16,25,15,20,15,22,15,23,16,27,13,26,15,27,14,25,11,26,11,25,14,25,15,24,9,22,12,晴,多云,多云,小雨,多云,多云,多云,晴,晴,晴,晴,多云,多云,晴,多云
158,华东,安徽省,六安市,27,16,27,16,25,15,20,15,22,15,23,16,27,13,26,15,27,14,25,11,26,11,25,14,25,15,24,9,22,12,晴,多云,多云,小雨,多云,多云,多云,晴,晴,晴,晴,多云,多云,晴,多云
159,华东,安徽省,亳州市,27,16,27,16,25,15,20,15,22,15,23,16,27,13,26,15,27,14,25,11,26,11,25,14,25,15,24,9,22,12,晴,多云,多云,小雨,多云,多云,多云,晴,晴,晴,晴,多云,多云,晴,多云
160,华东,安徽省,池州市,27,16,27,16,25,15,20,15,22,15,23,16,27,13,26,15,27,14,25,11,26,11,25,14,25,15,24,9,22,12,晴,多云,多云,小雨,多云,多云,多云,晴,晴,晴,晴,多云,多云,晴,多云
161,华东,安徽省,宣城市,27,16,27,16,25,15,20,15,22,15,23,16,27,13,26,15,27,14,25,11,26,11,25,14,25,15,24,9,22,12,晴,多云,多云,小雨,多云,多云,多云,晴,晴,晴,晴,多云,多云,晴,多云
162,华东,福建省,福州市,27,16,27,16,25,15,20,15,22,15,23,16,27,13,26,15,27,14,25,11,26,11,25,14,25,15,24,9,22,12,晴,多云,多云,小雨,多云,多云,多云,晴,晴,晴,晴,多云,多云,晴,多云
163,华东,福建省,厦门市,27,16,27,16,25,15,20,15,22,15,23,16,27,13,26,15,27,14,25,11,26,11,25,14,25,15,24,9,22,12,晴,多云,多云,小雨,多云,多云,多云,晴,晴,晴,晴,多云,多云,晴,多云
164,华东,福建省,莆田市,27,16,27,16,25,15,20,15,22,15,23,16,27,13,26,15,27,14,25,11,26,11,25,14,25,15,24,9,22,12,晴,多云,多云,小雨,多云,多云,多云,晴,晴,晴,晴,多云,多云,晴,多云
165,华东,福建省,三明市,27,16,27,16,25,15,20,15,22,15,23,16,27,13,26,15,27,14,25,11,26,11,25,14,25,15,24,9,22,12,晴,多云,多云,小雨,多云,多云,多云,晴,晴,晴,晴,多云,多云,晴,多云
166,华东,福建省,泉州市,27,16,27,16,25,15,20,15,22,15,23,16,27,13,26,15,27,14,25,11,26,11,25,14,25,15,24,9,22,12,晴,多云,多云,小雨,多云,多云,多云,晴,晴,晴,晴,多云,多云,晴,多云
167,华东,福建省,漳州市,27,16,27,16,25,15,20,15,22,15,23,16,27,13,26,15,27,14,25,11,26,11,25,14,25,15,24,9,22,12,晴,多云,多云,小雨,多云,多云,多云,晴,晴,晴,晴,多云,多云,晴,多云
168,华东,福建省,南平市,27,16,27,16,25,15,20,15,22,15,23,16,27,13,26,15,27,14,25,11,26,11,25,14,25,15,24,9,22,12,晴,多云,多云,小雨,多云,多云,多云,晴,晴,晴,晴,多云,多云,晴,多云
169,华东,福建省,龙岩市,27,16,27,16,25,15,20,15,22,15,23,16,27,13,26,15,27,14,25,11,26,11,25,14,25,15,24,9,22,12,晴,多云,多云,小雨,多云,多云,多云,晴,晴,晴,晴,多云,多云,晴,多云
170,华东,福建省,宁德市,27,16,27,16,25,15,20,15,22,15,23,16,27,13,26,15,27,14,25,11,26,11,25,14,25,15,24,9,22,12,晴,多云,多云,小雨,多云,多云,多云,晴,晴,晴,晴,多云,多云,晴,多云
171,华东,江西省,南昌市,27,16,27,16,25,15,20,15,22,15,23,16,27,13,26,15,27,14,25,11,26,11,25,14,25,15,24,9,22,12,晴,多云,多云,小雨,多云,多云,多云,晴,晴,晴,晴,多云,多云,晴,多云
172,华东,江西省,景德镇市,27,16,27,16,25,15,20,15,22,15,23,16,27,13,26,15,27,14,25,11,26,11,25,14,25,15,24,9,22,12,晴,多云,多云,小雨,多云,多云,多云,晴,晴,晴,晴,多云,多云,晴,多云
173,华东,江西省,萍乡市,27,16,27,16,25,15,20,15,22,15,23,16,27,13,26,15,27,14,25,11,26,11,25,14,25,15,24,9,22,12,晴,多云,多云,小雨,多云,多云,多云,晴,晴,晴,晴,多云,多云,晴,多云
174,华东,江西省,九江市,27,16,27,16,25,15,20,15,22,15,23,16,27,13,26,15,27,14,25,11,26,11,25,14,25,15,24,9,22,12,晴,多云,多云,小雨,多云,多云,多云,晴,晴,晴,晴,多云,多云,晴,多云
175,华东,江西省,新余市,27,16,27,16,25,15,20,15,22,15,23,16,27,13,26,15,27,14,25,11,26,11,25,14,25,15,24,9,22,12,晴,多云,多云,小雨,多云,多云,多云,晴,晴,晴,晴,多云,多云,晴,多云
176,华东,江西省,鹰潭市,27,16,27,16,25,15,20,15,22,15,23,16,27,13,26,15,27,14,25,11,26,11,25,14,25,15,24,9,22,12,晴,多云,多云,小雨,多云,多云,多云,晴,晴,晴,晴,多云,多云,晴,多云
177,华东,江西省,赣州市,27,16,27,16,25,15,20,15,22,15,23,16,27,13,26,15,27,14,25,11,26,11,25,14,25,15,24,9,22,12,晴,多云,多云,小雨,多云,多云,多云,晴,晴,晴,晴,多云,多云,晴,多云
178,华东,江西省,吉安市,27,16,27,16,25,15,20,15,22,15,23,16,27,13,26,15,27,14,25,11,26,11,25,14,25,15,24,9,22,12,晴,多云,多云,小雨,多云,多云,多云,晴,晴,晴,晴,多云,多云,晴,多云
179,华东,江西省,宜春市,27,16,27,16,25,15,20,15,22,15,23,16,27,13,26,15,27,14,25,11,26,11,25,14,25,15,24,9,22,12,晴,多云,多云,小雨,多云,多云,多云,晴,晴,晴,晴,多云,多云,晴,多云
180,华东,江西省,抚州市,27,16,27,16,25,15,20,15,22,15,23,16,27,13,26,15,27,14,25,11,26,11,25,14,25,15,24,9,22,12,晴,多云,多云,小雨,多云,多云,多云,晴,晴,晴,晴,多云,多云,晴,多云
181,华东,江西省,上饶市,27,16,27,16,25,15,20,15,22,15,23,16,27,13,26,15,27,14,25,11,26,11,25,14,25,15,24,9,22,12,晴,多云,多云,小雨,多云,多云,多云,晴,晴,晴,晴,多云,多云,晴,多云
182,华东,山东省,济南市,27,16,27,16,25,15,20,15,22,15,23,16,27,13,26,15,27,14,25,11,26,11,25,14,25,15,24,9,22,12,晴,多云,多云,小雨,多云,多云,多云,晴,晴,晴,晴,多云,多云,晴,多云
183,华东,山东省,莱芜,27,16,27,16,25,15,20,15,22,15,23,16,27,13,26,15,27,14,25,11,26,11,25,14,25,15,24,9,22,12,晴,多云,多云,小雨,多云,多云,多云,晴,晴,晴,晴,多云,多云,晴,多云
184,华东,山东省,青岛市,27,16,27,16,25,15,20,15,22,15,23,16,27,13,26,15,27,14,25,11,26,11,25,14,25,15,24,9,22,12,晴,多云,多云,小雨,多云,多云,多云,晴,晴,晴,晴,多云,多云,晴,多云
185,华东,山东省,淄博市,27,16,27,16,25,15,20,15,22,15,23,16,27,13,26,15,27,14,25,11,26,11,25,14,25,15,24,9,22,12,晴,多云,多云,小雨,多云,多云,多云,晴,晴,晴,晴,多云,多云,晴,多云
186,华东,山东省,枣庄市,27,16,27,16,25,15,20,15,22,15,23,16,27,13,26,15,27,14,25,11,26,11,25,14,25,15,24,9,22,12,晴,多云,多云,小雨,多云,多云,多云,晴,晴,晴,晴,多云,多云,晴,多云
187,华东,山东省,东营市,27,16,27,16,25,15,20,15,22,15,23,16,27,13,26,15,27,14,25,11,26,11,25,14,25,15,24,9,22,12,晴,多云,多云,小雨,多云,多云,多云,晴,晴,晴,晴,多云,多云,晴,多云
188,华东,山东省,烟台市,27,16,27,16,25,15,20,15,22,15,23,16,27,13,26,15,27,14,25,11,26,11,25,14,25,15,24,9,22,12,晴,多云,多云,小雨,多云,多云,多云,晴,晴,晴,晴,多云,多云,晴,多云
189,华东,山东省,潍坊市,27,16,27,16,25,15,20,15,22,15,23,16,27,13,26,15,27,14,25,11,26,11,25,14,25,15,24,9,22,12,晴,多云,多云,小雨,多云,多云,多云,晴,晴,晴,晴,多云,多云,晴,多云
190,华东,山东省,济宁市,27,16,27,16,25,15,20,15,22,15,23,16,27,13,26,15,27,14,25,11,26,11,25,14,25,15,24,9,22,12,晴,多云,多云,小雨,多云,多云,多云,晴,晴,晴,晴,多云,多云,晴,多云
191,华东,山东省,泰安市,27,16,27,16,25,15,20,15,22,15,23,16,27,13,26,15,27,14,25,11,26,11,25,14,25,15,24,9,22,12,晴,多云,多云,小雨,多云,多云,多云,晴,晴,晴,晴,多云,多云,晴,多云
192,华东,山东省,威海市,27,16,27,16,25,15,20,15,22,15,23,16,27,13,26,15,27,14,25,11,26,11,25,14,25,15,24,9,22,12,晴,多云,多云,小雨,多云,多云,多云,晴,晴,晴,晴,多云,多云,晴,多云
193,华东,山东省,日照市,27,16,27,16,25,15,20,15,22,15,23,16,27,13,26,15,27,14,25,11,26,11,25,14,25,15,24,9,22,12,晴,多云,多云,小雨,多云,多云,多云,晴,晴,晴,晴,多云,多云,晴,多云
194,华东,山东省,临沂市,27,16,27,16,25,15,20,15,22,15,23,16,27,13,26,15,27,14,25,11,26,11,25,14,25,15,24,9,22,12,晴,多云,多云,小雨,多云,多云,多云,晴,晴,晴,晴,多云,多云,晴,多云
195,华东,山东省,德州市,27,16,27,16,25,15,20,15,22,15,23,16,27,13,26,15,27,14,25,11,26,11,25,14,25,15,24,9,22,12,晴,多云,多云,小雨,多云,多云,多云,晴,晴,晴,晴,多云,多云,晴,多云
196,华东,山东省,聊城市,27,16,27,16,25,15,20,15,22,15,23,16,27,13,26,15,27,14,25,11,26,11,25,14,25,15,24,9,22,12,晴,多云,多云,小雨,多云,多云,多云,晴,晴,晴,晴,多云,多云,晴,多云
197,华东,山东省,滨州市,27,16,27,16,25,15,20,15,22,15,23,16,27,13,26,15,27,14,25,11,26,11,25,14,25,15,24,9,22,12,晴,多云,多云,小雨,多云,多云,多云,晴,晴,晴,晴,多云,多云,晴,多云
198,华东,山东省,菏泽市,27,16,27,16,25,15,20,15,22,15,23,16,27,13,26,15,27,14,25,11,26,11,25,14,25,15,24,9,22,12,晴,多云,多云,小雨,多云,多云,多云,晴,晴,晴,晴,多云,多云,晴,多云
199,华中,河南省,郑州市,27,16,27,16,25,15,20,15,22,15,23,16,27,13,26,15,27,14,25,11,26,11,25,14,25,15,24,9,22,12,晴,多云,多云,小雨,多云,多云,多云,晴,晴,晴,晴,多云,多云,晴,多云
200,华中,河南省,开封市,27,16,27,16,25,15,20,15,22,15,23,16,27,13,26,15,27,14,25,11,26,11,25,14,25,15,24,9,22,12,晴,多云,多云,小雨,多云,多云,多云,晴,晴,晴,晴,多云,多云,晴,多云
201,华中,河南省,洛阳市,27,16,27,16,25,15,20,15,22,15,23,16,27,13,26,15,27,14,25,11,26,11,25,14,25,15,24,9,22,12,晴,多云,多云,小雨,多云,多云,多云,晴,晴,晴,晴,多云,多云,晴,多云
202,华中,河南省,平顶山市,27,16,27,16,25,15,20,15,22,15,23,16,27,13,26,15,27,14,25,11,26,11,25,14,25,15,24,9,22,12,晴,多云,多云,小雨,多云,多云,多云,晴,晴,晴,晴,多云,多云,晴,多云
203,华中,河南省,安阳市,27,16,27,16,25,15,20,15,22,15,23,16,27,13,26,15,27,14,25,11,26,11,25,14,25,15,24,9,22,12,晴,多云,多云,小雨,多云,多云,多云,晴,晴,晴,晴,多云,多云,晴,多云
204,华中,河南省,鹤壁市,27,16,27,16,25,15,20,15,22,15,23,16,27,13,26,15,27,14,25,11,26,11,25,14,25,15,24,9,22,12,晴,多云,多云,小雨,多云,多云,多云,晴,晴,晴,晴,多云,多云,晴,多云
205,华中,河南省,新乡市,27,16,27,16,25,15,20,15,22,15,23,16,27,13,26,15,27,14,25,11,26,11,25,14,25,15,24,9,22,12,晴,多云,多云,小雨,多云,多云,多云,晴,晴,晴,晴,多云,多云,晴,多云
206,华中,河南省,焦作市,27,16,27,16,25,15,20,15,22,15,23,16,27,13,26,15,27,14,25,11,26,11,25,14,25,15,24,9,22,12,晴,多云,多云,小雨,多云,多云,多云,晴,晴,晴,晴,多云,多云,晴,多云
207,华中,河南省,濮阳市,27,16,27,16,25,15,20,15,22,15,23,16,27,13,26,15,27,14,25,11,26,11,25,14,25,15,24,9,22,12,晴,多云,多云,小雨,多云,多云,多云,晴,晴,晴,晴,多云,多云,晴,多云
208,华中,河南省,许昌市,27,16,27,16,25,15,20,15,22,15,23,16,27,13,26,15,27,14,25,11,26,11,25,14,25,15,24,9,22,12,晴,多云,多云,小雨,多云,多云,多云,晴,晴,晴,晴,多云,多云,晴,多云
209,华中,河南省,漯河市,27,16,27,16,25,15,20,15,22,15,23,16,27,13,26,15,27,14,25,11,26,11,25,14,25,15,24,9,22,12,晴,多云,多云,小雨,多云,多云,多云,晴,晴,晴,晴,多云,多云,晴,多云
210,华中,河南省,三门峡市,27,16,27,16,25,15,20,15,22,15,23,16,27,13,26,15,27,14,25,11,26,11,25,14,25,15,24,9,22,12,晴,多云,多云,小雨,多云,多云,多云,晴,晴,晴,晴,多云,多云,晴,多云
211,华中,河南省,南阳市,27,16,27,16,25,15,20,15,22,15,23,16,27,13,26,15,27,14,25,11,26,11,25,14,25,15,24,9,22,12,晴,多云,多云,小雨,多云,多云,多云,晴,晴,晴,晴,多云,多云,晴,多云
212,华中,河南省,商丘市,27,16,27,16,25,15,20,15,22,15,23,16,27,13,26,15,27,14,25,11,26,11,25,14,25,15,24,9,22,12,晴,多云,多云,小雨,多云,多云,多云,晴,晴,晴,晴,多云,多云,晴,多云
213,华中,河南省,信阳市,27,16,27,16,25,15,20,15,22,15,23,16,27,13,26,15,27,14,25,11,26,11,25,14,25,15,24,9,22,12,晴,多云,多云,小雨,多云,多云,多云,晴,晴,晴,晴,多云,多云,晴,多云
214,华中,河南省,周口市,27,16,27,16,25,15,20,15,22,15,23,16,27,13,26,15,27,14,25,11,26,11,25,14,25,15,24,9,22,12,晴,多云,多云,小雨,多云,多云,多云,晴,晴,晴,晴,多云,多云,晴,多云
215,华中,河南省,驻马店市,27,16,27,16,25,15,20,15,22,15,23,16,27,13,26,15,27,14,25,11,26,11,25,14,25,15,24,9,22,12,晴,多云,多云,小雨,多云,多云,多云,晴,晴,晴,晴,多云,多云,晴,多云
216,华中,河南省,济源,27,16,27,16,25,15,20,15,22,15,23,16,27,13,26,15,27,14,25,11,26,11,25,14,25,15,24,9,22,12,晴,多云,多云,小雨,多云,多云,多云,晴,晴,晴,晴,多云,多云,晴,多云
217,华中,湖北省,武汉市,27,16,27,16,25,15,20,15,22,15,23,16,27,13,26,15,27,14,25,11,26,11,25,14,25,15,24,9,22,12,晴,多云,多云,小雨,多云,多云,多云,晴,晴,晴,晴,多云,多云,晴,多云
218,华中,湖北省,黄石市,27,16,27,16,25,15,20,15,22,15,23,16,27,13,26,15,27,14,25,11,26,11,25,14,25,15,24,9,22,12,晴,多云,多云,小雨,多云,多云,多云,晴,晴,晴,晴,多云,多云,晴,多云
219,华中,湖北省,十堰市,27,16,27,16,25,15,20,15,22,15,23,16,27,13,26,15,27,14,25,11,26,11,25,14,25,15,24,9,22,12,晴,多云,多云,小雨,多云,多云,多云,晴,晴,晴,晴,多云,多云,晴,多云
220,华中,湖北省,宜昌市,27,16,27,16,25,15,20,15,22,15,23,16,27,13,26,15,27,14,25,11,26,11,25,14,25,15,24,9,22,12,晴,多云,多云,小雨,多云,多云,多云,晴,晴,晴,晴,多云,多云,晴,多云
221,华中,湖北省,襄阳市,27,16,27,16,25,15,20,15,22,15,23,16,27,13,26,15,27,14,25,11,26,11,25,14,25,15,24,9,22,12,晴,多云,多云,小雨,多云,多云,多云,晴,晴,晴,晴,多云,多云,晴,多云
222,华中,湖北省,鄂州市,27,16,27,16,25,15,20,15,22,15,23,16,27,13,26,15,27,14,25,11,26,11,25,14,25,15,24,9,22,12,晴,多云,多云,小雨,多云,多云,多云,晴,晴,晴,晴,多云,多云,晴,多云
223,华中,湖北省,荆门市,27,16,27,16,25,15,20,15,22,15,23,16,27,13,26,15,27,14,25,11,26,11,25,14,25,15,24,9,22,12,晴,多云,多云,小雨,多云,多云,多云,晴,晴,晴,晴,多云,多云,晴,多云
224,华中,湖北省,孝感市,27,16,27,16,25,15,20,15,22,15,23,16,27,13,26,15,27,14,25,11,26,11,25,14,25,15,24,9,22,12,晴,多云,多云,小雨,多云,多云,多云,晴,晴,晴,晴,多云,多云,晴,多云
225,华中,湖北省,荆州市,27,16,27,16,25,15,20,15,22,15,23,16,27,13,26,15,27,14,25,11,26,11,25,14,25,15,24,9,22,12,晴,多云,多云,小雨,多云,多云,多云,晴,晴,晴,晴,多云,多云,晴,多云
226,华中,湖北省,黄冈市,27,16,27,16,25,15,20,15,22,15,23,16,27,13,26,15,27,14,25,11,26,11,25,14,25,15,24,9,22,12,晴,多云,多云,小雨,多云,多云,多云,晴,晴,晴,晴,多云,多云,晴,多云
227,华中,湖北省,咸宁市,27,16,27,16,25,15,20,15,22,15,23,16,27,13,26,15,27,14,25,11,26,11,25,14,25,15,24,9,22,12,晴,多云,多云,小雨,多云,多云,多云,晴,晴,晴,晴,多云,多云,晴,多云
228,华中,湖北省,随州市,27,16,27,16,25,15,20,15,22,15,23,16,27,13,26,15,27,14,25,11,26,11,25,14,25,15,24,9,22,12,晴,多云,多云,小雨,多云,多云,多云,晴,晴,晴,晴,多云,多云,晴,多云
229,华中,湖北省,恩施土家族苗族自治州,27,16,27,16,25,15,20,15,22,15,23,16,27,13,26,15,27,14,25,11,26,11,25,14,25,15,24,9,22,12,晴,多云,多云,小雨,多云,多云,多云,晴,晴,晴,晴,多云,多云,晴,多云
230,华中,湖北省,仙桃,27,16,27,16,25,15,20,15,22,15,23,16,27,13,26,15,27,14,25,11,26,11,25,14,25,15,24,9,22,12,晴,多云,多云,小雨,多云,多云,多云,晴,晴,晴,晴,多云,多云,晴,多云
231,华中,湖北省,潜江,27,16,27,16,25,15,20,15,22,15,23,16,27,13,26,15,27,14,25,11,26,11,25,14,25,15,24,9,22,12,晴,多云,多云,小雨,多云,多云,多云,晴,晴,晴,晴,多云,多云,晴,多云
232,华中,湖北省,天门,27,16,27,16,25,15,20,15,22,15,23,16,27,13,26,15,27,14,25,11,26,11,25,14,25,15,24,9,22,12,晴,多云,多云,小雨,多云,多云,多云,晴,晴,晴,晴,多云,多云,晴,多云
233,华中,湖北省,神农架,27,16,27,16,25,15,20,15,22,15,23,16,27,13,26,15,27,14,25,11,26,11,25,14,25,15,24,9,22,12,晴,多云,多云,小雨,多云,多云,多云,晴,晴,晴,晴,多云,多云,晴,多云
234,华中,湖南省,长沙市,27,16,27,16,25,15,20,15,22,15,23,16,27,13,26,15,27,14,25,11,26,11,25,14,25,15,24,9,22,12,晴,多云,多云,小雨,多云,多云,多云,晴,晴,晴,晴,多云,多云,晴,多云
235,华中,湖南省,株洲市,27,16,27,16,25,15,20,15,22,15,23,16,27,13,26,15,27,14,25,11,26,11,25,14,25,15,24,9,22,12,晴,多云,多云,小雨,多云,多云,多云,晴,晴,晴,晴,多云,多云,晴,多云
236,华中,湖南省,湘潭市,27,16,27,16,25,15,20,15,22,15,23,16,27,13,26,15,27,14,25,11,26,11,25,14,25,15,24,9,22,12,晴,多云,多云,小雨,多云,多云,多云,晴,晴,晴,晴,多云,多云,晴,多云
237,华中,湖南省,衡阳市,27,16,27,16,25,15,20,15,22,15,23,16,27,13,26,15,27,14,25,11,26,11,25,14,25,15,24,9,22,12,晴,多云,多云,小雨,多云,多云,多云,晴,晴,晴,晴,多云,多云,晴,多云
238,华中,湖南省,邵阳市,27,16,27,16,25,15,20,15,22,15,23,16,27,13,26,15,27,14,25,11,26,11,25,14,25,15,24,9,22,12,晴,多云,多云,小雨,多云,多云,多云,晴,晴,晴,晴,多云,多云,晴,多云
239,华中,湖南省,岳阳市,27,16,27,16,25,15,20,15,22,15,23,16,27,13,26,15,27,14,25,11,26,11,25,14,25,15,24,9,22,12,晴,多云,多云,小雨,多云,多云,多云,晴,晴,晴,晴,多云,多云,晴,多云
240,华中,湖南省,常德市,27,16,27,16,25,15,20,15,22,15,23,16,27,13,26,15,27,14,25,11,26,11,25,14,25,15,24,9,22,12,晴,多云,多云,小雨,多云,多云,多云,晴,晴,晴,晴,多云,多云,晴,多云
241,华中,湖南省,张家界市,27,16,27,16,25,15,20,15,22,15,23,16,27,13,26,15,27,14,25,11,26,11,25,14,25,15,24,9,22,12,晴,多云,多云,小雨,多云,多云,多云,晴,晴,晴,晴,多云,多云,晴,多云
242,华中,湖南省,益阳市,27,16,27,16,25,15,20,15,22,15,23,16,27,13,26,15,27,14,25,11,26,11,25,14,25,15,24,9,22,12,晴,多云,多云,小雨,多云,多云,多云,晴,晴,晴,晴,多云,多云,晴,多云
243,华中,湖南省,郴州市,27,16,27,16,25,15,20,15,22,15,23,16,27,13,26,15,27,14,25,11,26,11,25,14,25,15,24,9,22,12,晴,多云,多云,小雨,多云,多云,多云,晴,晴,晴,晴,多云,多云,晴,多云
244,华中,湖南省,永州市,27,16,27,16,25,15,20,15,22,15,23,16,27,13,26,15,27,14,25,11,26,11,25,14,25,15,24,9,22,12,晴,多云,多云,小雨,多云,多云,多云,晴,晴,晴,晴,多云,多云,晴,多云
245,华中,湖南省,怀化市,27,16,27,16,25,15,20,15,22,15,23,16,27,13,26,15,27,14,25,11,26,11,25,14,25,15,24,9,22,12,晴,多云,多云,小雨,多云,多云,多云,晴,晴,晴,晴,多云,多云,晴,多云
246,华中,湖南省,娄底市,27,16,27,16,25,15,20,15,22,15,23,16,27,13,26,15,27,14,25,11,26,11,25,14,25,15,24,9,22,12,晴,多云,多云,小雨,多云,多云,多云,晴,晴,晴,晴,多云,多云,晴,多云
247,华中,湖南省,湘西土家族苗族自治州,27,16,27,16,25,15,20,15,22,15,23,16,27,13,26,15,27,14,25,11,26,11,25,14,25,15,24,9,22,12,晴,多云,多云,小雨,多云,多云,多云,晴,晴,晴,晴,多云,多云,晴,多云
248,华南,广东省,广州市,27,16,27,16,25,15,20,15,22,15,23,16,27,13,26,15,27,14,25,11,26,11,25,14,25,15,24,9,22,12,晴,多云,多云,小雨,多云,多云,多云,晴,晴,晴,晴,多云,多云,晴,多云
249,华南,广东省,韶关市,27,16,27,16,25,15,20,15,22,15,23,16,27,13,26,15,27,14,25,11,26,11,25,14,25,15,24,9,22,12,晴,多云,多云,小雨,多云,多云,多云,晴,晴,晴,晴,多云,多云,晴,多云
250,华南,广东省,深圳市,27,16,27,16,25,15,20,15,22,15,23,16,27,13,26,15,27,14,25,11,26,11,25,14,25,15,24,9,22,12,晴,多云,多云,小雨,多云,多云,多云,晴,晴,晴,晴,多云,多云,晴,多云
251,华南,广东省,珠海市,27,16,27,16,25,15,20,15,22,15,23,16,27,13,26,15,27,14,25,11,26,11,25,14,25,15,24,9,22,12,晴,多云,多云,小雨,多云,多云,多云,晴,晴,晴,晴,多云,多云,晴,多云
252,华南,广东省,汕头市,27,16,27,16,25,15,20,15,22,15,23,16,27,13,26,15,27,14,25,11,26,11,25,14,25,15,24,9,22,12,晴,多云,多云,小雨,多云,多云,多云,晴,晴,晴,晴,多云,多云,晴,多云
253,华南,广东省,佛山市,27,16,27,16,25,15,20,15,22,15,23,16,27,13,26,15,27,14,25,11,26,11,25,14,25,15,24,9,22,12,晴,多云,多云,小雨,多云,多云,多云,晴,晴,晴,晴,多云,多云,晴,多云
254,华南,广东省,江门市,27,16,27,16,25,15,20,15,22,15,23,16,27,13,26,15,27,14,25,11,26,11,25,14,25,15,24,9,22,12,晴,多云,多云,小雨,多云,多云,多云,晴,晴,晴,晴,多云,多云,晴,多云
255,华南,广东省,湛江市,27,16,27,16,25,15,20,15,22,15,23,16,27,13,26,15,27,14,25,11,26,11,25,14,25,15,24,9,22,12,晴,多云,多云,小雨,多云,多云,多云,晴,晴,晴,晴,多云,多云,晴,多云
256,华南,广东省,茂名市,27,16,27,16,25,15,20,15,22,15,23,16,27,13,26,15,27,14,25,11,26,11,25,14,25,15,24,9,22,12,晴,多云,多云,小雨,多云,多云,多云,晴,晴,晴,晴,多云,多云,晴,多云
257,华南,广东省,肇庆市,27,16,27,16,25,15,20,15,22,15,23,16,27,13,26,15,27,14,25,11,26,11,25,14,25,15,24,9,22,12,晴,多云,多云,小雨,多云,多云,多云,晴,晴,晴,晴,多云,多云,晴,多云
258,华南,广东省,惠州市,27,16,27,16,25,15,20,15,22,15,23,16,27,13,26,15,27,14,25,11,26,11,25,14,25,15,24,9,22,12,晴,多云,多云,小雨,多云,多云,多云,晴,晴,晴,晴,多云,多云,晴,多云
259,华南,广东省,梅州市,27,16,27,16,25,15,20,15,22,15,23,16,27,13,26,15,27,14,25,11,26,11,25,14,25,15,24,9,22,12,晴,多云,多云,小雨,多云,多云,多云,晴,晴,晴,晴,多云,多云,晴,多云
260,华南,广东省,汕尾市,27,16,27,16,25,15,20,15,22,15,23,16,27,13,26,15,27,14,25,11,26,11,25,14,25,15,24,9,22,12,晴,多云,多云,小雨,多云,多云,多云,晴,晴,晴,晴,多云,多云,晴,多云
261,华南,广东省,河源市,27,16,27,16,25,15,20,15,22,15,23,16,27,13,26,15,27,14,25,11,26,11,25,14,25,15,24,9,22,12,晴,多云,多云,小雨,多云,多云,多云,晴,晴,晴,晴,多云,多云,晴,多云
262,华南,广东省,阳江市,27,16,27,16,25,15,20,15,22,15,23,16,27,13,26,15,27,14,25,11,26,11,25,14,25,15,24,9,22,12,晴,多云,多云,小雨,多云,多云,多云,晴,晴,晴,晴,多云,多云,晴,多云
263,华南,广东省,清远市,27,16,27,16,25,15,20,15,22,15,23,16,27,13,26,15,27,14,25,11,26,11,25,14,25,15,24,9,22,12,晴,多云,多云,小雨,多云,多云,多云,晴,晴,晴,晴,多云,多云,晴,多云
264,华南,广东省,东莞,27,16,27,16,25,15,20,15,22,15,23,16,27,13,26,15,27,14,25,11,26,11,25,14,25,15,24,9,22,12,晴,多云,多云,小雨,多云,多云,多云,晴,晴,晴,晴,多云,多云,晴,多云
265,华南,广东省,中山,27,16,27,16,25,15,20,15,22,15,23,16,27,13,26,15,27,14,25,11,26,11,25,14,25,15,24,9,22,12,晴,多云,多云,小雨,多云,多云,多云,晴,晴,晴,晴,多云,多云,晴,多云
266,华南,广东省,潮州市,27,16,27,16,25,15,20,15,22,15,23,16,27,13,26,15,27,14,25,11,26,11,25,14,25,15,24,9,22,12,晴,多云,多云,小雨,多云,多云,多云,晴,晴,晴,晴,多云,多云,晴,多云
267,华南,广东省,揭阳市,27,16,27,16,25,15,20,15,22,15,23,16,27,13,26,15,27,14,25,11,26,11,25,14,25,15,24,9,22,12,晴,多云,多云,小雨,多云,多云,多云,晴,晴,晴,晴,多云,多云,晴,多云
268,华南,广东省,云浮市,27,16,27,16,25,15,20,15,22,15,23,16,27,13,26,15,27,14,25,11,26,11,25,14,25,15,24,9,22,12,晴,多云,多云,小雨,多云,多云,多云,晴,晴,晴,晴,多云,多云,晴,多云
269,华南,广西壮族自治区,南宁市,27,16,27,16,25,15,20,15,22,15,23,16,27,13,26,15,27,14,25,11,26,11,25,14,25,15,24,9,22,12,晴,多云,多云,小雨,多云,多云,多云,晴,晴,晴,晴,多云,多云,晴,多云
270,华南,广西壮族自治区,柳州市,27,16,27,16,25,15,20,15,22,15,23,16,27,13,26,15,27,14,25,11,26,11,25,14,25,15,24,9,22,12,晴,多云,多云,小雨,多云,多云,多云,晴,晴,晴,晴,多云,多云,晴,多云
271,华南,广西壮族自治区,桂林市,27,16,27,16,25,15,20,15,22,15,23,16,27,13,26,15,27,14,25,11,26,11,25,14,25,15,24,9,22,12,晴,多云,多云,小雨,多云,多云,多云,晴,晴,晴,晴,多云,多云,晴,多云
272,华南,广西壮族自治区,梧州市,27,16,27,16,25,15,20,15,22,15,23,16,27,13,26,15,27,14,25,11,26,11,25,14,25,15,24,9,22,12,晴,多云,多云,小雨,多云,多云,多云,晴,晴,晴,晴,多云,多云,晴,多云
273,华南,广西壮族自治区,北海市,27,16,27,16,25,15,20,15,22,15,23,16,27,13,26,15,27,14,25,11,26,11,25,14,25,15,24,9,22,12,晴,多云,多云,小雨,多云,多云,多云,晴,晴,晴,晴,多云,多云,晴,多云
274,华南,广西壮族自治区,防城港市,27,16,27,16,25,15,20,15,22,15,23,16,27,13,26,15,27,14,25,11,26,11,25,14,25,15,24,9,22,12,晴,多云,多云,小雨,多云,多云,多云,晴,晴,晴,晴,多云,多云,晴,多云
275,华南,广西壮族自治区,钦州市,27,16,27,16,25,15,20,15,22,15,23,16,27,13,26,15,27,14,25,11,26,11,25,14,25,15,24,9,22,12,晴,多云,多云,小雨,多云,多云,多云,晴,晴,晴,晴,多云,多云,晴,多云
276,华南,广西壮族自治区,贵港市,27,16,27,16,25,15,20,15,22,15,23,16,27,13,26,15,27,14,25,11,26,11,25,14,25,15,24,9,22,12,晴,多云,多云,小雨,多云,多云,多云,晴,晴,晴,晴,多云,多云,晴,多云
277,华南,广西壮族自治区,玉林市,27,16,27,16,25,15,20,15,22,15,23,16,27,13,26,15,27,14,25,11,26,11,25,14,25,15,24,9,22,12,晴,多云,多云,小雨,多云,多云,多云,晴,晴,晴,晴,多云,多云,晴,多云
278,华南,广西壮族自治区,百色市,27,16,27,16,25,15,20,15,22,15,23,16,27,13,26,15,27,14,25,11,26,11,25,14,25,15,24,9,22,12,晴,多云,多云,小雨,多云,多云,多云,晴,晴,晴,晴,多云,多云,晴,多云
279,华南,广西壮族自治区,贺州市,27,16,27,16,25,15,20,15,22,15,23,16,27,13,26,15,27,14,25,11,26,11,25,14,25,15,24,9,22,12,晴,多云,多云,小雨,多云,多云,多云,晴,晴,晴,晴,多云,多云,晴,多云
280,华南,广西壮族自治区,河池市,27,16,27,16,25,15,20,15,22,15,23,16,27,13,26,15,27,14,25,11,26,11,25,14,25,15,24,9,22,12,晴,多云,多云,小雨,多云,多云,多云,晴,晴,晴,晴,多云,多云,晴,多云
281,华南,广西壮族自治区,来宾市,27,16,27,16,25,15,20,15,22,15,23,16,27,13,26,15,27,14,25,11,26,11,25,14,25,15,24,9,22,12,晴,多云,多云,小雨,多云,多云,多云,晴,晴,晴,晴,多云,多云,晴,多云
282,华南,广西壮族自治区,崇左市,27,16,27,16,25,15,20,15,22,15,23,16,27,13,26,15,27,14,25,11,26,11,25,14,25,15,24,9,22,12,晴,多云,多云,小雨,多云,多云,多云,晴,晴,晴,晴,多云,多云,晴,多云
283,华南,海南省,海口市,27,16,27,16,25,15,20,15,22,15,23,16,27,13,26,15,27,14,25,11,26,11,25,14,25,15,24,9,22,12,晴,多云,多云,小雨,多云,多云,多云,晴,晴,晴,晴,多云,多云,晴,多云
284,华南,海南省,三亚市,27,16,27,16,25,15,20,15,22,15,23,16,27,13,26,15,27,14,25,11,26,11,25,14,25,15,24,9,22,12,晴,多云,多云,小雨,多云,多云,多云,晴,晴,晴,晴,多云,多云,晴,多云
285,华南,海南省,三沙市,27,16,27,16,25,15,20,15,22,15,23,16,27,13,26,15,27,14,25,11,26,11,25,14,25,15,24,9,22,12,晴,多云,多云,小雨,多云,多云,多云,晴,晴,晴,晴,多云,多云,晴,多云
286,华南,海南省,西沙,27,16,27,16,25,15,20,15,22,15,23,16,27,13,26,15,27,14,25,11,26,11,25,14,25,15,24,9,22,12,晴,多云,多云,小雨,多云,多云,多云,晴,晴,晴,晴,多云,多云,晴,多云
287,华南,海南省,南沙,27,16,27,16,25,15,20,15,22,15,23,16,27,13,26,15,27,14,25,11,26,11,25,14,25,15,24,9,22,12,晴,多云,多云,小雨,多云,多云,多云,晴,晴,晴,晴,多云,多云,晴,多云
288,华南,海南省,中沙,27,16,27,16,25,15,20,15,22,15,23,16,27,13,26,15,27,14,25,11,26,11,25,14,25,15,24,9,22,12,晴,多云,多云,小雨,多云,多云,多云,晴,晴,晴,晴,多云,多云,晴,多云
289,华南,海南省,儋州,27,16,27,16,25,15,20,15,22,15,23,16,27,13,26,15,27,14,25,11,26,11,25,14,25,15,24,9,22,12,晴,多云,多云,小雨,多云,多云,多云,晴,晴,晴,晴,多云,多云,晴,多云
290,华南,海南省,五指山,27,16,27,16,25,15,20,15,22,15,23,16,27,13,26,15,27,14,25,11,26,11,25,14,25,15,24,9,22,12,晴,多云,多云,小雨,多云,多云,多云,晴,晴,晴,晴,多云,多云,晴,多云
291,华南,海南省,琼海,27,16,27,16,25,15,20,15,22,15,23,16,27,13,26,15,27,14,25,11,26,11,25,14,25,15,24,9,22,12,晴,多云,多云,小雨,多云,多云,多云,晴,晴,晴,晴,多云,多云,晴,多云
292,华南,海南省,文昌,27,16,27,16,25,15,20,15,22,15,23,16,27,13,26,15,27,14,25,11,26,11,25,14,25,15,24,9,22,12,晴,多云,多云,小雨,多云,多云,多云,晴,晴,晴,晴,多云,多云,晴,多云
293,华南,海南省,万宁,27,16,27,16,25,15,20,15,22,15,23,16,27,13,26,15,27,14,25,11,26,11,25,14,25,15,24,9,22,12,晴,多云,多云,小雨,多云,多云,多云,晴,晴,晴,晴,多云,多云,晴,多云
294,华南,海南省,东方,27,16,27,16,25,15,20,15,22,15,23,16,27,13,26,15,27,14,25,11,26,11,25,14,25,15,24,9,22,12,晴,多云,多云,小雨,多云,多云,多云,晴,晴,晴,晴,多云,多云,晴,多云
295,华南,海南省,定安,27,16,27,16,25,15,20,15,22,15,23,16,27,13,26,15,27,14,25,11,26,11,25,14,25,15,24,9,22,12,晴,多云,多云,小雨,多云,多云,多云,晴,晴,晴,晴,多云,多云,晴,多云
296,华南,海南省,屯昌,27,16,27,16,25,15,20,15,22,15,23,16,27,13,26,15,27,14,25,11,26,11,25,14,25,15,24,9,22,12,晴,多云,多云,小雨,多云,多云,多云,晴,晴,晴,晴,多云,多云,晴,多云
297,华南,海南省,澄迈,27,16,27,16,25,15,20,15,22,15,23,16,27,13,26,15,27,14,25,11,26,11,25,14,25,15,24,9,22,12,晴,多云,多云,小雨,多云,多云,多云,晴,晴,晴,晴,多云,多云,晴,多云
298,华南,海南省,临高,27,16,27,16,25,15,20,15,22,15,23,16,27,13,26,15,27,14,25,11,26,11,25,14,25,15,24,9,22,12,晴,多云,多云,小雨,多云,多云,多云,晴,晴,晴,晴,多云,多云,晴,多云
299,华南,海南省,白沙,27,16,27,16,25,15,20,15,22,15,23,16,27,13,26,15,27,14,25,11,26,11,25,14,25,15,24,9,22,12,晴,多云,多云,小雨,多云,多云,多云,晴,晴,晴,晴,多云,多云,晴,多云
300,华南,海南省,昌江,27,16,27,16,25,15,20,15,22,15,23,16,27,13,26,15,27,14,25,11,26,11,25,14,25,15,24,9,22,12,晴,多云,多云,小雨,多云,多云,多云,晴,晴,晴,晴,多云,多云,晴,多云
301,华南,海南省,乐东,27,16,27,16,25,15,20,15,22,15,23,16,27,13,26,15,27,14,25,11,26,11,25,14,25,15,24,9,22,12,晴,多云,多云,小雨,多云,多云,多云,晴,晴,晴,晴,多云,多云,晴,多云
302,华南,海南省,陵水,27,16,27,16,25,15,20,15,22,15,23,16,27,13,26,15,27,14,25,11,26,11,25,14,25,15,24,9,22,12,晴,多云,多云,小雨,多云,多云,多云,晴,晴,晴,晴,多云,多云,晴,多云
303,华南,海南省,保亭,27,16,27,16,25,15,20,15,22,15,23,16,27,13,26,15,27,14,25,11,26,11,25,14,25,15,24,9,22,12,晴,多云,多云,小雨,多云,多云,多云,晴,晴,晴,晴,多云,多云,晴,多云
304,华南,海南省,琼中,27,16,27,16,25,15,20,15,22,15,23,16,27,13,26,15,27,14,25,11,26,11,25,14,25,15,24,9,22,12,晴,多云,多云,小雨,多云,多云,多云,晴,晴,晴,晴,多云,多云,晴,多云
305,西南,重庆市,重庆市,27,16,27,16,25,15,20,15,22,15,23,16,27,13,26,15,27,14,25,11,26,11,25,14,25,15,24,9,22,12,晴,多云,多云,小雨,多云,多云,多云,晴,晴,晴,晴,多云,多云,晴,多云
306,西南,重庆市,万州,27,16,27,16,25,15,20,15,22,15,23,16,27,13,26,15,27,14,25,11,26,11,25,14,25,15,24,9,22,12,晴,多云,多云,小雨,多云,多云,多云,晴,晴,晴,晴,多云,多云,晴,多云
307,西南,重庆市,涪陵,27,16,27,16,25,15,20,15,22,15,23,16,27,13,26,15,27,14,25,11,26,11,25,14,25,15,24,9,22,12,晴,多云,多云,小雨,多云,多云,多云,晴,晴,晴,晴,多云,多云,晴,多云
308,西南,重庆市,渝中,27,16,27,16,25,15,20,15,22,15,23,16,27,13,26,15,27,14,25,11,26,11,25,14,25,15,24,9,22,12,晴,多云,多云,小雨,多云,多云,多云,晴,晴,晴,晴,多云,多云,晴,多云
309,西南,重庆市,大渡口,27,16,27,16,25,15,20,15,22,15,23,16,27,13,26,15,27,14,25,11,26,11,25,14,25,15,24,9,22,12,晴,多云,多云,小雨,多云,多云,多云,晴,晴,晴,晴,多云,多云,晴,多云
310,西南,重庆市,江北,27,16,27,16,25,15,20,15,22,15,23,16,27,13,26,15,27,14,25,11,26,11,25,14,25,15,24,9,22,12,晴,多云,多云,小雨,多云,多云,多云,晴,晴,晴,晴,多云,多云,晴,多云
311,西南,重庆市,沙坪坝,27,16,27,16,25,15,20,15,22,15,23,16,27,13,26,15,27,14,25,11,26,11,25,14,25,15,24,9,22,12,晴,多云,多云,小雨,多云,多云,多云,晴,晴,晴,晴,多云,多云,晴,多云
312,西南,重庆市,九龙坡,27,16,27,16,25,15,20,15,22,15,23,16,27,13,26,15,27,14,25,11,26,11,25,14,25,15,24,9,22,12,晴,多云,多云,小雨,多云,多云,多云,晴,晴,晴,晴,多云,多云,晴,多云
313,西南,重庆市,南岸,27,16,27,16,25,15,20,15,22,15,23,16,27,13,26,15,27,14,25,11,26,11,25,14,25,15,24,9,22,12,晴,多云,多云,小雨,多云,多云,多云,晴,晴,晴,晴,多云,多云,晴,多云
314,西南,重庆市,北碚,27,16,27,16,25,15,20,15,22,15,23,16,27,13,26,15,27,14,25,11,26,11,25,14,25,15,24,9,22,12,晴,多云,多云,小雨,多云,多云,多云,晴,晴,晴,晴,多云,多云,晴,多云
315,西南,重庆市,綦江,27,16,27,16,25,15,20,15,22,15,23,16,27,13,26,15,27,14,25,11,26,11,25,14,25,15,24,9,22,12,晴,多云,多云,小雨,多云,多云,多云,晴,晴,晴,晴,多云,多云,晴,多云
316,西南,重庆市,大足,27,16,27,16,25,15,20,15,22,15,23,16,27,13,26,15,27,14,25,11,26,11,25,14,25,15,24,9,22,12,晴,多云,多云,小雨,多云,多云,多云,晴,晴,晴,晴,多云,多云,晴,多云
317,西南,重庆市,渝北,27,16,27,16,25,15,20,15,22,15,23,16,27,13,26,15,27,14,25,11,26,11,25,14,25,15,24,9,22,12,晴,多云,多云,小雨,多云,多云,多云,晴,晴,晴,晴,多云,多云,晴,多云
318,西南,重庆市,巴南,27,16,27,16,25,15,20,15,22,15,23,16,27,13,26,15,27,14,25,11,26,11,25,14,25,15,24,9,22,12,晴,多云,多云,小雨,多云,多云,多云,晴,晴,晴,晴,多云,多云,晴,多云
319,西南,重庆市,黔江,27,16,27,16,25,15,20,15,22,15,23,16,27,13,26,15,27,14,25,11,26,11,25,14,25,15,24,9,22,12,晴,多云,多云,小雨,多云,多云,多云,晴,晴,晴,晴,多云,多云,晴,多云
320,西南,重庆市,长寿,27,16,27,16,25,15,20,15,22,15,23,16,27,13,26,15,27,14,25,11,26,11,25,14,25,15,24,9,22,12,晴,多云,多云,小雨,多云,多云,多云,晴,晴,晴,晴,多云,多云,晴,多云
321,西南,重庆市,江津,27,16,27,16,25,15,20,15,22,15,23,16,27,13,26,15,27,14,25,11,26,11,25,14,25,15,24,9,22,12,晴,多云,多云,小雨,多云,多云,多云,晴,晴,晴,晴,多云,多云,晴,多云
322,西南,重庆市,合川,27,16,27,16,25,15,20,15,22,15,23,16,27,13,26,15,27,14,25,11,26,11,25,14,25,15,24,9,22,12,晴,多云,多云,小雨,多云,多云,多云,晴,晴,晴,晴,多云,多云,晴,多云
323,西南,重庆市,永川,27,16,27,16,25,15,20,15,22,15,23,16,27,13,26,15,27,14,25,11,26,11,25,14,25,15,24,9,22,12,晴,多云,多云,小雨,多云,多云,多云,晴,晴,晴,晴,多云,多云,晴,多云
324,西南,重庆市,南川,27,16,27,16,25,15,20,15,22,15,23,16,27,13,26,15,27,14,25,11,26,11,25,14,25,15,24,9,22,12,晴,多云,多云,小雨,多云,多云,多云,晴,晴,晴,晴,多云,多云,晴,多云
325,西南,重庆市,璧山,27,16,27,16,25,15,20,15,22,15,23,16,27,13,26,15,27,14,25,11,26,11,25,14,25,15,24,9,22,12,晴,多云,多云,小雨,多云,多云,多云,晴,晴,晴,晴,多云,多云,晴,多云
326,西南,重庆市,铜梁,27,16,27,16,25,15,20,15,22,15,23,16,27,13,26,15,27,14,25,11,26,11,25,14,25,15,24,9,22,12,晴,多云,多云,小雨,多云,多云,多云,晴,晴,晴,晴,多云,多云,晴,多云
327,西南,重庆市,潼南,27,16,27,16,25,15,20,15,22,15,23,16,27,13,26,15,27,14,25,11,26,11,25,14,25,15,24,9,22,12,晴,多云,多云,小雨,多云,多云,多云,晴,晴,晴,晴,多云,多云,晴,多云
328,西南,重庆市,荣昌,27,16,27,16,25,15,20,15,22,15,23,16,27,13,26,15,27,14,25,11,26,11,25,14,25,15,24,9,22,12,晴,多云,多云,小雨,多云,多云,多云,晴,晴,晴,晴,多云,多云,晴,多云
329,西南,重庆市,开州,27,16,27,16,25,15,20,15,22,15,23,16,27,13,26,15,27,14,25,11,26,11,25,14,25,15,24,9,22,12,晴,多云,多云,小雨,多云,多云,多云,晴,晴,晴,晴,多云,多云,晴,多云
330,西南,重庆市,梁平,27,16,27,16,25,15,20,15,22,15,23,16,27,13,26,15,27,14,25,11,26,11,25,14,25,15,24,9,22,12,晴,多云,多云,小雨,多云,多云,多云,晴,晴,晴,晴,多云,多云,晴,多云
331,西南,重庆市,武隆,27,16,27,16,25,15,20,15,22,15,23,16,27,13,26,15,27,14,25,11,26,11,25,14,25,15,24,9,22,12,晴,多云,多云,小雨,多云,多云,多云,晴,晴,晴,晴,多云,多云,晴,多云
332,西南,重庆市,城口,27,16,27,16,25,15,20,15,22,15,23,16,27,13,26,15,27,14,25,11,26,11,25,14,25,15,24,9,22,12,晴,多云,多云,小雨,多云,多云,多云,晴,晴,晴,晴,多云,多云,晴,多云
333,西南,重庆市,丰都,27,16,27,16,25,15,20,15,22,15,23,16,27,13,26,15,27,14,25,11,26,11,25,14,25,15,24,9,22,12,晴,多云,多云,小雨,多云,多云,多云,晴,晴,晴,晴,多云,多云,晴,多云
334,西南,重庆市,垫江,27,16,27,16,25,15,20,15,22,15,23,16,27,13,26,15,27,14,25,11,26,11,25,14,25,15,24,9,22,12,晴,多云,多云,小雨,多云,多云,多云,晴,晴,晴,晴,多云,多云,晴,多云
335,西南,重庆市,忠县,27,16,27,16,25,15,20,15,22,15,23,16,27,13,26,15,27,14,25,11,26,11,25,14,25,15,24,9,22,12,晴,多云,多云,小雨,多云,多云,多云,晴,晴,晴,晴,多云,多云,晴,多云
336,西南,重庆市,云阳,27,16,27,16,25,15,20,15,22,15,23,16,27,13,26,15,27,14,25,11,26,11,25,14,25,15,24,9,22,12,晴,多云,多云,小雨,多云,多云,多云,晴,晴,晴,晴,多云,多云,晴,多云
337,西南,重庆市,奉节,27,16,27,16,25,15,20,15,22,15,23,16,27,13,26,15,27,14,25,11,26,11,25,14,25,15,24,9,22,12,晴,多云,多云,小雨,多云,多云,多云,晴,晴,晴,晴,多云,多云,晴,多云
338,西南,重庆市,巫山,27,16,27,16,25,15,20,15,22,15,23,16,27,13,26,15,27,14,25,11,26,11,25,14,25,15,24,9,22,12,晴,多云,多云,小雨,多云,多云,多云,晴,晴,晴,晴,多云,多云,晴,多云
339,西南,重庆市,巫溪,27,16,27,16,25,15,20,15,22,15,23,16,27,13,26,15,27,14,25,11,26,11,25,14,25,15,24,9,22,12,晴,多云,多云,小雨,多云,多云,多云,晴,晴,晴,晴,多云,多云,晴,多云
340,西南,重庆市,石柱,27,16,27,16,25,15,20,15,22,15,23,16,27,13,26,15,27,14,25,11,26,11,25,14,25,15,24,9,22,12,晴,多云,多云,小雨,多云,多云,多云,晴,晴,晴,晴,多云,多云,晴,多云
341,西南,重庆市,秀山,27,16,27,16,25,15,20,15,22,15,23,16,27,13,26,15,27,14,25,11,26,11,25,14,25,15,24,9,22,12,晴,多云,多云,小雨,多云,多云,多云,晴,晴,晴,晴,多云,多云,晴,多云
342,西南,重庆市,酉阳,27,16,27,16,25,15,20,15,22,15,23,16,27,13,26,15,27,14,25,11,26,11,25,14,25,15,24,9,22,12,晴,多云,多云,小雨,多云,多云,多云,晴,晴,晴,晴,多云,多云,晴,多云
343,西南,重庆市,彭水,27,16,27,16,25,15,20,15,22,15,23,16,27,13,26,15,27,14,25,11,26,11,25,14,25,15,24,9,22,12,晴,多云,多云,小雨,多云,多云,多云,晴,晴,晴,晴,多云,多云,晴,多云
344,西南,四川省,成都市,27,16,27,16,25,15,20,15,22,15,23,16,27,13,26,15,27,14,25,11,26,11,25,14,25,15,24,9,22,12,晴,多云,多云,小雨,多云,多云,多云,晴,晴,晴,晴,多云,多云,晴,多云
345,西南,四川省,自贡市,27,16,27,16,25,15,20,15,22,15,23,16,27,13,26,15,27,14,25,11,26,11,25,14,25,15,24,9,22,12,晴,多云,多云,小雨,多云,多云,多云,晴,晴,晴,晴,多云,多云,晴,多云
346,西南,四川省,攀枝花市,27,16,27,16,25,15,20,15,22,15,23,16,27,13,26,15,27,14,25,11,26,11,25,14,25,15,24,9,22,12,晴,多云,多云,小雨,多云,多云,多云,晴,晴,晴,晴,多云,多云,晴,多云
347,西南,四川省,泸州市,27,16,27,16,25,15,20,15,22,15,23,16,27,13,26,15,27,14,25,11,26,11,25,14,25,15,24,9,22,12,晴,多云,多云,小雨,多云,多云,多云,晴,晴,晴,晴,多云,多云,晴,多云
348,西南,四川省,德阳市,27,16,27,16,25,15,20,15,22,15,23,16,27,13,26,15,27,14,25,11,26,11,25,14,25,15,24,9,22,12,晴,多云,多云,小雨,多云,多云,多云,晴,晴,晴,晴,多云,多云,晴,多云
349,西南,四川省,绵阳市,27,16,27,16,25,15,20,15,22,15,23,16,27,13,26,15,27,14,25,11,26,11,25,14,25,15,24,9,22,12,晴,多云,多云,小雨,多云,多云,多云,晴,晴,晴,晴,多云,多云,晴,多云
350,西南,四川省,广元市,27,16,27,16,25,15,20,15,22,15,23,16,27,13,26,15,27,14,25,11,26,11,25,14,25,15,24,9,22,12,晴,多云,多云,小雨,多云,多云,多云,晴,晴,晴,晴,多云,多云,晴,多云
351,西南,四川省,遂宁市,27,16,27,16,25,15,20,15,22,15,23,16,27,13,26,15,27,14,25,11,26,11,25,14,25,15,24,9,22,12,晴,多云,多云,小雨,多云,多云,多云,晴,晴,晴,晴,多云,多云,晴,多云
352,西南,四川省,内江市,27,16,27,16,25,15,20,15,22,15,23,16,27,13,26,15,27,14,25,11,26,11,25,14,25,15,24,9,22,12,晴,多云,多云,小雨,多云,多云,多云,晴,晴,晴,晴,多云,多云,晴,多云
353,西南,四川省,乐山市,27,16,27,16,25,15,20,15,22,15,23,16,27,13,26,15,27,14,25,11,26,11,25,14,25,15,24,9,22,12,晴,多云,多云,小雨,多云,多云,多云,晴,晴,晴,晴,多云,多云,晴,多云
354,西南,四川省,南充市,27,16,27,16,25,15,20,15,22,15,23,16,27,13,26,15,27,14,25,11,26,11,25,14,25,15,24,9,22,12,晴,多云,多云,小雨,多云,多云,多云,晴,晴,晴,晴,多云,多云,晴,多云
355,西南,四川省,眉山市,27,16,27,16,25,15,20,15,22,15,23,16,27,13,26,15,27,14,25,11,26,11,25,14,25,15,24,9,22,12,晴,多云,多云,小雨,多云,多云,多云,晴,晴,晴,晴,多云,多云,晴,多云
356,西南,四川省,宜宾市,27,16,27,16,25,15,20,15,22,15,23,16,27,13,26,15,27,14,25,11,26,11,25,14,25,15,24,9,22,12,晴,多云,多云,小雨,多云,多云,多云,晴,晴,晴,晴,多云,多云,晴,多云
357,西南,四川省,广安市,27,16,27,16,25,15,20,15,22,15,23,16,27,13,26,15,27,14,25,11,26,11,25,14,25,15,24,9,22,12,晴,多云,多云,小雨,多云,多云,多云,晴,晴,晴,晴,多云,多云,晴,多云
358,西南,四川省,达州市,27,16,27,16,25,15,20,15,22,15,23,16,27,13,26,15,27,14,25,11,26,11,25,14,25,15,24,9,22,12,晴,多云,多云,小雨,多云,多云,多云,晴,晴,晴,晴,多云,多云,晴,多云
359,西南,四川省,雅安市,27,16,27,16,25,15,20,15,22,15,23,16,27,13,26,15,27,14,25,11,26,11,25,14,25,15,24,9,22,12,晴,多云,多云,小雨,多云,多云,多云,晴,晴,晴,晴,多云,多云,晴,多云
360,西南,四川省,巴中市,27,16,27,16,25,15,20,15,22,15,23,16,27,13,26,15,27,14,25,11,26,11,25,14,25,15,24,9,22,12,晴,多云,多云,小雨,多云,多云,多云,晴,晴,晴,晴,多云,多云,晴,多云
361,西南,四川省,资阳市,27,16,27,16,25,15,20,15,22,15,23,16,27,13,26,15,27,14,25,11,26,11,25,14,25,15,24,9,22,12,晴,多云,多云,小雨,多云,多云,多云,晴,晴,晴,晴,多云,多云,晴,多云
362,西南,四川省,阿坝藏族羌族自治州,27,16,27,16,25,15,20,15,22,15,23,16,27,13,26,15,27,14,25,11,26,11,25,14,25,15,24,9,22,12,晴,多云,多云,小雨,多云,多云,多云,晴,晴,晴,晴,多云,多云,晴,多云
363,西南,四川省,甘孜藏族自治州,27,16,27,16,25,15,20,15,22,15,23,16,27,13,26,15,27,14,25,11,26,11,25,14,25,15,24,9,22,12,晴,多云,多云,小雨,多云,多云,多云,晴,晴,晴,晴,多云,多云,晴,多云
364,西南,四川省,凉山彝族自治州,27,16,27,16,25,15,20,15,22,15,23,16,27,13,26,15,27,14,25,11,26,11,25,14,25,15,24,9,22,12,晴,多云,多云,小雨,多云,多云,多云,晴,晴,晴,晴,多云,多云,晴,多云
365,西南,贵州省,贵阳市,27,16,27,16,25,15,20,15,22,15,23,16,27,13,26,15,27,14,25,11,26,11,25,14,25,15,24,9,22,12,晴,多云,多云,小雨,多云,多云,多云,晴,晴,晴,晴,多云,多云,晴,多云
366,西南,贵州省,六盘水市,27,16,27,16,25,15,20,15,22,15,23,16,27,13,26,15,27,14,25,11,26,11,25,14,25,15,24,9,22,12,晴,多云,多云,小雨,多云,多云,多云,晴,晴,晴,晴,多云,多云,晴,多云
367,西南,贵州省,遵义市,27,16,27,16,25,15,20,15,22,15,23,16,27,13,26,15,27,14,25,11,26,11,25,14,25,15,24,9,22,12,晴,多云,多云,小雨,多云,多云,多云,晴,晴,晴,晴,多云,多云,晴,多云
368,西南,贵州省,安顺市,27,16,27,16,25,15,20,15,22,15,23,16,27,13,26,15,27,14,25,11,26,11,25,14,25,15,24,9,22,12,晴,多云,多云,小雨,多云,多云,多云,晴,晴,晴,晴,多云,多云,晴,多云
369,西南,贵州省,毕节市,27,16,27,16,25,15,20,15,22,15,23,16,27,13,26,15,27,14,25,11,26,11,25,14,25,15,24,9,22,12,晴,多云,多云,小雨,多云,多云,多云,晴,晴,晴,晴,多云,多云,晴,多云
370,西南,贵州省,铜仁市,27,16,27,16,25,15,20,15,22,15,23,16,27,13,26,15,27,14,25,11,26,11,25,14,25,15,24,9,22,12,晴,多云,多云,小雨,多云,多云,多云,晴,晴,晴,晴,多云,多云,晴,多云
371,西南,贵州省,黔西南布依族苗族自治州,27,16,27,16,25,15,20,15,22,15,23,16,27,13,26,15,27,14,25,11,26,11,25,14,25,15,24,9,22,12,晴,多云,多云,小雨,多云,多云,多云,晴,晴,晴,晴,多云,多云,晴,多云
372,西南,贵州省,黔东南苗族侗族自治州,27,16,27,16,25,15,20,15,22,15,23,16,27,13,26,15,27,14,25,11,26,11,25,14,25,15,24,9,22,12,晴,多云,多云,小雨,多云,多云,多云,晴,晴,晴,晴,多云,多云,晴,多云
373,西南,贵州省,黔南布依族苗族自治州,27,16,27,16,25,15,20,15,22,15,23,16,27,13,26,15,27,14,25,11,26,11,25,14,25,15,24,9,22,12,晴,多云,多云,小雨,多云,多云,多云,晴,晴,晴,晴,多云,多云,晴,多云
374,西南,云南省,昆明市,27,16,27,16,25,15,20,15,22,15,23,16,27,13,26,15,27,14,25,11,26,11,25,14,25,15,24,9,22,12,晴,多云,多云,小雨,多云,多云,多云,晴,晴,晴,晴,多云,多云,晴,多云
375,西南,云南省,曲靖市,27,16,27,16,25,15,20,15,22,15,23,16,27,13,26,15,27,14,25,11,26,11,25,14,25,15,24,9,22,12,晴,多云,多云,小雨,多云,多云,多云,晴,晴,晴,晴,多云,多云,晴,多云
376,西南,云南省,玉溪市,27,16,27,16,25,15,20,15,22,15,23,16,27,13,26,15,27,14,25,11,26,11,25,14,25,15,24,9,22,12,晴,多云,多云,小雨,多云,多云,多云,晴,晴,晴,晴,多云,多云,晴,多云
377,西南,云南省,保山市,27,16,27,16,25,15,20,15,22,15,23,16,27,13,26,15,27,14,25,11,26,11,25,14,25,15,24,9,22,12,晴,多云,多云,小雨,多云,多云,多云,晴,晴,晴,晴,多云,多云,晴,多云
378,西南,云南省,昭通市,27,16,27,16,25,15,20,15,22,15,23,16,27,13,26,15,27,14,25,11,26,11,25,14,25,15,24,9,22,12,晴,多云,多云,小雨,多云,多云,多云,晴,晴,晴,晴,多云,多云,晴,多云
379,西南,云南省,丽江市,27,16,27,16,25,15,20,15,22,15,23,16,27,13,26,15,27,14,25,11,26,11,25,14,25,15,24,9,22,12,晴,多云,多云,小雨,多云,多云,多云,晴,晴,晴,晴,多云,多云,晴,多云
380,西南,云南省,普洱市,27,16,27,16,25,15,20,15,22,15,23,16,27,13,26,15,27,14,25,11,26,11,25,14,25,15,24,9,22,12,晴,多云,多云,小雨,多云,多云,多云,晴,晴,晴,晴,多云,多云,晴,多云
381,西南,云南省,临沧市,27,16,27,16,25,15,20,15,22,15,23,16,27,13,26,15,27,14,25,11,26,11,25,14,25,15,24,9,22,12,晴,多云,多云,小雨,多云,多云,多云,晴,晴,晴,晴,多云,多云,晴,多云
382,西南,云南省,楚雄彝族自治州,27,16,27,16,25,15,20,15,22,15,23,16,27,13,26,15,27,14,25,11,26,11,25,14,25,15,24,9,22,12,晴,多云,多云,小雨,多云,多云,多云,晴,晴,晴,晴,多云,多云,晴,多云
383,西南,云南省,红河哈尼族彝族自治州,27,16,27,16,25,15,20,15,22,15,23,16,27,13,26,15,27,14,25,11,26,11,25,14,25,15,24,9,22,12,晴,多云,多云,小雨,多云,多云,多云,晴,晴,晴,晴,多云,多云,晴,多云
384,西南,云南省,文山壮族苗族自治州,27,16,27,16,25,15,20,15,22,15,23,16,27,13,26,15,27,14,25,11,26,11,25,14,25,15,24,9,22,12,晴,多云,多云,小雨,多云,多云,多云,晴,晴,晴,晴,多云,多云,晴,多云
385,西南,云南省,西双版纳傣族自治州,27,16,27,16,25,15,20,15,22,15,23,16,27,13,26,15,27,14,25,11,26,11,25,14,25,15,24,9,22,12,晴,多云,多云,小雨,多云,多云,多云,晴,晴,晴,晴,多云,多云,晴,多云
386,西南,云南省,大理白族自治州,27,16,27,16,25,15,20,15,22,15,23,16,27,13,26,15,27,14,25,11,26,11,25,14,25,15,24,9,22,12,晴,多云,多云,小雨,多云,多云,多云,晴,晴,晴,晴,多云,多云,晴,多云
387,西南,云南省,德宏傣族景颇族自治州,27,16,27,16,25,15,20,15,22,15,23,16,27,13,26,15,27,14,25,11,26,11,25,14,25,15,24,9,22,12,晴,多云,多云,小雨,多云,多云,多云,晴,晴,晴,晴,多云,多云,晴,多云
388,西南,云南省,怒江傈僳族自治州,27,16,27,16,25,15,20,15,22,15,23,16,27,13,26,15,27,14,25,11,26,11,25,14,25,15,24,9,22,12,晴,多云,多云,小雨,多云,多云,多云,晴,晴,晴,晴,多云,多云,晴,多云
389,西南,云南省,迪庆藏族自治州,27,16,27,16,25,15,20,15,22,15,23,16,27,13,26,15,27,14,25,11,26,11,25,14,25,15,24,9,22,12,晴,多云,多云,小雨,多云,多云,多云,晴,晴,晴,晴,多云,多云,晴,多云
390,西南,西藏自治区,拉萨市,27,16,27,16,25,15,20,15,22,15,23,16,27,13,26,15,27,14,25,11,26,11,25,14,25,15,24,9,22,12,晴,多云,多云,小雨,多云,多云,多云,晴,晴,晴,晴,多云,多云,晴,多云
391,西南,西藏自治区,日喀则市,27,16,27,16,25,15,20,15,22,15,23,16,27,13,26,15,27,14,25,11,26,11,25,14,25,15,24,9,22,12,晴,多云,多云,小雨,多云,多云,多云,晴,晴,晴,晴,多云,多云,晴,多云
392,西南,西藏自治区,昌都市,27,16,27,16,25,15,20,15,22,15,23,16,27,13,26,15,27,14,25,11,26,11,25,14,25,15,24,9,22,12,晴,多云,多云,小雨,多云,多云,多云,晴,晴,晴,晴,多云,多云,晴,多云
393,西南,西藏自治区,林芝市,27,16,27,16,25,15,20,15,22,15,23,16,27,13,26,15,27,14,25,11,26,11,25,14,25,15,24,9,22,12,晴,多云,多云,小雨,多云,多云,多云,晴,晴,晴,晴,多云,多云,晴,多云
394,西南,西藏自治区,山南市,27,16,27,16,25,15,20,15,22,15,23,16,27,13,26,15,27,14,25,11,26,11,25,14,25,15,24,9,22,12,晴,多云,多云,小雨,多云,多云,多云,晴,晴,晴,晴,多云,多云,晴,多云
395,西南,西藏自治区,那曲市,27,16,27,16,25,15,20,15,22,15,23,16,27,13,26,15,27,14,25,11,26,11,25,14,25,15,24,9,22,12,晴,多云,多云,小雨,多云,多云,多云,晴,晴,晴,晴,多云,多云,晴,多云
396,西南,西藏自治区,阿里地区,27,16,27,16,25,15,20,15,22,15,23,16,27,13,26,15,27,14,25,11,26,11,25,14,25,15,24,9,22,12,晴,多云,多云,小雨,多云,多云,多云,晴,晴,晴,晴,多云,多云,晴,多云
397,西北,陕西省,西安市,27,16,27,16,25,15,20,15,22,15,23,16,27,13,26,15,27,14,25,11,26,11,25,14,25,15,24,9,22,12,晴,多云,多云,小雨,多云,多云,多云,晴,晴,晴,晴,多云,多云,晴,多云
398,西北,陕西省,铜川市,27,16,27,16,25,15,20,15,22,15,23,16,27,13,26,15,27,14,25,11,26,11,25,14,25,15,24,9,22,12,晴,多云,多云,小雨,多云,多云,多云,晴,晴,晴,晴,多云,多云,晴,多云
399,西北,陕西省,宝鸡市,27,16,27,16,25,15,20,15,22,15,23,16,27,13,26,15,27,14,25,11,26,11,25,14,25,15,24,9,22,12,晴,多云,多云,小雨,多云,多云,多云,晴,晴,晴,晴,多云,多云,晴,多云
400,西北,陕西省,咸阳市,27,16,27,16,25,15,20,15,22,15,23,16,27,13,26,15,27,14,25,11,26,11,25,14,25,15,24,9,22,12,晴,多云,多云,小雨,多云,多云,多云,晴,晴,晴,晴,多云,多云,晴,多云
401,西北,陕西省,渭南市,27,16,27,16,25,15,20,15,22,15,23,16,27,13,26,15,27,14,25,11,26,11,25,14,25,15,24,9,22,12,晴,多云,多云,小雨,多云,多云,多云,晴,晴,晴,晴,多云,多云,晴,多云
402,西北,陕西省,延安市,27,16,27,16,25,15,20,15,22,15,23,16,27,13,26,15,27,14,25,11,26,11,25,14,25,15,24,9,22,12,晴,多云,多云,小雨,多云,多云,多云,晴,晴,晴,晴,多云,多云,晴,多云
403,西北,陕西省,汉中市,27,16,27,16,25,15,20,15,22,15,23,16,27,13,26,15,27,14,25,11,26,11,25,14,25,15,24,9,22,12,晴,多云,多云,小雨,多云,多云,多云,晴,晴,晴,晴,多云,多云,晴,多云
404,西北,陕西省,榆林市,27,16,27,16,25,15,20,15,22,15,23,16,27,13,26,15,27,14,25,11,26,11,25,14,25,15,24,9,22,12,晴,多云,多云,小雨,多云,多云,多云,晴,晴,晴,晴,多云,多云,晴,多云
405,西北,陕西省,安康市,27,16,27,16,25,15,20,15,22,15,23,16,27,13,26,15,27,14,25,11,26,11,25,14,25,15,24,9,22,12,晴,多云,多云,小雨,多云,多云,多云,晴,晴,晴,晴,多云,多云,晴,多云
406,西北,陕西省,商洛市,27,16,27,16,25,15,20,15,22,15,23,16,27,13,26,15,27,14,25,11,26,11,25,14,25,15,24,9,22,12,晴,多云,多云,小雨,多云,多云,多云,晴,晴,晴,晴,多云,多云,晴,多云
407,西北,甘肃省,兰州市,27,16,27,16,25,15,20,15,22,15,23,16,27,13,26,15,27,14,25,11,26,11,25,14,25,15,24,9,22,12,晴,多云,多云,小雨,多云,多云,多云,晴,晴,晴,晴,多云,多云,晴,多云
408,西北,甘肃省,嘉峪关,27,16,27,16,25,15,20,15,22,15,23,16,27,13,26,15,27,14,25,11,26,11,25,14,25,15,24,9,22,12,晴,多云,多云,小雨,多云,多云,多云,晴,晴,晴,晴,多云,多云,晴,多云
409,西北,甘肃省,金昌市,27,16,27,16,25,15,20,15,22,15,23,16,27,13,26,15,27,14,25,11,26,11,25,14,25,15,24,9,22,12,晴,多云,多云,小雨,多云,多云,多云,晴,晴,晴,晴,多云,多云,晴,多云
410,西北,甘肃省,白银市,27,16,27,16,25,15,20,15,22,15,23,16,27,13,26,15,27,14,25,11,26,11,25,14,25,15,24,9,22,12,晴,多云,多云,小雨,多云,多云,多云,晴,晴,晴,晴,多云,多云,晴,多云
411,西北,甘肃省,天水市,27,16,27,16,25,15,20,15,22,15,23,16,27,13,26,15,27,14,25,11,26,11,25,14,25,15,24,9,22,12,晴,多云,多云,小雨,多云,多云,多云,晴,晴,晴,晴,多云,多云,晴,多云
412,西北,甘肃省,武威市,27,16,27,16,25,15,20,15,22,15,23,16,27,13,26,15,27,14,25,11,26,11,25,14,25,15,24,9,22,12,晴,多云,多云,小雨,多云,多云,多云,晴,晴,晴,晴,多云,多云,晴,多云
413,西北,甘肃省,张掖市,27,16,27,16,25,15,20,15,22,15,23,16,27,13,26,15,27,14,25,11,26,11,25,14,25,15,24,9,22,12,晴,多云,多云,小雨,多云,多云,多云,晴,晴,晴,晴,多云,多云,晴,多云
414,西北,甘肃省,平凉市,27,16,27,16,25,15,20,15,22,15,23,16,27,13,26,15,27,14,25,11,26,11,25,14,25,15,24,9,22,12,晴,多云,多云,小雨,多云,多云,多云,晴,晴,晴,晴,多云,多云,晴,多云
415,西北,甘肃省,酒泉市,27,16,27,16,25,15,20,15,22,15,23,16,27,13,26,15,27,14,25,11,26,11,25,14,25,15,24,9,22,12,晴,多云,多云,小雨,多云,多云,多云,晴,晴,晴,晴,多云,多云,晴,多云
416,西北,甘肃省,庆阳市,27,16,27,16,25,15,20,15,22,15,23,16,27,13,26,15,27,14,25,11,26,11,25,14,25,15,24,9,22,12,晴,多云,多云,小雨,多云,多云,多云,晴,晴,晴,晴,多云,多云,晴,多云
417,西北,甘肃省,定西市,27,16,27,16,25,15,20,15,22,15,23,16,27,13,26,15,27,14,25,11,26,11,25,14,25,15,24,9,22,12,晴,多云,多云,小雨,多云,多云,多云,晴,晴,晴,晴,多云,多云,晴,多云
418,西北,甘肃省,陇南市,27,16,27,16,25,15,20,15,22,15,23,16,27,13,26,15,27,14,25,11,26,11,25,14,25,15,24,9,22,12,晴,多云,多云,小雨,多云,多云,多云,晴,晴,晴,晴,多云,多云,晴,多云
419,西北,甘肃省,临夏回族自治州,27,16,27,16,25,15,20,15,22,15,23,16,27,13,26,15,27,14,25,11,26,11,25,14,25,15,24,9,22,12,晴,多云,多云,小雨,多云,多云,多云,晴,晴,晴,晴,多云,多云,晴,多云
420,西北,甘肃省,甘南藏族自治州,27,16,27,16,25,15,20,15,22,15,23,16,27,13,26,15,27,14,25,11,26,11,25,14,25,15,24,9,22,12,晴,多云,多云,小雨,多云,多云,多云,晴,晴,晴,晴,多云,多云,晴,多云
421,西北,青海省,西宁市,27,16,27,16,25,15,20,15,22,15,23,16,27,13,26,15,27,14,25,11,26,11,25,14,25,15,24,9,22,12,晴,多云,多云,小雨,多云,多云,多云,晴,晴,晴,晴,多云,多云,晴,多云
422,西北,青海省,海东市,27,16,27,16,25,15,20,15,22,15,23,16,27,13,26,15,27,14,25,11,26,11,25,14,25,15,24,9,22,12,晴,多云,多云,小雨,多云,多云,多云,晴,晴,晴,晴,多云,多云,晴,多云
423,西北,青海省,海北藏族自治州,27,16,27,16,25,15,20,15,22,15,23,16,27,13,26,15,27,14,25,11,26,11,25,14,25,15,24,9,22,12,晴,多云,多云,小雨,多云,多云,多云,晴,晴,晴,晴,多云,多云,晴,多云
424,西北,青海省,黄南藏族自治州,27,16,27,16,25,15,20,15,22,15,23,16,27,13,26,15,27,14,25,11,26,11,25,14,25,15,24,9,22,12,晴,多云,多云,小雨,多云,多云,多云,晴,晴,晴,晴,多云,多云,晴,多云
425,西北,青海省,海南藏族自治州,27,16,27,16,25,15,20,15,22,15,23,16,27,13,26,15,27,14,25,11,26,11,25,14,25,15,24,9,22,12,晴,多云,多云,小雨,多云,多云,多云,晴,晴,晴,晴,多云,多云,晴,多云
426,西北,青海省,果洛藏族自治州,27,16,27,16,25,15,20,15,22,15,23,16,27,13,26,15,27,14,25,11,26,11,25,14,25,15,24,9,22,12,晴,多云,多云,小雨,多云,多云,多云,晴,晴,晴,晴,多云,多云,晴,多云
427,西北,青海省,玉树藏族自治州,27,16,27,16,25,15,20,15,22,15,23,16,27,13,26,15,27,14,25,11,26,11,25,14,25,15,24,9,22,12,晴,多云,多云,小雨,多云,多云,多云,晴,晴,晴,晴,多云,多云,晴,多云
428,西北,青海省,海西蒙古族藏族自治州,27,16,27,16,25,15,20,15,22,15,23,16,27,13,26,15,27,14,25,11,26,11,25,14,25,15,24,9,22,12,晴,多云,多云,小雨,多云,多云,多云,晴,晴,晴,晴,多云,多云,晴,多云
429,西北,宁夏回族自治区,银川市,27,16,27,16,25,15,20,15,22,15,23,16,27,13,26,15,27,14,25,11,26,11,25,14,25,15,24,9,22,12,晴,多云,多云,小雨,多云,多云,多云,晴,晴,晴,晴,多云,多云,晴,多云
430,西北,宁夏回族自治区,石嘴山市,27,16,27,16,25,15,20,15,22,15,23,16,27,13,26,15,27,14,25,11,26,11,25,14,25,15,24,9,22,12,晴,多云,多云,小雨,多云,多云,多云,晴,晴,晴,晴,多云,多云,晴,多云
431,西北,宁夏回族自治区,吴忠市,27,16,27,16,25,15,20,15,22,15,23,16,27,13,26,15,27,14,25,11,26,11,25,14,25,15,24,9,22,12,晴,多云,多云,小雨,多云,多云,多云,晴,晴,晴,晴,多云,多云,晴,多云
432,西北,宁夏回族自治区,固原市,27,16,27,16,25,15,20,15,22,15,23,16,27,13,26,15,27,14,25,11,26,11,25,14,25,15,24,9,22,12,晴,多云,多云,小雨,多云,多云,多云,晴,晴,晴,晴,多云,多云,晴,多云
433,西北,宁夏回族自治区,中卫市,27,16,27,16,25,15,20,15,22,15,23,16,27,13,26,15,27,14,25,11,26,11,25,14,25,15,24,9,22,12,晴,多云,多云,小雨,多云,多云,多云,晴,晴,晴,晴,多云,多云,晴,多云
434,西北,新疆维吾尔自治区,乌鲁木齐市,27,16,27,16,25,15,20,15,22,15,23,16,27,13,26,15,27,14,25,11,26,11,25,14,25,15,24,9,22,12,晴,多云,多云,小雨,多云,多云,多云,晴,晴,晴,晴,多云,多云,晴,多云
435,西北,新疆维吾尔自治区,克拉玛依市,27,16,27,16,25,15,20,15,22,15,23,16,27,13,26,15,27,14,25,11,26,11,25,14,25,15,24,9,22,12,晴,多云,多云,小雨,多云,多云,多云,晴,晴,晴,晴,多云,多云,晴,多云
436,西北,新疆维吾尔自治区,吐鲁番市,27,16,27,16,25,15,20,15,22,15,23,16,27,13,26,15,27,14,25,11,26,11,25,14,25,15,24,9,22,12,晴,多云,多云,小雨,多云,多云,多云,晴,晴,晴,晴,多云,多云,晴,多云
437,西北,新疆维吾尔自治区,哈密市,27,16,27,16,25,15,20,15,22,15,23,16,27,13,26,15,27,14,25,11,26,11,25,14,25,15,24,9,22,12,晴,多云,多云,小雨,多云,多云,多云,晴,晴,晴,晴,多云,多云,晴,多云
438,西北,新疆维吾尔自治区,昌吉回族自治州,27,16,27,16,25,15,20,15,22,15,23,16,27,13,26,15,27,14,25,11,26,11,25,14,25,15,24,9,22,12,晴,多云,多云,小雨,多云,多云,多云,晴,晴,晴,晴,多云,多云,晴,多云
439,西北,新疆维吾尔自治区,博尔塔拉蒙古自治州,27,16,27,16,25,15,20,15,22,15,23,16,27,13,26,15,27,14,25,11,26,11,25,14,25,15,24,9,22,12,晴,多云,多云,小雨,多云,多云,多云,晴,晴,晴,晴,多云,多云,晴,多云
440,西北,新疆维吾尔自治区,巴音郭楞蒙古自治州,27,16,27,16,25,15,20,15,22,15,23,16,27,13,26,15,27,14,25,11,26,11,25,14,25,15,24,9,22,12,晴,多云,多云,小雨,多云,多云,多云,晴,晴,晴,晴,多云,多云,晴,多云
441,西北,新疆维吾尔自治区,阿克苏地区,27,16,27,16,25,15,20,15,22,15,23,16,27,13,26,15,27,14,25,11,26,11,25,14,25,15,24,9,22,12,晴,多云,多云,小雨,多云,多云,多云,晴,晴,晴,晴,多云,多云,晴,多云
442,西北,新疆维吾尔自治区,克孜勒苏柯尔克孜自治州,27,16,27,16,25,15,20,15,22,15,23,16,27,13,26,15,27,14,25,11,26,11,25,14,25,15,24,9,22,12,晴,多云,多云,小雨,多云,多云,多云,晴,晴,晴,晴,多云,多云,晴,多云
443,西北,新疆维吾尔自治区,喀什地区,27,16,27,16,25,15,20,15,22,15,23,16,27,13,26,15,27,14,25,11,26,11,25,14,25,15,24,9,22,12,晴,多云,多云,小雨,多云,多云,多云,晴,晴,晴,晴,多云,多云,晴,多云
444,西北,新疆维吾尔自治区,和田地区,27,16,27,16,25,15,20,15,22,15,23,16,27,13,26,15,27,14,25,11,26,11,25,14,25,15,24,9,22,12,晴,多云,多云,小雨,多云,多云,多云,晴,晴,晴,晴,多云,多云,晴,多云
445,西北,新疆维吾尔自治区,伊犁哈萨克自治州,27,16,27,16,25,15,20,15,22,15,23,16,27,13,26,15,27,14,25,11,26,11,25,14,25,15,24,9,22,12,晴,多云,多云,小雨,多云,多云,多云,晴,晴,晴,晴,多云,多云,晴,多云
446,西北,新疆维吾尔自治区,塔城地区,27,16,27,16,25,15,20,15,22,15,23,16,27,13,26,15,27,14,25,11,26,11,25,14,25,15,24,9,22,12,晴,多云,多云,小雨,多云,多云,多云,晴,晴,晴,晴,多云,多云,晴,多云
447,西北,新疆维吾尔自治区,阿勒泰地区,27,16,27,16,25,15,20,15,22,15,23,16,27,13,26,15,27,14,25,11,26,11,25,14,25,15,24,9,22,12,晴,多云,多云,小雨,多云,多云,多云,晴,晴,晴,晴,多云,多云,晴,多云
448,西北,新疆维吾尔自治区,石河子,27,16,27,16,25,15,20,15,22,15,23,16,27,13,26,15,27,14,25,11,26,11,25,14,25,15,24,9,22,12,晴,多云,多云,小雨,多云,多云,多云,晴,晴,晴,晴,多云,多云,晴,多云
449,西北,新疆维吾尔自治区,图木舒克,27,16,27,16,25,15,20,15,22,15,23,16,27,13,26,15,27,14,25,11,26,11,25,14,25,15,24,9,22,12,晴,多云,多云,小雨,多云,多云,多云,晴,晴,晴,晴,多云,多云,晴,多云
450,西北,新疆维吾尔自治区,五家渠,27,16,27,16,25,15,20,15,22,15,23,16,27,13,26,15,27,14,25,11,26,11,25,14,25,15,24,9,22,12,晴,多云,多云,小雨,多云,多云,多云,晴,晴,晴,晴,多云,多云,晴,多云
451,西北,新疆维吾尔自治区,北屯,27,16,27,16,25,15,20,15,22,15,23,16,27,13,26,15,27,14,25,11,26,11,25,14,25,15,24,9,22,12,晴,多云,多云,小雨,多云,多云,多云,晴,晴,晴,晴,多云,多云,晴,多云
452,西北,新疆维吾尔自治区,铁门关,27,16,27,16,25,15,20,15,22,15,23,16,27,13,26,15,27,14,25,11,26,11,25,14,25,15,24,9,22,12,晴,多云,多云,小雨,多云,多云,多云,晴,晴,晴,晴,多云,多云,晴,多云
453,西北,新疆维吾尔自治区,双河,27,16,27,16,25,15,20,15,22,15,23,16,27,13,26,15,27,14,25,11,26,11,25,14,25,15,24,9,22,12,晴,多云,多云,小雨,多云,多云,多云,晴,晴,晴,晴,多云,多云,晴,多云
454,西北,新疆维吾尔自治区,可克达拉,27,16,27,16,25,15,20,15,22,15,23,16,27,13,26,15,27,14,25,11,26,11,25,14,25,15,24,9,22,12,晴,多云,多云,小雨,多云,多云,多云,晴,晴,晴,晴,多云,多云,晴,多云
455,西北,新疆维吾尔自治区,昆玉,27,16,27,16,25,15,20,15,22,15,23,16,27,13,26,15,27,14,25,11,26,11,25,14,25,15,24,9,22,12,晴,多云,多云,小雨,多云,多云,多云,晴,晴,晴,晴,多云,多云,晴,多云
456,港澳台,香港,香港,27,16,27,16,25,15,20,15,22,15,23,16,27,13,26,15,27,14,25,11,26,11,25,14,25,15,24,9,22,12,晴,多云,多云,小雨,多云,多云,多云,晴,晴,晴,晴,多云,多云,晴,多云
457,港澳台,澳门,澳门,27,16,27,16,25,15,20,15,22,15,23,16,27,13,26,15,27,14,25,11,26,11,25,14,25,15,24,9,22,12,晴,多云,多云,小雨,多云,多云,多云,晴,晴,晴,晴,多云,多云,晴,多云
458,港澳台,台湾省,台北市,27,16,27,16,25,15,20,15,22,15,23,16,27,13,26,15,27,14,25,11,26,11,25,14,25,15,24,9,22,12,晴,多云,多云,小雨,多云,多云,多云,晴,晴,晴,晴,多云,多云,晴,多云
459,港澳台,台湾省,高雄市,27,16,27,16,25,15,20,15,22,15,23,16,27,13,26,15,27,14,25,11,26,11,25,14,25,15,24,9,22,12,晴,多云,多云,小雨,多云,多云,多云,晴,晴,晴,晴,多云,多云,晴,多云
460,港澳台,台湾省,新北市,27,16,27,16,25,15,20,15,22,15,23,16,27,13,26,15,27,14,25,11,26,11,25,14,25,15,24,9,22,12,晴,多云,多云,小雨,多云,多云,多云,晴,晴,晴,晴,多云,多云,晴,多云
461,港澳台,台湾省,台中市,27,16,27,16,25,15,20,15,22,15,23,16,27,13,26,15,27,14,25,11,26,11,25,14,25,15,24,9,22,12,晴,多云,多云,小雨,多云,多云,多云,晴,晴,晴,晴,多云,多云,晴,多云
462,港澳台,台湾省,台南市,27,16,27,16,25,15,20,15,22,15,23,16,27,13,26,15,27,14,25,11,26,11,25,14,25,15,24,9,22,12,晴,多云,多云,小雨,多云,多云,多云,晴,晴,晴,晴,多云,多云,晴,多云
463,港澳台,台湾省,桃园市,27,16,27,16,25,15,20,15,22,15,23,16,27,13,26,15,27,14,25,11,26,11,25,14,25,15,24,9,22,12,晴,多云,多云,小雨,多云,多云,多云,晴,晴,晴,晴,多云,多云,晴,多云
