华北,北京市,北京市,21,6,晴,23,7,晴,22,8,晴,24,9,晴,25,10,晴,22,7,晴,22,8,晴,21,7,多云,22,8,多云,21,9,多云,21,9,多云,21,10,多云,19,10,阴,16,7,多云,15,5,多云
华北,北京市,东城,21,6,晴,23,7,晴,22,8,晴,24,10,晴,26,10,晴,23,9,晴,21,8,晴,21,7,多云,22,8,多云,21,9,多云,21,9,多云,21,10,多云,19,10,阴,16,7,多云,15,5,多云
华北,北京市,西城,21,5,晴,23,6,晴,22,7,晴,24,8,晴,28,8,晴,24,7,晴,23,7,晴,21,7,多云,22,8,多云,20,9,多云,21,9,多云,21,9,多云,19,10,阴,16,7,多云,15,4,多云
华北,北京市,丰台,22,5,晴,22,7,晴,21,7,晴,24,9,晴,26,9,晴,23,8,晴,22,8,晴,21,7,多云,22,8,多云,21,9,多云,21,9,多云,21,10,多云,19,10,阴,16,7,多云,15,5,多云
华北,北京市,石景山,22,5,晴,22,6,晴,22,7,晴,24,7,晴,27,8,晴,22,7,晴,22,7,晴,21,6,多云,21,8,多云,20,9,多云,21,9,多云,21,9,多云,19,10,阴,16,7,多云,15,4,多云
华北,北京市,海淀,21,5,晴,23,6,晴,22,7,晴,24,8,晴,28,8,晴,24,7,晴,23,7,晴,21,7,多云,22,8,多云,20,9,多云,21,9,多云,21,9,多云,19,10,阴,16,7,多云,15,4,多云
华北,北京市,门头沟,22,7,晴,22,7,晴,21,8,晴,24,9,晴,27,11,晴,22,8,晴,22,9,晴,20,10,晴,20,10,晴,18,11,阵雨,17,9,晴,19,9,阵雨,16,10,阵雨,14,6,晴,12,5,晴
华北,北京市,房山,22,5,晴,22,7,晴,21,7,晴,24,9,晴,26,9,晴,23,8,晴,22,8,晴,21,7,多云,22,8,多云,21,9,多云,21,9,多云,21,10,多云,19,10,阴,16,7,多云,15,5,多云
华北,北京市,通州,21,4,晴,22,5,晴,21,7,晴,23,6,晴,27,9,晴,22,6,晴,22,7,晴,20,9,晴,21,10,晴,20,11,晴,18,10,晴,19,9,阵雨,16,10,阵雨,14,6,晴,13,5,晴
华北,北京市,顺义,21,6,晴,23,7,晴,22,8,晴,24,9,晴,28,9,晴,24,8,晴,22,9,晴,19,9,晴,20,10,晴,19,11,晴,18,9,晴,19,10,阵雨,16,10,阵雨,14,6,晴,12,5,晴
华北,北京市,昌平,22,6,晴,22,7,晴,22,8,晴,24,9,晴,27,9,晴,24,7,晴,23,7,晴,18,8,晴,19,9,晴,17,10,晴,17,9,晴,18,9,阵雨,16,9,阵雨,13,6,晴,11,4,晴
华北,北京市,怀柔,21,5,晴,22,5,晴,22,7,晴,24,8,晴,27,8,晴,23,6,晴,23,8,晴,19,10,晴,20,11,晴,18,11,晴,17,10,晴,18,11,雨,16,9,阵雨,13,6,晴,12,5,晴
华北,北京市,平谷,21,2,晴,23,4,晴,22,5,晴,24,5,晴,27,6,晴,22,2,晴,22,4,晴,22,5,多云,22,7,多云,21,8,多云,21,8,多云,21,8,多云,19,9,阴,16,6,多云,15,3,多云
华北,北京市,密云,21,3,晴,23,5,晴,22,6,晴,24,7,晴,25,7,晴,23,5,晴,23,6,晴,19,8,晴,20,9,晴,18,10,晴,17,8,晴,18,9,雨,16,9,阵雨,13,5,晴,12,4,晴
华北,北京市,延庆,19,2,晴,21,3,晴,21,4,晴,23,2,晴,24,4,晴,20,3,晴,21,3,晴,19,7,晴,18,7,晴,16,8,晴,16,6,晴,17,7,雨,14,7,阵雨,11,3,晴,10,2,雨
华北,天津市,天津市,21,11,晴,23,12,晴,24,13,多云,25,13,晴,25,11,多云,20,10,多云,22,10,晴,24,9,多云,23,10,多云,22,11,多云,22,11,多云,22,11,多云,21,12,阴,18,9,多云,15,6,多云
华北,天津市,和平,21,11,晴,23,12,晴,24,13,多云,25,13,晴,25,11,多云,20,10,多云,22,10,晴,24,9,多云,23,10,多云,22,11,多云,22,11,多云,22,11,多云,21,12,阴,18,9,多云,15,6,多云
华北,天津市,河东,21,11,晴,23,12,晴,24,13,多云,25,13,晴,25,11,多云,20,10,多云,22,10,晴,24,9,多云,23,10,多云,22,11,多云,22,11,多云,22,11,多云,21,12,阴,18,9,多云,15,6,多云
华北,天津市,河西,21,11,晴,23,12,晴,24,13,多云,25,13,晴,25,11,多云,20,10,多云,22,10,晴,24,9,多云,23,10,多云,22,11,多云,22,11,多云,22,11,多云,21,12,阴,18,9,多云,15,6,多云
华北,天津市,南开,21,11,晴,23,12,晴,24,13,多云,25,13,晴,25,11,多云,20,10,多云,22,10,晴,24,9,多云,23,10,多云,22,11,多云,22,11,多云,22,11,多云,21,12,阴,18,9,多云,15,6,多云
华北,天津市,河北,21,11,晴,23,12,晴,24,13,多云,25,13,晴,25,11,多云,20,10,多云,22,10,晴,24,9,多云,23,10,多云,22,11,多云,22,11,多云,22,11,多云,21,12,阴,18,9,多云,15,6,多云
华北,天津市,红桥,21,11,晴,23,12,晴,24,13,多云,25,13,晴,25,11,多云,20,10,多云,22,10,晴,24,9,多云,23,10,多云,22,11,多云,22,11,多云,22,11,多云,21,12,阴,18,9,多云,15,6,多云
华北,天津市,东丽,21,9,晴,23,11,晴,23,12,多云,24,12,晴,25,9,多云,20,9,多云,22,9,晴,23,9,多云,23,10,多云,22,11,多云,22,11,多云,22,11,多云,21,11,阴,18,9,多云,15,6,多云
华北,天津市,西青,21,5,晴,23,8,晴,24,11,多云,25,11,晴,25,9,多云,20,8,多云,22,9,晴,24,9,多云,23,10,多云,22,11,多云,22,11,多云,22,11,多云,21,11,阴,18,9,多云,15,6,多云
华北,天津市,津南,21,7,晴,23,10,晴,23,10,多云,24,12,晴,25,10,多云,19,8,多云,22,9,晴,23,9,多云,23,10,多云,22,11,多云,22,11,多云,22,11,多云,21,11,阴,18,9,多云,15,6,多云
华北,天津市,北辰,21,5,晴,23,8,晴,23,10,多云,24,10,晴,25,9,多云,20,8,多云,22,8,晴,24,9,多云,22,10,多云,22,11,多云,22,11,多云,22,11,多云,21,10,阴,18,9,多云,15,6,多云
华北,天津市,武清,21,6,晴,23,8,晴,23,10,多云,24,10,晴,25,9,多云,20,8,多云,21,8,晴,22,10,晴,22,11,晴,22,11,晴,20,11,晴,21,11,阵雨,17,10,阵雨,15,8,晴,14,6,阵雨
华北,天津市,宝坻,21,5,晴,23,7,晴,22,9,多云,24,9,晴,25,10,多云,20,7,多云,21,6,晴,21,8,晴,22,9,晴,21,10,晴,20,10,晴,21,10,阵雨,17,10,阵雨,15,7,晴,14,5,晴
华北,天津市,滨海新区,20,9,晴,23,11,晴,23,13,多云,23,13,晴,23,11,多云,18,10,多云,20,11,晴,21,14,晴,21,14,晴,20,14,晴,20,13,晴,21,13,阵雨,16,12,阵雨,14,10,晴,14,9,晴
华北,天津市,宁河,20,7,晴,22,9,晴,23,12,多云,24,10,晴,25,10,多云,20,8,多云,20,10,晴,21,10,晴,22,11,晴,21,11,晴,20,11,阵雨,21,11,阵雨,16,10,阵雨,14,8,晴,14,6,晴
华北,天津市,静海,23,8,晴,23,8,晴,24,10,多云,25,12,晴,25,9,多云,20,8,多云,22,9,晴,22,11,晴,23,12,晴,22,13,晴,20,12,阵雨,22,13,阵雨,17,11,阵雨,16,9,晴,14,7,阵雨
华北,天津市,蓟州,21,5,晴,23,6,晴,22,8,多云,23,8,晴,24,9,多云,19,7,多云,20,6,晴,20,9,晴,21,10,晴,20,11,晴,19,10,晴,20,11,雨,16,10,雨,14,7,晴,13,6,晴
华北,河北省,石家庄市,22,8,晴,24,10,晴,25,12,晴,26,12,晴,29,14,晴,22,10,晴,24,12,多云,24,10,多云,24,10,多云,23,12,多云,22,11,多云,21,12,阴,20,12,阴,19,10,多云,18,6,多云
华北,河北省,辛集市,22,8,晴,25,10,晴,25,12,晴,27,12,晴,28,13,晴,24,10,晴,23,11,晴,23,8,多云,23,8,多云,22,10,多云,22,9,多云,21,10,多云,19,11,阴,17,8,多云,16,5,多云
华北,河北省,唐山市,20,5,晴,22,7,晴,23,9,多云,23,10,晴,23,10,晴,19,7,晴,21,8,晴,22,6,多云,22,7,多云,22,8,多云,22,8,多云,22,9,多云,20,9,阴,18,7,多云,15,3,多云
华北,河北省,秦皇岛市,20,5,晴,21,8,晴,22,8,晴,23,9,晴,22,8,晴,18,7,晴,17,6,晴,22,6,多云,22,8,多云,21,9,多云,21,9,多云,21,9,多云,20,9,阴,16,5,多云,14,1,多云
华北,河北省,邯郸市,22,9,晴,24,11,晴,25,12,晴,26,12,晴,28,14,晴,24,11,晴,27,14,多云,25,10,多云,26,10,多云,24,11,多云,24,10,多云,23,12,阴,21,12,阴,20,10,多云,19,7,多云
华北,河北省,邢台市,22,6,晴,24,8,晴,25,9,多云,27,10,晴,27,11,晴,23,9,晴,23,9,多云,25,12,多云,25,12,多云,23,12,多云,23,12,多云,21,11,阴,20,11,阴,19,11,多云,18,7,多云
华北,河北省,保定市,21,4,晴,24,7,晴,25,6,晴,26,8,晴,24,9,晴,22,7,晴,22,9,晴,23,6,多云,23,6,多云,23,8,多云,23,8,多云,23,9,多云,19,10,阴,18,7,多云,17,3,多云
华北,河北省,定州市,22,6,晴,24,8,晴,25,8,晴,26,10,晴,27,11,晴,23,7,晴,23,9,晴,23,8,多云,23,8,多云,22,10,多云,22,9,多云,21,10,多云,19,11,阴,17,8,多云,16,5,多云
华北,河北省,张家口市,17,2,晴,19,5,晴,19,4,晴,20,6,晴,17,5,晴,15,3,晴,18,5,晴,22,4,多云,22,4,多云,20,5,多云,19,5,多云,18,6,多云,18,7,多云,15,4,多云,14,1,多云
华北,河北省,承德市,19,2,晴,22,5,晴,22,4,晴,23,6,晴,24,4,晴,19,4,晴,21,6,晴,21,2,多云,21,4,多云,20,5,多云,20,5,多云,20,5,多云,18,6,多云,14,3,多云,13,-1,多云
华北,河北省,沧州市,23,7,晴,24,10,晴,25,10,晴,26,11,晴,26,10,晴,20,7,晴,23,10,晴,25,11,多云,25,12,多云,24,13,多云,24,12,多云,24,13,多云,20,11,阴,19,10,多云,17,7,多云
华北,河北省,廊坊市,21,7,晴,23,8,晴,24,8,晴,25,10,晴,24,12,晴,21,9,晴,23,9,晴,22,6,多云,23,8,多云,22,8,多云,22,8,多云,22,9,多云,19,10,阴,16,6,多云,13,2,多云
华北,河北省,衡水市,22,9,晴,24,11,晴,25,12,晴,26,12,晴,27,13,晴,23,11,晴,25,12,多云,25,11,多云,25,12,多云,24,12,多云,24,12,多云,24,12,多云,20,12,阴,19,10,多云,16,7,多云
华北,山西省,太原市,18,3,晴,20,4,晴,22,5,晴,22,5,晴,24,6,多云,21,4,晴,21,4,晴,22,3,多云,23,4,多云,21,4,多云,21,4,多云,20,6,阴,18,7,阴,17,3,多云,17,0,多云
华北,山西省,大同市,16,-2,晴,17,0,晴,19,-2,晴,21,1,晴,20,-1,晴,16,-1,晴,17,0,晴,19,-4,多云,20,-2,多云,19,-2,多云,19,-2,多云,17,0,多云,15,2,多云,13,-2,多云,14,-6,多云
华北,山西省,阳泉市,18,4,晴,19,5,晴,23,6,晴,23,7,晴,23,6,晴,19,4,晴,21,5,晴,20,6,多云,20,6,多云,19,7,多云,18,7,多云,17,8,阴,16,8,阴,15,6,多云,14,2,多云
华北,山西省,长治市,17,2,晴,18,4,晴,20,5,晴,21,7,晴,23,6,多云,19,5,晴,21,6,晴,20,5,多云,21,6,多云,21,5,多云,20,6,多云,19,8,阴,18,8,阴,16,4,多云,15,3,多云
华北,山西省,晋城市,18,5,晴,20,8,晴,19,8,晴,22,10,晴,23,10,多云,21,9,多云,22,8,晴,22,7,多云,23,7,多云,22,7,多云,20,7,多云,19,9,阴,19,9,多云,17,7,多云,17,4,多云
华北,山西省,朔州市,16,0,晴,17,3,晴,19,3,晴,21,4,晴,20,1,晴,17,1,晴,19,2,晴,19,2,多云,20,2,多云,19,3,多云,18,3,多云,16,5,阴,15,5,多云,13,2,多云,13,-1,多云
华北,山西省,晋中市,17,2,晴,18,3,晴,20,4,晴,22,5,晴,23,5,多云,19,4,晴,20,5,晴,21,4,多云,22,4,多云,21,5,多云,20,5,多云,18,7,阴,17,8,阴,15,5,多云,16,1,多云
华北,山西省,运城市,20,7,晴,22,8,晴,23,11,晴,24,12,晴,24,9,多云,23,11,多云,21,11,多云,21,9,多云,22,9,多云,23,10,多云,21,11,多云,20,11,阴,17,11,多云,18,8,多云,17,6,多云
华北,山西省,忻州市,17,0,晴,18,1,晴,19,2,晴,22,4,晴,23,5,晴,20,1,晴,21,3,晴,20,1,多云,21,2,多云,20,3,多云,19,3,多云,18,6,阴,17,5,多云,15,0,多云,14,-3,多云
华北,山西省,临汾市,21,6,多云,22,8,晴,24,9,晴,24,11,晴,25,9,多云,25,8,晴,23,10,晴,21,10,多云,22,11,多云,22,11,多云,21,12,多云,18,12,阴,18,11,多云,17,10,多云,16,9,多云
华北,山西省,吕梁市,19,3,晴,19,5,晴,21,6,晴,22,6,晴,21,6,多云,19,4,多云,20,6,晴,21,4,多云,21,5,多云,21,4,多云,19,5,多云,19,7,多云,15,6,多云,15,3,多云,16,2,多云
华北,内蒙古自治区,呼和浩特市,16,0,晴,17,2,晴,18,2,晴,18,3,晴,20,2,晴,17,2,晴,18,4,晴,18,0,多云,18,1,多云,18,0,多云,17,1,多云,15,3,多云,11,2,多云,11,-2,多云,11,-3,多云
华北,内蒙古自治区,包头市,17,2,晴,18,3,晴,19,3,晴,21,4,晴,18,3,多云,17,2,晴,17,3,晴,19,0,多云,19,1,多云,19,0,多云,18,2,多云,17,6,阴,13,2,阴,14,-4,多云,14,-4,多云
华北,内蒙古自治区,乌海市,19,1,晴,20,2,多云,21,2,晴,22,3,晴,21,1,晴,20,2,晴,21,3,晴,21,4,多云,21,3,多云,21,4,多云,21,5,多云,17,6,多云,14,3,多云,13,-1,多云,15,-1,多云
华北,内蒙古自治区,赤峰市,18,4,晴,17,5,晴,20,6,多云,22,6,晴,21,2,晴,17,4,多云,18,4,晴,21,2,多云,19,3,多云,17,3,多云,20,4,多云,19,4,多云,16,4,多云,11,0,阴,11,-4,多云
华北,内蒙古自治区,通辽市,14,4,晴,16,5,晴,21,7,多云,20,6,晴,20,2,多云,14,3,晴,17,5,晴,18,3,多云,17,4,多云,16,4,多云,18,4,多云,19,6,多云,16,4,多云,9,1,阴,8,-3,多云
华北,内蒙古自治区,鄂尔多斯市,14,4,晴,16,5,晴,16,5,晴,19,5,晴,15,2,多云,14,3,晴,15,5,晴,16,6,晴,16,6,晴,15,6,晴,15,6,晴,14,6,阵雨,10,4,阵雨,12,4,阵雨,10,4,晴
华北,内蒙古自治区,呼伦贝尔市,10,-4,晴,11,-2,晴,14,-4,晴,12,-1,晴,7,-6,晴,8,-4,晴,11,-2,晴,13,-5,多云,12,-4,阴,8,-6,多云,12,-6,多云,9,-5,多云,4,-6,多云,2,-11,多云,2,-14,多云
华北,内蒙古自治区,巴彦淖尔市,17,3,晴,18,4,晴,19,4,晴,21,4,晴,19,2,晴,16,2,晴,18,3,晴,20,2,多云,20,2,多云,19,2,多云,19,3,多云,17,5,阴,13,1,多云,12,-2,多云,14,-3,多云
华北,内蒙古自治区,乌兰察布市,15,-1,晴,15,1,晴,16,2,晴,16,3,多云,16,-2,晴,16,-1,晴,17,1,晴,17,-1,多云,18,-1,多云,17,-2,多云,16,-1,多云,14,0,多云,11,1,多云,9,-3,多云,9,-5,多云
华北,内蒙古自治区,兴安盟,14,2,晴,14,2,晴,20,3,多云,18,5,晴,17,-1,多云,12,1,晴,18,2,晴,14,-3,多云,13,-3,多云,13,-2,多云,14,-4,阵雨,16,-1,阵雨,10,-5,多云,6,-5,多云,4,-10,多云
华北,内蒙古自治区,锡林郭勒盟,14,-2,晴,15,0,晴,16,0,晴,17,0,晴,12,-2,晴,12,-1,晴,17,1,晴,17,-2,多云,16,-2,多云,14,-3,多云,16,-1,阵雨,14,-1,多云,10,-1,多云,5,-5,多云,8,-7,多云
华北,内蒙古自治区,阿拉善盟,16,5,晴,17,5,晴,18,6,晴,19,7,晴,17,7,晴,18,7,晴,18,7,晴,18,2,多云,18,3,多云,18,4,多云,18,3,多云,14,3,多云,11,1,多云,11,-1,多云,13,-2,多云
东北,辽宁省,沈阳市,14,5,晴,18,4,晴,22,10,晴,23,10,多云,24,6,多云,14,2,晴,17,3,晴,20,2,多云,20,5,多云,18,5,多云,20,5,多云,20,7,多云,19,7,多云,13,3,多云,11,0,多云
东北,辽宁省,大连市,18,13,晴,21,14,晴,21,16,多云,21,14,晴,23,12,晴,17,10,晴,19,11,多云,20,12,多云,20,13,多云,20,14,多云,20,13,多云,20,14,多云,18,13,多云,16,10,多云,13,8,多云
东北,辽宁省,鞍山市,13,10,晴,19,12,晴,22,14,晴,23,14,晴,23,10,晴,17,6,晴,14,8,晴,18,6,多云,19,9,多云,17,9,多云,20,10,多云,20,11,多云,17,10,多云,10,6,多云,9,4,多云
东北,辽宁省,抚顺市,11,4,晴,17,2,晴,20,6,晴,16,8,阵雨,21,2,晴,14,-1,晴,14,0,晴,19,2,多云,20,4,多云,18,4,多云,21,5,多云,20,6,多云,19,6,多云,13,3,多云,10,-1,多云
东北,辽宁省,本溪市,12,6,晴,19,6,晴,21,10,晴,21,11,阵雨,22,7,晴,13,4,晴,16,4,晴,19,3,多云,19,6,多云,18,5,多云,19,6,多云,19,7,多云,19,7,多云,14,5,多云,11,1,多云
东北,辽宁省,丹东市,14,3,晴,21,6,晴,21,10,多云,21,13,阵雨,21,12,多云,18,5,晴,18,4,晴,18,6,多云,19,7,多云,19,9,多云,19,9,多云,19,10,多云,19,11,多云,16,8,多云,13,6,多云
东北,辽宁省,锦州市,18,7,晴,21,7,晴,22,11,多云,24,11,多云,22,8,晴,18,8,晴,19,11,晴,21,7,多云,20,9,多云,19,8,多云,21,9,多云,21,10,多云,19,9,多云,14,5,多云,14,2,多云
东北,辽宁省,营口市,14,11,晴,19,12,晴,21,14,晴,21,12,多云,22,9,晴,15,6,晴,18,7,晴,19,8,多云,19,9,多云,18,8,多云,19,10,多云,19,10,多云,17,9,多云,13,5,多云,12,3,多云
东北,辽宁省,阜新市,17,3,晴,20,1,晴,23,6,晴,23,5,晴,24,5,晴,16,-1,晴,18,1,晴,18,2,多云,18,4,多云,17,5,多云,20,5,多云,20,6,多云,18,5,多云,10,2,多云,10,-2,多云
东北,辽宁省,辽阳市,14,7,晴,19,6,晴,23,12,晴,23,10,多云,24,7,晴,14,3,晴,18,3,晴,18,6,多云,19,9,多云,17,9,多云,20,10,多云,20,11,多云,17,10,多云,11,6,多云,9,4,多云
东北,辽宁省,盘锦市,14,9,晴,19,7,晴,20,12,晴,21,13,晴,23,9,晴,15,5,晴,16,7,晴,19,8,多云,19,9,多云,18,8,多云,19,10,多云,19,10,多云,17,9,多云,13,5,多云,12,3,多云
东北,辽宁省,铁岭市,13,7,晴,18,4,晴,21,9,晴,23,10,多云,23,6,多云,13,1,晴,15,3,晴,19,2,多云,20,5,多云,18,5,多云,20,5,多云,19,7,多云,19,6,多云,13,3,多云,11,0,多云
东北,辽宁省,朝阳市,20,3,晴,21,3,晴,25,6,晴,25,6,晴,25,5,晴,16,3,晴,20,3,晴,22,3,多云,21,4,多云,20,4,多云,22,5,多云,22,6,多云,20,6,阴,14,3,多云,14,-1,多云
东北,辽宁省,葫芦岛市,17,5,晴,20,5,晴,23,9,晴,23,7,晴,23,6,晴,18,3,晴,18,3,晴,19,7,多云,19,9,多云,19,8,多云,20,10,多云,20,11,多云,17,9,多云,13,5,多云,12,2,多云
东北,吉林省,长春市,10,3,多云,15,3,晴,20,6,晴,21,3,多云,21,1,晴,11,-2,晴,12,0,晴,16,1,多云,16,3,多云,16,4,多云,17,5,多云,17,7,多云,17,6,阵雨,9,0,多云,7,-3,多云
东北,吉林省,吉林市,8,0,多云,14,-1,晴,21,4,晴,21,2,小雨,20,-1,多云,14,-4,晴,10,-3,晴,15,0,多云,16,2,多云,15,3,多云,18,5,多云,18,6,多云,17,5,多云,9,0,多云,6,-4,多云
东北,吉林省,四平市,10,2,晴,15,2,晴,19,8,晴,20,8,多云,22,1,晴,16,-1,晴,13,2,晴,17,0,多云,18,2,多云,16,3,多云,18,4,多云,18,6,多云,18,5,多云,11,0,多云,8,-4,多云
东北,吉林省,辽源市,10,2,晴,16,-1,晴,21,6,晴,22,4,多云,22,0,晴,14,-4,晴,12,-2,晴,17,0,多云,17,1,多云,16,2,多云,18,3,多云,18,5,多云,17,4,多云,10,-1,多云,8,-5,多云
东北,吉林省,通化市,8,1,晴,17,2,晴,17,6,晴,19,6,小雨,20,0,多云,12,-2,晴,12,-1,晴,16,0,多云,17,1,多云,18,3,多云,18,3,多云,17,4,多云,17,5,阴,15,4,阴,11,1,多云
东北,吉林省,白山市,7,-2,晴,16,0,晴,17,3,晴,19,5,小雨,19,-1,多云,11,-4,晴,11,-3,晴,15,-2,多云,17,-1,多云,16,0,多云,18,2,多云,18,3,多云,17,4,多云,13,3,阴,9,-1,多云
东北,吉林省,松原市,11,4,多云,14,6,晴,20,9,晴,18,3,晴,20,1,多云,12,-1,晴,11,0,晴,16,1,多云,16,1,多云,15,2,多云,16,2,多云,17,4,多云,15,3,多云,8,-1,阴,6,-4,多云
东北,吉林省,白城市,14,3,多云,15,4,晴,18,4,晴,16,4,晴,21,1,晴,12,-3,晴,13,0,晴,16,-1,多云,16,0,多云,15,-2,多云,16,-1,多云,17,1,阵雨,14,-1,多云,8,-5,多云,6,-10,多云
东北,吉林省,延边朝鲜族自治州,8,0,晴,15,-2,晴,19,2,晴,19,3,小雨,18,3,晴,13,-1,多云,12,-1,晴,14,-2,多云,15,-2,多云,16,-1,多云,18,4,多云,18,5,多云,18,5,多云,15,4,阴,10,1,多云
东北,黑龙江省,哈尔滨市,7,1,多云,11,2,晴,17,6,晴,17,1,多云,17,1,阵雨,12,-2,晴,8,-2,晴,11,0,晴,12,2,晴,11,3,晴,10,2,晴,10,3,雨,5,0,阵雨,2,-3,晴,3,-4,晴
东北,黑龙江省,齐齐哈尔市,10,-1,多云,11,1,多云,14,2,晴,13,2,晴,15,1,多云,8,-3,晴,8,-2,多云,13,0,多云,12,1,多云,11,0,多云,11,0,多云,13,2,多云,8,-2,多云,5,-3,多云,4,-6,多云
东北,黑龙江省,鸡西市,5,0,多云,10,0,多云,15,4,晴,17,4,多云,17,3,多云,10,-3,晴,8,-3,晴,9,-1,多云,10,-1,多云,11,0,多云,12,2,多云,15,4,多云,12,5,多云,9,2,多云,2,-3,多云
东北,黑龙江省,鹤岗市,5,-1,晴,9,-1,晴,13,1,晴,15,2,多云,14,2,多云,9,-3,多云,7,-3,晴,10,-3,多云,11,-2,多云,12,-1,多云,11,0,多云,14,2,多云,12,3,多云,10,-1,阴,3,-5,小雨
东北,黑龙江省,双鸭山市,6,1,晴,10,1,晴,15,6,晴,19,6,阵雨,17,2,多云,10,-2,晴,9,-4,晴,10,-3,多云,11,-2,多云,12,-1,多云,11,0,多云,15,2,多云,12,3,多云,10,-1,阴,3,-5,小雨
东北,黑龙江省,大庆市,9,-2,多云,11,0,多云,15,5,晴,14,4,晴,14,0,多云,9,-1,晴,9,1,多云,13,-1,多云,13,0,多云,12,0,多云,13,0,多云,14,2,阵雨,12,0,多云,6,-3,多云,4,-7,多云
东北,黑龙江省,伊春市,4,0,晴,8,1,晴,13,2,晴,15,2,多云,13,-1,多云,7,-2,多云,5,-3,晴,8,-3,多云,9,-2,多云,9,-1,多云,8,-2,多云,11,0,阵雨,8,0,多云,4,-4,多云,0,-6,多云
东北,黑龙江省,佳木斯市,8,0,多云,11,-1,晴,15,5,晴,19,3,晴,18,3,晴,11,-3,晴,8,-4,晴,10,-2,多云,12,-2,多云,13,0,多云,12,1,多云,15,3,多云,13,3,多云,10,0,阴,3,-4,小雨
东北,黑龙江省,七台河市,5,-1,晴,9,-2,多云,15,1,晴,18,3,晴,16,4,多云,10,-2,多云,9,-4,多云,8,-1,多云,9,-1,多云,11,0,多云,12,2,多云,15,4,多云,12,4,多云,9,2,多云,2,-3,多云
东北,黑龙江省,牡丹江市,5,-1,多云,11,-2,晴,16,3,晴,18,5,小雨,17,2,多云,13,-4,多云,8,-4,晴,12,-6,多云,14,-5,多云,15,-2,多云,17,1,多云,18,3,多云,16,4,阴,13,1,阴,8,-3,阵雨
东北,黑龙江省,黑河市,5,-2,多云,9,-3,晴,13,-1,晴,10,-2,晴,12,-1,多云,7,-5,晴,5,-3,晴,9,-4,多云,9,-4,多云,8,-2,阵雨,6,-6,阴,7,-2,阴,4,-4,多云,1,-7,小雨,1,-9,多云
东北,黑龙江省,绥化市,6,1,多云,10,2,晴,15,5,晴,16,3,晴,15,3,多云,7,-2,多云,7,-4,晴,10,-1,晴,11,1,晴,11,2,晴,9,1,多云,8,2,多云,4,-2,阵雨,2,-4,晴,1,-5,晴
东北,黑龙江省,大兴安岭地区,8,-3,小雨,9,-6,晴,15,-4,多云,14,-2,晴,10,-2,多云,7,-9,晴,13,-7,晴,6,-4,晴,6,-3,晴,3,-3,晴,2,-4,小雨,-1,-6,雪,-4,-9,晴,-3,-10,晴,-3,-11,晴
华东,上海市,上海市,21,15,晴,24,16,晴,25,18,晴,26,19,晴,26,18,多云,24,18,晴,23,18,阴,24,16,多云,23,16,阴,24,16,多云,24,16,多云,26,17,多云,26,17,多云,26,17,多云,22,14,多云
华东,上海市,黄浦,21,15,晴,24,16,晴,25,18,晴,26,19,晴,26,18,多云,24,18,晴,23,18,阴,24,16,多云,23,16,阴,24,16,多云,24,16,多云,26,17,多云,26,17,多云,26,17,多云,22,14,多云
华东,上海市,徐汇,21,15,晴,24,16,晴,25,18,晴,26,19,晴,26,18,多云,24,18,晴,23,18,阴,24,16,多云,23,16,阴,24,16,多云,24,16,多云,26,17,多云,26,17,多云,26,17,多云,22,14,多云
华东,上海市,长宁,21,15,晴,24,16,晴,25,18,晴,26,19,晴,26,18,多云,24,18,晴,23,18,阴,24,16,多云,23,16,阴,24,16,多云,24,16,多云,26,17,多云,26,17,多云,26,17,多云,22,14,多云
华东,上海市,静安,21,15,晴,24,16,晴,25,18,晴,26,19,晴,26,18,多云,24,18,晴,23,18,阴,24,16,多云,23,16,阴,24,16,多云,24,16,多云,26,17,多云,26,17,多云,26,17,多云,22,14,多云
华东,上海市,普陀,21,15,晴,24,16,晴,25,18,晴,26,19,晴,26,18,多云,24,18,晴,23,18,阴,24,16,多云,23,16,阴,24,16,多云,24,16,多云,26,17,多云,26,17,多云,26,17,多云,22,14,多云
华东,上海市,虹口,21,15,晴,24,16,晴,25,18,晴,26,19,晴,26,18,多云,24,18,晴,23,18,阴,24,16,多云,23,16,阴,24,16,多云,24,16,多云,26,17,多云,26,17,多云,26,17,多云,22,14,多云
华东,上海市,杨浦,21,15,晴,24,16,晴,25,18,晴,26,19,晴,26,18,多云,24,18,晴,23,18,阴,24,16,多云,23,16,阴,24,16,多云,24,16,多云,26,17,多云,26,17,多云,26,17,多云,22,14,多云
华东,上海市,闵行,21,14,晴,25,15,晴,25,18,晴,27,17,晴,25,18,多云,25,18,多云,25,15,阴,24,16,多云,23,16,阴,24,16,多云,24,16,多云,26,17,多云,26,18,多云,26,17,多云,22,14,多云
华东,上海市,宝山,20,15,晴,22,16,晴,24,16,晴,26,17,晴,24,18,多云,24,18,晴,23,16,阴,24,16,多云,23,16,阴,24,16,多云,24,16,多云,26,17,多云,26,18,多云,26,17,多云,22,14,多云
华东,上海市,嘉定,20,13,晴,23,15,晴,25,16,晴,27,16,晴,25,17,多云,24,16,多云,24,15,阴,23,16,多云,23,16,多云,23,16,多云,23,16,多云,24,17,多云,25,17,多云,24,16,多云,21,13,多云
华东,上海市,浦东新区,21,13,晴,22,15,晴,25,17,晴,27,17,晴,24,16,多云,24,18,多云,24,16,阴,24,16,多云,23,16,阴,24,16,多云,24,16,多云,25,17,多云,25,18,多云,25,17,多云,22,14,多云
华东,上海市,金山,21,13,晴,22,15,晴,24,17,晴,26,17,晴,25,16,多云,24,16,多云,23,15,阴,23,16,晴,22,16,多云,23,15,晴,23,14,晴,24,15,晴,24,17,阵雨,23,16,晴,21,15,晴
华东,上海市,松江,21,14,晴,24,16,晴,25,17,晴,27,17,晴,26,16,多云,24,17,多云,23,16,阴,23,16,晴,22,16,多云,23,15,晴,23,14,晴,24,15,晴,24,17,阵雨,23,16,晴,21,15,晴
华东,上海市,青浦,21,13,晴,24,14,晴,25,17,晴,27,16,晴,25,16,多云,25,16,多云,24,15,阴,23,16,晴,21,16,多云,23,15,晴,23,14,晴,24,15,晴,24,17,晴,22,16,阵雨,21,14,晴
华东,上海市,奉贤,21,13,晴,21,15,晴,23,18,晴,25,17,晴,24,17,多云,24,16,多云,23,16,阴,23,17,晴,22,16,多云,23,16,晴,23,15,晴,24,16,晴,24,17,阵雨,23,17,阵雨,21,15,晴
华东,上海市,崇明,20,11,晴,23,13,晴,24,16,晴,26,15,晴,24,14,多云,24,15,晴,24,13,阴,21,17,晴,21,17,阵雨,21,17,晴,21,16,晴,22,17,晴,22,18,晴,21,17,阵雨,19,15,阵雨
华东,江苏省,南京市,21,9,晴,23,11,晴,25,13,晴,26,15,多云,27,14,阴,27,15,阴,22,13,阴,23,14,多云,23,14,多云,24,13,多云,24,14,多云,24,15,多云,25,16,多云,22,15,阴,22,12,多云
华东,江苏省,无锡市,22,10,晴,23,12,晴,25,15,晴,26,15,晴,27,15,多云,26,16,阴,22,12,阴,23,15,多云,22,15,多云,24,14,多云,24,15,多云,25,16,多云,25,17,多云,24,16,阵雨,22,13,多云
华东,江苏省,徐州市,21,10,晴,22,9,晴,23,10,晴,26,13,多云,27,14,晴,26,12,阴,21,11,阴,24,12,多云,24,12,多云,25,12,多云,23,12,多云,24,13,多云,24,13,多云,20,11,多云,20,8,多云
华东,江苏省,常州市,21,11,晴,23,13,晴,25,15,晴,26,15,晴,26,17,晴,26,17,多云,22,15,多云,24,14,多云,23,14,多云,24,13,多云,25,14,多云,25,15,多云,26,16,多云,22,15,阴,22,12,多云
华东,江苏省,苏州市,21,12,晴,23,15,晴,25,17,晴,26,16,晴,27,16,多云,26,17,阴,22,15,阴,24,15,多云,22,15,多云,24,14,多云,24,15,多云,25,16,多云,26,17,多云,24,16,阵雨,22,13,多云
华东,江苏省,南通市,21,10,晴,22,13,晴,25,15,多云,26,16,晴,26,15,多云,25,15,阴,21,12,阴,22,15,晴,21,14,晴,22,14,晴,22,14,晴,23,15,晴,23,16,晴,21,15,阵雨,20,13,阵雨
华东,江苏省,连云港市,21,7,晴,21,8,晴,23,10,晴,24,12,晴,26,14,晴,25,13,多云,21,11,阴,23,11,多云,23,11,多云,24,11,多云,22,12,多云,22,12,多云,23,13,多云,20,11,多云,19,8,多云
华东,江苏省,淮安市,21,9,晴,21,8,晴,23,10,晴,25,14,晴,27,16,多云,27,13,阴,23,12,阴,23,11,多云,23,12,多云,24,11,多云,23,11,多云,24,12,多云,24,13,多云,21,12,阴,20,8,多云
华东,江苏省,盐城市,20,7,晴,21,10,晴,24,13,晴,25,11,多云,25,13,多云,25,12,多云,20,10,阴,24,14,多云,23,14,多云,23,14,多云,24,14,多云,24,15,多云,25,16,多云,22,14,阴,20,11,多云
华东,江苏省,扬州市,21,10,晴,23,11,晴,25,13,晴,26,16,晴,28,14,多云,27,15,阴,23,13,阴,22,14,阴,23,14,多云,23,13,多云,24,14,多云,25,15,多云,25,16,多云,22,14,阴,21,11,多云
华东,江苏省,镇江市,21,8,晴,23,9,晴,25,11,多云,26,15,晴,27,13,多云,26,13,多云,22,11,多云,24,14,多云,23,14,多云,24,13,多云,25,14,多云,26,15,多云,27,16,多云,22,15,阴,22,12,多云
华东,江苏省,泰州市,20,10,晴,22,11,晴,25,14,晴,26,14,晴,26,12,多云,26,13,阴,22,12,阴,22,14,阴,23,14,多云,23,13,多云,24,14,多云,25,15,多云,25,16,多云,22,14,阴,21,11,多云
华东,江苏省,宿迁市,20,10,晴,22,9,晴,23,12,晴,25,12,晴,26,14,多云,26,12,阴,21,13,阴,24,12,多云,24,11,多云,25,11,多云,24,11,多云,24,12,多云,24,13,多云,21,12,多云,20,8,多云
华东,浙江省,杭州市,22,12,晴,23,12,晴,26,14,晴,29,16,多云,27,17,阴,25,18,阴,23,16,小雨,23,16,阴,21,15,阴,24,14,多云,25,14,多云,26,15,多云,26,16,多云,26,17,多云,23,13,多云
华东,浙江省,宁波市,22,11,晴,24,13,多云,26,15,晴,28,17,多云,28,17,阴,25,18,阴,22,17,阴,23,15,阴,21,14,阴,24,14,多云,25,14,多云,26,15,多云,26,16,多云,27,16,多云,23,14,多云
华东,浙江省,温州市,24,13,晴,24,14,多云,23,16,多云,25,17,多云,27,19,小雨,23,17,小雨,21,16,小到中雨,21,18,多云,21,17,阴,24,17,多云,24,18,多云,25,18,多云,26,19,多云,26,20,多云,22,18,多云
华东,浙江省,嘉兴市,21,11,晴,22,14,多云,25,16,晴,27,17,多云,27,17,多云,25,17,阴,23,16,小雨,23,16,阴,21,15,阴,24,14,多云,24,14,多云,25,15,多云,25,16,多云,25,17,多云,23,13,多云
华东,浙江省,湖州市,21,11,晴,22,13,晴,24,14,晴,26,16,晴,26,16,阴,25,17,阴,23,15,小雨,23,15,多云,22,14,多云,24,14,多云,24,15,多云,25,16,多云,26,17,多云,24,16,阵雨,22,13,多云
华东,浙江省,绍兴市,21,12,晴,24,13,多云,26,15,晴,27,17,多云,27,17,阴,25,18,阴,22,17,小雨,23,16,阴,21,15,阴,24,14,多云,24,14,多云,25,15,多云,25,16,多云,25,16,多云,23,13,多云
华东,浙江省,金华市,21,12,晴,24,14,晴,26,17,晴,26,18,多云,27,18,阴,25,17,小雨,21,15,小雨,22,16,多云,21,15,阴,24,15,多云,26,15,多云,27,16,多云,28,17,多云,28,17,多云,24,15,多云
华东,浙江省,衢州市,20,11,多云,23,13,晴,25,15,晴,26,18,小雨,27,18,阴,25,16,小雨,20,16,小到中雨,20,16,多云,21,15,阴,23,14,多云,24,14,多云,25,15,多云,26,16,多云,27,17,多云,22,14,多云
华东,浙江省,舟山市,21,14,晴,22,15,多云,24,16,晴,25,16,小雨,25,17,多云,24,17,小雨,22,16,小雨,24,16,阴,22,16,阴,23,16,多云,25,16,多云,25,17,多云,25,17,多云,25,17,多云,22,15,多云
华东,浙江省,台州市,23,13,晴,23,15,多云,26,16,多云,27,18,小雨,27,19,小雨,24,16,小雨,21,15,小雨,23,18,阴,23,17,阴,24,17,多云,26,17,多云,26,17,多云,27,18,多云,28,18,多云,22,16,多云
华东,浙江省,丽水市,22,11,晴,25,13,多云,27,14,晴,25,16,小雨,27,18,小雨,24,17,小雨,19,15,小到中雨,21,16,多云,21,15,多云,25,15,多云,26,14,多云,27,15,多云,28,16,多云,28,17,多云,23,15,多云
华东,安徽省,合肥市,21,7,晴,22,8,晴,24,10,多云,26,14,多云,26,15,多云,24,17,阴,22,16,阴,24,14,阴,24,13,多云,24,11,多云,25,12,多云,26,13,多云,26,14,多云,22,13,阴,22,9,多云
华东,安徽省,巢湖,22,9,晴,23,11,晴,25,13,晴,26,14,晴,25,14,阴,24,16,阴,22,16,阴,23,16,阴,22,15,多云,24,14,多云,25,14,多云,25,16,多云,27,17,多云,20,15,阴,21,13,多云
华东,安徽省,芜湖市,20,10,晴,23,11,晴,25,15,晴,26,15,晴,25,14,多云,24,16,阴,23,16,阴,23,15,阴,23,15,多云,24,13,多云,24,13,多云,25,14,多云,26,16,多云,22,14,多云,22,11,多云
华东,安徽省,蚌埠市,21,8,晴,22,8,晴,24,10,晴,26,12,多云,25,14,阴,25,16,阴,23,16,阴,25,13,多云,25,12,多云,25,11,多云,25,12,多云,26,13,多云,26,14,多云,22,12,多云,22,9,多云
华东,安徽省,淮南市,21,9,晴,22,9,晴,23,12,晴,26,13,晴,25,13,多云,25,16,阴,23,16,阴,25,13,多云,25,12,多云,25,11,多云,25,12,多云,26,13,多云,26,14,多云,22,12,多云,22,9,多云
华东,安徽省,马鞍山市,21,10,晴,23,11,晴,25,14,晴,26,15,多云,25,15,多云,24,16,阴,23,16,阴,24,13,阴,23,13,多云,24,11,多云,24,12,多云,25,13,多云,26,15,多云,22,13,阴,22,10,多云
华东,安徽省,淮北市,22,9,晴,22,9,晴,24,11,晴,26,11,多云,26,12,多云,26,14,阴,22,14,阴,24,12,多云,24,12,多云,25,12,多云,23,12,多云,24,13,多云,24,13,多云,20,11,多云,20,8,多云
华东,安徽省,铜陵市,21,11,晴,22,13,晴,24,15,晴,26,15,晴,25,15,阴,24,16,阴,21,16,阴,23,16,阴,23,15,多云,24,14,多云,25,15,多云,25,16,多云,27,17,多云,20,15,阴,21,13,多云
华东,安徽省,安庆市,21,10,晴,22,11,晴,24,14,晴,26,14,晴,26,16,多云,24,18,阴,21,16,阴,24,17,阴,23,16,多云,25,15,多云,26,16,多云,26,17,多云,27,18,多云,22,16,多云,22,14,多云
华东,安徽省,黄山市,22,9,晴,24,12,晴,26,14,晴,28,15,晴,25,16,阴,23,17,阴,19,15,小雨,21,16,阴,21,15,阴,24,13,多云,25,14,多云,26,15,多云,27,15,多云,25,16,多云,23,13,多云
华东,安徽省,滁州市,21,8,晴,22,8,晴,24,11,多云,26,13,晴,25,13,多云,25,16,阴,22,15,阴,23,14,多云,23,14,多云,24,13,多云,24,14,多云,24,15,多云,25,16,多云,22,15,阴,22,12,多云
华东,安徽省,阜阳市,22,10,晴,22,9,晴,25,12,多云,26,12,晴,26,13,多云,24,15,阴,22,16,阴,25,14,多云,24,13,多云,25,12,多云,25,13,多云,25,14,多云,25,15,多云,21,13,多云,21,11,多云
华东,安徽省,宿州市,21,7,晴,23,7,晴,24,9,晴,27,11,晴,26,13,多云,26,15,阴,23,15,阴,24,12,多云,24,11,多云,25,11,多云,24,11,多云,25,12,多云,25,13,多云,21,12,多云,20,8,多云
华东,安徽省,六安市,22,10,晴,23,11,晴,24,13,晴,27,12,多云,26,13,多云,24,16,阴,22,16,阴,24,13,阴,25,12,多云,26,11,多云,26,11,多云,27,12,多云,27,13,多云,21,12,多云,22,9,多云
华东,安徽省,亳州市,23,10,晴,23,11,晴,24,13,晴,26,11,多云,26,12,阴,25,15,阴,23,14,阴,25,14,多云,25,13,多云,25,12,多云,24,13,多云,25,14,多云,25,15,多云,20,12,多云,20,10,多云
华东,安徽省,池州市,21,9,晴,22,11,晴,24,13,晴,26,14,晴,25,15,晴,24,17,阴,21,15,阴,23,16,阴,23,15,多云,24,14,多云,25,14,多云,25,16,多云,27,17,多云,20,15,阴,21,13,多云
华东,安徽省,宣城市,20,10,晴,23,12,晴,25,13,晴,26,13,晴,25,14,阴,24,16,阴,22,16,阴,22,15,阴,22,14,多云,23,13,多云,24,14,多云,25,15,多云,26,16,多云,21,15,阴,22,12,多云
华东,福建省,福州市,23,19,阴,24,19,阴,26,21,阴,30,21,晴,31,22,多云,29,21,中雨,23,20,小雨,22,18,多云,23,18,多云,26,18,多云,26,18,多云,27,18,多云,28,19,多云,29,19,多云,26,19,多云
华东,福建省,厦门市,23,19,阴,25,20,多云,27,21,多云,29,22,晴,29,22,晴,28,22,阴,27,21,阴,26,21,多云,25,20,多云,27,20,多云,27,20,多云,27,20,多云,28,20,多云,29,21,多云,28,21,多云
华东,福建省,莆田市,25,20,阴,25,20,多云,27,22,多云,30,23,多云,30,23,晴,29,22,小雨,24,21,小雨,22,18,多云,23,18,多云,26,18,多云,26,18,多云,27,18,多云,28,19,多云,29,19,多云,26,19,多云
华东,福建省,三明市,19,18,阴,23,16,阴,28,18,晴,29,19,晴,30,21,晴,23,20,中雨,22,19,中雨,20,18,多云,20,17,阴,24,17,多云,25,17,多云,26,17,多云,27,18,多云,28,19,多云,23,17,多云
华东,福建省,泉州市,22,20,阴,24,20,多云,27,22,多云,29,22,晴,29,23,晴,29,23,阴,25,21,小雨,24,21,多云,24,20,多云,26,20,多云,27,20,多云,27,20,多云,27,21,多云,27,21,多云,27,21,多云
华东,福建省,漳州市,25,19,阴,26,20,多云,28,20,多云,31,21,晴,31,22,多云,30,22,小雨,29,21,阴,26,21,多云,25,20,多云,27,20,多云,27,20,多云,27,20,多云,28,20,多云,29,21,多云,28,21,多云
华东,福建省,南平市,20,17,阴,23,16,阴,27,18,晴,28,20,晴,30,22,多云,28,20,中雨,21,19,中雨,22,19,多云,22,18,阴,25,17,多云,26,16,多云,27,17,多云,28,18,多云,28,18,多云,24,17,多云
华东,福建省,龙岩市,22,19,阴,24,18,阴,28,18,多云,30,19,晴,31,21,晴,28,21,中雨,24,20,中雨,23,18,多云,23,17,多云,26,16,多云,26,15,多云,27,15,多云,28,16,多云,28,16,多云,25,16,多云
华东,福建省,宁德市,22,18,阴,23,18,阴,25,20,阴,29,21,多云,29,22,多云,26,21,中雨,23,19,小雨,22,18,多云,23,18,多云,26,18,多云,26,18,多云,27,18,多云,28,19,多云,29,19,多云,26,19,多云
华东,江西省,南昌市,22,13,晴,24,14,晴,25,16,晴,26,18,晴,25,18,阴,22,17,小雨,22,17,小雨,22,17,阴,24,17,多云,25,15,多云,26,16,多云,26,17,多云,27,18,多云,24,17,多云,23,15,多云
华东,江西省,景德镇市,22,11,晴,24,12,多云,26,14,晴,27,16,多云,28,17,多云,26,18,多云,22,18,小雨,22,17,阴,24,15,多云,25,14,多云,26,15,多云,27,16,多云,28,16,多云,26,16,多云,25,13,多云
华东,江西省,萍乡市,22,12,晴,25,13,晴,27,16,多云,28,19,多云,24,18,小雨,21,16,小雨,20,16,小雨,18,17,多云,23,17,多云,24,16,多云,24,17,多云,26,18,多云,26,19,多云,25,18,多云,22,16,多云
华东,江西省,九江市,21,12,小雨,23,12,晴,25,15,晴,26,17,多云,27,18,多云,26,17,阴,21,16,阴,23,18,阴,25,17,多云,25,17,多云,26,18,多云,26,18,多云,26,18,多云,25,18,多云,24,16,多云
华东,江西省,新余市,21,13,晴,22,14,多云,24,15,多云,25,17,多云,24,18,多云,20,17,中雨,21,17,中雨,21,17,多云,24,16,多云,25,15,多云,26,16,多云,27,17,多云,28,17,多云,26,18,多云,23,15,多云
华东,江西省,鹰潭市,22,12,多云,24,13,多云,26,16,多云,27,17,多云,26,19,多云,24,17,小雨,19,15,中雨,19,17,雨,21,16,阵雨,23,15,晴,24,14,晴,24,15,阵雨,25,15,雨,24,16,晴,23,14,晴
华东,江西省,赣州市,21,15,阴,23,16,阴,25,18,多云,28,19,多云,29,21,多云,26,19,小雨,23,18,小雨,21,18,多云,22,17,多云,25,15,多云,26,16,多云,26,18,多云,27,18,多云,28,18,多云,24,16,多云
华东,江西省,吉安市,22,12,多云,24,13,晴,26,15,多云,27,18,多云,28,19,阴,21,18,小雨,20,17,中雨,20,17,多云,22,17,多云,25,15,多云,25,16,多云,26,17,多云,27,17,多云,27,18,多云,24,15,多云
华东,江西省,宜春市,22,12,晴,23,12,晴,25,15,晴,26,18,多云,25,17,多云,21,16,中雨,19,14,小雨,20,17,多云,23,16,多云,25,14,多云,25,15,多云,26,16,多云,27,17,多云,26,17,多云,23,14,多云
华东,江西省,抚州市,21,12,阴,24,14,晴,26,16,晴,28,18,多云,25,18,多云,23,18,小雨,19,16,小雨,20,17,多云,21,16,阴,23,15,多云,25,16,多云,26,17,多云,27,17,多云,26,17,多云,23,14,多云
华东,江西省,上饶市,21,12,阴,24,14,晴,27,16,晴,27,17,多云,28,18,多云,26,18,小雨,21,16,小雨,18,16,多云,21,15,阴,25,14,多云,27,13,多云,27,15,多云,28,15,多云,28,16,多云,25,13,多云
华东,山东省,济南市,21,12,多云,23,13,晴,24,14,晴,25,16,晴,27,12,晴,24,9,晴,23,13,多云,24,14,晴,24,14,晴,24,14,晴,23,14,晴,24,15,阵雨,20,13,阵雨,18,11,阵雨,18,9,晴
华东,山东省,莱芜,21,9,多云,22,10,晴,23,11,晴,24,11,晴,26,13,晴,24,8,晴,23,11,多云,25,11,多云,25,11,多云,25,11,多云,23,10,多云,24,10,多云,23,11,多云,18,9,多云,18,6,多云
华东,山东省,青岛市,20,15,晴,21,16,晴,21,17,晴,22,17,晴,23,17,晴,25,12,晴,20,13,晴,22,14,多云,22,16,多云,22,16,多云,21,16,多云,21,16,多云,21,16,多云,18,13,多云,17,10,多云
华东,山东省,淄博市,21,8,晴,24,11,晴,24,11,晴,26,10,晴,28,12,晴,22,7,晴,24,9,多云,25,10,多云,25,11,多云,25,11,多云,24,11,多云,25,11,多云,22,12,多云,19,9,多云,18,5,多云
华东,山东省,枣庄市,20,9,晴,22,9,晴,24,12,晴,26,12,多云,26,13,晴,27,13,阴,23,12,阴,22,13,晴,23,13,晴,23,13,晴,22,13,晴,23,13,晴,22,13,晴,19,11,阵雨,19,9,晴
华东,山东省,东营市,21,9,晴,23,12,晴,25,13,晴,25,13,晴,27,13,晴,19,7,晴,22,10,晴,23,13,多云,24,14,多云,23,14,多云,23,14,多云,23,14,多云,22,14,多云,17,10,多云,17,8,多云
华东,山东省,烟台市,19,11,晴,22,13,晴,23,14,晴,25,14,晴,26,15,晴,18,10,多云,20,10,晴,22,8,多云,23,9,多云,23,10,多云,23,9,多云,23,9,多云,23,10,多云,19,9,多云,16,6,多云
华东,山东省,潍坊市,21,11,晴,24,14,晴,24,13,多云,27,13,晴,29,14,晴,21,9,晴,24,13,晴,25,11,多云,25,12,多云,25,12,多云,24,12,多云,24,12,多云,24,12,多云,18,10,多云,17,7,多云
华东,山东省,济宁市,21,12,晴,23,12,晴,24,14,晴,26,14,晴,28,13,晴,26,12,阴,23,14,阴,25,13,多云,26,12,多云,25,12,多云,24,12,多云,25,13,多云,23,14,多云,20,12,多云,19,9,多云
华东,山东省,泰安市,21,10,晴,22,10,晴,21,11,晴,25,12,晴,26,14,晴,27,10,晴,23,9,多云,22,14,多云,22,13,多云,22,13,多云,21,12,多云,22,12,多云,21,12,多云,19,12,阵雨,17,10,多云
华东,山东省,威海市,18,12,晴,22,14,晴,23,15,晴,25,15,晴,24,17,晴,19,12,小雨,20,11,晴,22,8,多云,22,8,多云,22,9,多云,22,9,多云,22,9,多云,22,9,多云,19,9,多云,16,5,多云
华东,山东省,日照市,19,12,多云,21,12,晴,21,13,晴,23,14,晴,25,16,晴,25,12,多云,21,13,多云,23,13,多云,22,14,多云,23,14,多云,21,14,多云,22,15,多云,22,15,多云,18,12,多云,18,9,多云
华东,山东省,临沂市,20,9,晴,23,8,晴,23,10,晴,25,11,晴,26,12,晴,27,11,多云,21,13,多云,24,11,多云,24,12,多云,25,12,多云,23,12,多云,23,13,多云,23,13,多云,20,11,多云,19,8,多云
华东,山东省,德州市,22,8,多云,23,10,晴,24,11,晴,25,12,晴,28,12,晴,23,7,多云,24,10,晴,25,9,多云,25,10,多云,24,10,多云,24,10,多云,24,11,多云,22,11,阴,19,9,多云,17,6,多云
华东,山东省,聊城市,21,11,多云,23,12,晴,24,13,晴,25,14,晴,27,14,晴,23,9,多云,23,10,多云,25,11,多云,25,11,多云,25,11,多云,24,11,多云,24,12,多云,22,12,阴,21,10,多云,19,7,多云
华东,山东省,滨州市,21,8,晴,24,11,晴,25,11,晴,26,12,晴,28,13,晴,23,7,晴,24,9,晴,25,9,多云,25,11,多云,25,11,多云,24,11,多云,25,11,多云,22,11,多云,20,9,多云,17,5,多云
华东,山东省,菏泽市,22,12,晴,24,13,晴,25,14,多云,26,14,晴,28,14,晴,25,12,多云,24,13,多云,26,12,多云,26,12,多云,26,12,多云,24,12,多云,25,13,多云,24,14,阴,21,11,多云,20,8,多云
华中,河南省,郑州市,23,10,多云,24,11,晴,24,13,晴,26,14,晴,28,15,晴,25,14,多云,23,13,多云,26,13,多云,26,13,多云,25,11,多云,24,12,多云,23,14,多云,22,13,阴,20,12,多云,19,9,多云
华中,河南省,开封市,22,11,阴,23,12,晴,23,13,多云,25,13,多云,27,13,晴,23,11,阴,20,11,阴,25,13,多云,26,12,多云,25,11,多云,24,12,多云,23,14,多云,22,13,阴,20,11,多云,19,9,多云
华中,河南省,洛阳市,22,10,多云,23,11,晴,24,11,多云,26,11,晴,26,11,晴,23,11,阴,20,11,阴,23,12,多云,24,12,多云,23,11,多云,23,12,多云,21,12,阴,21,12,阴,19,12,多云,19,8,多云
华中,河南省,平顶山市,23,8,多云,22,10,晴,22,11,晴,25,12,多云,27,15,多云,24,11,阴,19,11,阴,24,14,晴,24,14,晴,24,13,晴,23,13,晴,23,14,晴,23,14,阵雨,20,13,晴,19,11,晴
华中,河南省,安阳市,23,8,多云,22,10,晴,23,11,晴,25,11,晴,27,14,晴,21,10,阴,22,9,阴,25,12,多云,26,12,多云,24,12,多云,23,12,多云,22,13,阴,21,12,阴,20,11,多云,19,8,多云
华中,河南省,鹤壁市,23,9,多云,23,11,晴,23,12,晴,25,12,晴,27,14,晴,21,10,阴,22,9,阴,26,12,多云,26,13,多云,25,13,多云,24,12,多云,22,13,阴,21,13,阴,21,11,多云,19,9,多云
华中,河南省,新乡市,22,8,阴,23,10,晴,23,11,多云,25,13,晴,27,11,晴,22,10,阴,22,10,阴,26,13,多云,26,13,多云,25,11,多云,24,12,多云,23,13,多云,22,13,阴,20,12,多云,19,9,多云
华中,河南省,焦作市,21,10,阴,24,12,晴,24,12,晴,26,14,晴,28,14,晴,23,13,阴,21,12,阴,26,13,多云,26,13,多云,25,11,多云,24,12,多云,23,14,多云,22,13,阴,20,12,多云,19,9,多云
华中,河南省,濮阳市,22,9,多云,23,11,晴,23,13,晴,25,13,晴,27,15,晴,22,9,阴,22,11,阴,25,11,多云,25,11,多云,24,11,多云,24,11,多云,24,12,多云,22,12,阴,20,10,多云,19,7,多云
华中,河南省,许昌市,22,8,多云,22,9,晴,23,11,晴,24,12,晴,27,14,多云,23,11,阴,20,11,阴,25,13,多云,26,12,多云,25,11,多云,24,12,多云,23,14,多云,22,13,阴,20,11,多云,19,9,多云
华中,河南省,漯河市,24,9,晴,23,10,晴,23,12,晴,25,13,多云,27,13,多云,23,12,阴,21,12,阴,25,13,多云,25,12,多云,25,12,多云,24,12,多云,24,13,多云,24,14,阴,20,12,多云,20,10,多云
华中,河南省,三门峡市,20,7,多云,20,8,晴,20,9,多云,21,11,多云,21,11,晴,20,10,阴,18,10,阴,21,9,多云,22,9,多云,23,9,多云,20,11,多云,20,11,阴,17,10,多云,17,7,多云,17,6,多云
华中,河南省,南阳市,22,10,多云,22,11,晴,21,13,晴,24,13,晴,26,12,阴,24,14,阴,20,12,阴,25,14,多云,26,13,多云,26,13,多云,24,14,多云,23,15,阴,23,14,阴,21,13,多云,21,10,多云
华中,河南省,商丘市,21,9,多云,22,9,晴,23,11,晴,24,12,多云,27,14,晴,24,12,阴,21,11,阴,25,14,多云,25,13,多云,25,12,多云,24,13,多云,25,14,多云,25,13,多云,20,12,多云,20,10,多云
华中,河南省,信阳市,21,11,晴,22,12,晴,24,14,晴,25,14,多云,25,15,阴,24,14,阴,19,14,阴,24,16,多云,25,14,多云,26,13,多云,25,14,多云,24,16,多云,25,15,多云,20,13,多云,21,11,多云
华中,河南省,周口市,24,12,晴,23,12,晴,24,14,晴,25,12,多云,26,14,多云,24,13,阴,21,12,阴,25,13,多云,25,12,多云,26,12,多云,25,12,多云,24,14,多云,24,14,阴,20,12,多云,21,10,多云
华中,河南省,驻马店市,23,8,晴,24,9,晴,24,12,晴,24,14,多云,26,14,阴,23,12,阴,20,13,阴,25,13,多云,25,11,多云,25,10,多云,25,10,多云,23,13,阴,24,12,多云,20,11,多云,20,8,多云
华中,河南省,济源,23,6,多云,22,8,晴,22,10,多云,25,11,晴,27,11,晴,23,12,阴,21,9,阴,24,14,多云,24,14,多云,24,13,多云,23,13,多云,21,13,阴,21,13,阴,20,12,多云,19,10,多云
华中,湖北省,武汉市,22,10,晴,23,10,晴,25,13,晴,25,15,多云,26,16,多云,24,17,多云,21,16,多云,23,15,阴,26,13,多云,26,12,多云,26,13,多云,26,15,阴,27,15,多云,21,14,阴,23,11,多云
华中,湖北省,黄石市,22,12,晴,24,11,晴,26,15,晴,27,16,多云,27,17,多云,24,17,多云,20,16,多云,21,17,雨,23,16,晴,24,15,晴,25,15,晴,24,15,阵雨,24,15,雨,23,15,阵雨,22,14,阵雨
华中,湖北省,十堰市,22,11,多云,23,12,晴,22,14,多云,25,14,多云,27,15,多云,24,15,多云,21,13,多云,23,14,多云,26,12,多云,25,12,多云,23,14,多云,22,14,阴,22,14,阴,21,12,多云,21,11,多云
华中,湖北省,宜昌市,22,12,阴,23,13,晴,23,15,多云,23,17,多云,27,16,多云,23,14,小雨,18,14,多云,23,15,阴,26,14,多云,26,14,多云,24,16,阴,24,16,阴,24,16,阴,21,15,多云,22,13,多云
华中,湖北省,襄阳市,21,12,多云,23,12,晴,23,14,多云,24,15,多云,26,17,多云,23,16,多云,20,16,多云,24,16,多云,26,14,多云,26,13,多云,25,15,多云,24,15,阴,24,15,阴,22,14,多云,22,11,多云
华中,湖北省,鄂州市,22,12,晴,24,12,晴,26,15,晴,27,17,多云,26,18,多云,24,17,多云,21,17,多云,23,17,阴,25,16,多云,25,15,多云,26,16,多云,26,18,多云,26,18,多云,21,15,多云,22,13,多云
华中,湖北省,荆门市,23,14,阴,23,14,晴,24,15,晴,24,17,多云,26,18,多云,23,16,多云,19,16,多云,24,15,阴,26,14,多云,26,13,多云,25,15,多云,25,16,阴,24,15,阴,21,13,多云,22,11,多云
华中,湖北省,孝感市,23,11,多云,23,9,晴,25,12,晴,25,15,多云,27,17,多云,24,18,多云,21,17,多云,23,17,阴,25,16,多云,25,15,多云,26,16,多云,26,16,多云,26,16,多云,21,15,多云,22,13,多云
华中,湖北省,荆州市,23,13,阴,24,13,晴,25,15,晴,23,16,多云,26,17,多云,23,16,小雨,19,16,多云,23,16,阴,26,14,多云,26,14,多云,25,16,多云,25,16,阴,26,16,阴,22,15,多云,22,13,多云
华中,湖北省,黄冈市,22,11,多云,23,11,晴,25,14,晴,26,15,多云,26,17,多云,24,18,多云,21,16,多云,23,17,阴,25,16,多云,25,15,多云,26,16,多云,26,18,多云,26,18,多云,21,15,多云,22,13,多云
华中,湖北省,咸宁市,23,10,晴,24,10,晴,27,14,晴,28,17,多云,28,17,多云,22,16,多云,19,15,小雨,21,17,雨,24,15,晴,26,15,晴,26,15,晴,25,16,雨,26,16,阵雨,24,16,阵雨,24,14,阵雨
华中,湖北省,随州市,22,8,晴,24,9,晴,25,12,晴,25,13,多云,27,15,多云,24,15,多云,20,14,多云,25,16,多云,26,14,多云,26,14,多云,25,15,多云,25,16,阴,25,16,阴,21,13,多云,22,12,多云
华中,湖北省,恩施土家族苗族自治州,21,12,阴,23,13,晴,20,15,多云,22,16,小雨,25,15,小雨,20,14,小雨,17,14,小雨,20,14,阴,24,13,多云,25,12,多云,22,15,阴,23,15,阴,23,16,阴,21,16,多云,22,13,多云
华中,湖北省,仙桃,22,11,多云,23,11,晴,25,14,晴,26,16,多云,26,18,多云,23,18,小雨,20,17,多云,23,15,阴,26,13,多云,26,12,多云,26,13,多云,26,15,阴,27,15,多云,21,14,阴,23,11,多云
华中,湖北省,潜江,23,12,阴,24,11,晴,25,14,晴,26,16,多云,26,18,多云,23,16,小雨,20,16,多云,23,16,阴,26,14,多云,26,15,多云,26,16,多云,24,17,阴,25,17,多云,21,16,多云,21,13,多云
华中,湖北省,天门,23,11,多云,24,11,晴,25,14,晴,26,15,多云,27,18,多云,23,16,小雨,20,16,多云,24,15,阴,26,14,多云,26,14,多云,25,15,多云,25,16,阴,25,15,阴,21,14,多云,22,12,多云
华中,湖北省,神农架,18,8,阴,20,8,多云,20,11,多云,22,12,多云,24,13,多云,18,11,小雨,14,10,小雨,19,10,阴,21,8,多云,22,7,多云,21,9,多云,20,9,多云,20,10,阴,17,8,多云,18,5,多云
华中,湖南省,长沙市,24,13,晴,25,13,多云,26,16,多云,28,18,多云,25,18,小雨,21,16,中雨,20,16,小雨,19,16,多云,24,15,多云,26,14,多云,26,16,多云,27,16,多云,27,17,多云,22,16,阴,22,13,多云
华中,湖南省,株洲市,23,13,阴,25,13,晴,26,14,晴,27,18,多云,26,18,中雨,20,17,中雨,23,16,中雨,19,17,多云,24,16,多云,26,14,多云,26,16,多云,27,16,多云,27,17,多云,22,16,阴,22,14,多云
华中,湖南省,湘潭市,24,11,阴,26,13,晴,27,16,晴,27,18,多云,20,17,小雨,19,16,中雨,18,16,中雨,19,16,阴,24,15,多云,26,14,多云,25,16,多云,26,16,多云,27,17,多云,22,16,多云,22,14,多云
华中,湖南省,衡阳市,22,13,多云,25,14,晴,27,17,晴,29,19,晴,29,19,小雨,21,18,中雨,20,16,小雨,17,15,多云,21,15,多云,24,14,多云,24,16,多云,26,17,多云,26,18,多云,23,17,多云,21,14,多云
华中,湖南省,邵阳市,24,12,阴,25,14,晴,25,16,晴,30,18,多云,27,17,小雨,23,16,中雨,21,16,中雨,19,16,多云,24,14,多云,25,14,多云,24,16,多云,25,16,多云,26,17,多云,23,17,多云,23,14,多云
华中,湖南省,岳阳市,23,14,晴,24,15,晴,25,15,晴,25,19,晴,22,17,小雨,22,16,小雨,20,16,小雨,21,17,阴,24,16,多云,24,17,多云,25,18,多云,25,19,多云,25,19,多云,21,16,阴,22,15,多云
华中,湖南省,常德市,24,13,阴,25,15,晴,25,16,晴,27,17,多云,23,15,中雨,24,15,大雨,23,16,中雨,21,16,阴,26,15,多云,27,15,多云,25,16,多云,26,17,多云,26,17,多云,21,15,阴,23,14,多云
华中,湖南省,张家界市,23,13,阴,25,14,晴,27,15,晴,23,17,小雨,21,17,中雨,21,15,中雨,18,14,小雨,20,15,阴,27,13,多云,27,13,多云,23,15,阴,26,15,阴,25,16,阴,22,16,多云,23,12,阵雨
华中,湖南省,益阳市,24,14,多云,25,15,晴,26,16,晴,27,17,晴,23,17,中雨,22,15,中雨,21,16,中雨,19,16,阴,24,15,多云,25,14,多云,25,16,多云,26,16,多云,27,17,多云,22,16,多云,22,14,多云
华中,湖南省,郴州市,19,13,阴,23,13,晴,24,14,晴,28,19,晴,28,18,小雨,19,15,小雨,16,14,小雨,19,17,多云,21,16,多云,24,16,多云,26,17,多云,27,18,多云,28,19,阵雨,28,19,多云,24,16,多云
华中,湖南省,永州市,22,13,多云,26,14,晴,26,15,晴,31,16,晴,29,18,小雨,22,16,小雨,19,16,小雨,18,16,雨,22,15,阵雨,24,14,晴,23,15,阵雨,24,15,雨,25,16,阵雨,24,16,阵雨,23,15,晴
华中,湖南省,怀化市,24,11,晴,26,13,晴,26,15,多云,30,17,多云,22,17,小雨,22,14,中雨,17,14,小雨,20,15,多云,26,13,多云,27,13,多云,25,16,阴,26,16,多云,26,18,多云,24,17,阴,24,14,多云
华中,湖南省,娄底市,24,11,阴,26,14,晴,27,15,晴,27,19,多云,22,18,小雨,20,14,中雨,18,14,大雨,20,16,多云,25,15,多云,26,14,多云,25,17,多云,26,17,多云,27,18,多云,24,18,多云,23,15,多云
华中,湖南省,湘西土家族苗族自治州,23,11,晴,24,12,晴,25,13,晴,26,17,小雨,21,16,中雨,20,15,中雨,18,14,大雨,20,15,多云,25,14,多云,26,16,多云,24,17,多云,24,17,阴,25,17,阴,21,17,多云,24,15,多云
华南,广东省,广州市,19,17,小雨,25,18,多云,27,20,多云,29,21,多云,30,21,多云,30,21,多云,29,21,小雨,26,23,多云,26,21,多云,29,21,多云,28,21,阴,29,21,多云,30,22,多云,31,22,多云,29,21,多云
华南,广东省,韶关市,16,15,阴,22,17,多云,25,18,多云,27,20,多云,28,20,多云,27,20,多云,26,18,阵雨,23,19,多云,24,18,多云,26,16,多云,26,16,多云,28,17,多云,28,18,多云,29,18,多云,25,16,多云
华南,广东省,深圳市,22,19,阴,26,19,多云,28,21,晴,29,22,晴,30,23,晴,29,23,晴,28,22,多云,28,23,多云,26,21,多云,27,21,多云,27,21,多云,27,21,多云,29,22,多云,29,22,阵雨,29,22,多云
华南,广东省,珠海市,21,19,阴,24,20,多云,26,22,多云,28,23,多云,29,23,多云,29,24,多云,27,24,阵雨,27,23,多云,26,21,阴,27,21,多云,26,22,阴,27,22,多云,28,22,多云,28,22,阵雨,28,22,多云
华南,广东省,汕头市,25,21,阴,26,21,多云,27,22,多云,28,22,晴,29,23,晴,29,23,多云,29,23,多云,27,22,多云,26,21,阴,27,21,多云,27,21,多云,27,21,多云,27,21,多云,28,21,多云,28,21,多云
华南,广东省,佛山市,17,16,小雨,23,17,多云,27,20,多云,29,22,晴,30,23,晴,29,22,晴,29,20,小雨,24,21,雨,24,19,雨,26,19,晴,25,19,晴,26,19,晴,27,19,阵雨,27,19,雨,26,19,晴
华南,广东省,江门市,19,18,阴,24,18,多云,27,20,多云,28,21,多云,30,23,多云,30,23,多云,28,23,小雨,26,23,多云,26,21,多云,30,21,多云,28,21,阴,29,22,多云,30,22,多云,31,22,多云,29,21,多云
华南,广东省,湛江市,22,18,阴,24,19,中雨,27,21,阵雨,28,22,阴,29,23,多云,29,24,阵雨,28,24,阵雨,28,23,多云,26,22,阴,27,20,多云,25,21,多云,28,21,多云,29,22,多云,29,21,多云,29,21,多云
华南,广东省,茂名市,23,19,阴,26,19,多云,27,20,多云,28,21,多云,29,22,多云,30,22,多云,27,21,阵雨,28,23,多云,27,21,多云,29,20,多云,28,21,多云,29,21,阵雨,30,21,阵雨,30,21,多云,30,21,多云
华南,广东省,肇庆市,18,17,小雨,22,17,阵雨,26,21,多云,29,23,多云,30,22,多云,29,23,阴,26,22,阵雨,26,22,多云,25,20,多云,26,19,多云,26,20,多云,26,20,多云,28,20,阵雨,28,19,多云,27,20,多云
华南,广东省,惠州市,20,19,阴,24,19,多云,28,21,多云,30,23,多云,30,22,多云,29,22,多云,29,23,阵雨,27,22,多云,24,21,多云,28,20,多云,27,20,多云,28,21,多云,28,21,多云,29,21,多云,28,21,多云
华南,广东省,梅州市,19,17,阴,23,17,阴,27,20,多云,30,21,多云,31,21,多云,30,21,多云,28,21,阴,26,21,多云,25,19,多云,27,17,多云,28,18,多云,28,18,多云,29,18,多云,29,19,多云,27,19,多云
华南,广东省,汕尾市,24,22,阴,27,22,多云,28,22,多云,29,22,多云,30,22,多云,29,22,多云,29,22,阵雨,27,22,多云,26,21,阴,27,21,多云,27,21,多云,27,21,多云,28,21,多云,29,21,多云,28,21,多云
华南,广东省,河源市,17,16,阴,22,17,多云,27,20,多云,29,22,多云,30,22,多云,29,21,多云,28,20,阵雨,26,21,多云,25,19,阵雨,27,19,多云,27,19,多云,28,19,多云,29,20,多云,29,20,多云,27,20,多云
华南,广东省,阳江市,19,18,小雨,24,18,阵雨,28,21,多云,29,23,多云,29,23,多云,30,24,多云,27,24,阵雨,28,23,多云,26,22,阴,28,21,多云,25,21,多云,27,21,阴,28,22,多云,28,21,多云,28,21,多云
华南,广东省,清远市,17,16,小雨,23,16,阴,27,20,多云,29,22,多云,30,22,多云,29,22,多云,26,21,中雨,26,22,多云,25,20,多云,28,20,多云,27,21,多云,28,21,多云,29,21,多云,29,21,多云,27,20,多云
华南,广东省,东莞,21,20,阴,25,20,阴,28,22,多云,29,22,多云,30,22,多云,30,22,多云,28,21,阵雨,27,21,多云,25,19,多云,27,18,多云,28,19,多云,28,19,多云,29,20,多云,29,19,多云,28,19,多云
华南,广东省,中山,20,19,阴,25,19,阴,27,21,多云,28,22,晴,29,23,晴,29,23,晴,28,22,阴,27,23,多云,26,21,阴,27,22,多云,26,22,阴,27,22,多云,28,22,多云,28,22,阵雨,28,22,多云
华南,广东省,潮州市,23,18,阴,26,18,多云,28,19,晴,29,20,晴,30,20,晴,29,20,多云,28,21,多云,26,21,多云,24,20,阴,27,19,多云,27,19,多云,27,19,多云,28,19,多云,29,19,多云,27,20,多云
华南,广东省,揭阳市,24,19,小雨,26,19,多云,28,20,多云,30,20,晴,30,21,晴,29,22,多云,28,22,多云,27,22,多云,26,21,阴,27,21,多云,27,21,多云,27,21,多云,27,21,多云,28,21,多云,28,21,多云
华南,广东省,云浮市,17,16,小雨,21,18,多云,25,20,多云,28,22,多云,30,21,多云,30,22,多云,25,21,阵雨,26,21,多云,25,20,多云,26,19,多云,25,20,多云,26,19,多云,28,19,阵雨,28,19,多云,27,19,多云
华南,广西壮族自治区,南宁市,22,19,阴,25,19,阴,26,20,阴,28,22,多云,30,22,多云,30,21,多云,26,18,小雨,24,20,多云,26,19,多云,27,18,多云,27,20,多云,27,19,多云,29,20,多云,29,20,多云,27,19,多云
华南,广西壮族自治区,柳州市,22,19,阴,26,19,多云,27,19,多云,31,22,多云,31,22,多云,31,20,多云,23,18,中雨,21,17,多云,24,16,多云,25,16,多云,25,18,多云,25,18,多云,26,18,多云,28,19,多云,25,16,多云
华南,广西壮族自治区,桂林市,25,18,阴,28,19,多云,27,20,多云,31,21,多云,29,21,小雨,31,18,小雨,21,17,中雨,21,18,多云,25,17,多云,26,18,多云,26,19,多云,26,19,多云,27,20,阵雨,28,20,多云,26,18,多云
华南,广西壮族自治区,梧州市,15,14,暴雨,23,15,多云,27,19,多云,30,21,多云,30,22,多云,30,22,多云,27,21,小雨,25,21,多云,25,19,多云,27,18,多云,26,19,多云,27,19,多云,28,20,多云,29,20,多云,26,18,多云
华南,广西壮族自治区,北海市,18,17,小雨,22,18,中雨,27,20,小雨,28,23,小雨,30,23,多云,29,23,多云,29,22,多云,27,22,多云,26,20,阴,28,20,多云,27,21,阴,28,21,多云,29,22,多云,29,22,多云,27,21,多云
华南,广西壮族自治区,防城港市,17,16,中雨,22,17,小雨,26,18,多云,27,21,多云,28,23,多云,28,23,多云,27,19,中雨,25,21,多云,26,19,多云,27,19,多云,26,20,阴,28,20,多云,29,20,阵雨,29,20,多云,27,19,多云
华南,广西壮族自治区,钦州市,17,16,大雨,21,16,小雨,27,19,多云,28,22,阵雨,30,21,多云,29,22,多云,27,20,中雨,25,21,多云,26,19,多云,27,19,多云,26,20,阴,28,20,多云,29,20,阵雨,29,20,多云,27,19,多云
华南,广西壮族自治区,贵港市,17,16,阴,21,16,阴,27,19,多云,29,22,多云,29,23,晴,30,24,阴,28,22,小雨,25,20,多云,25,19,多云,26,18,多云,26,19,多云,26,19,多云,28,20,多云,28,20,多云,26,19,多云
华南,广西壮族自治区,玉林市,17,16,小雨,19,16,小雨,26,19,多云,28,21,多云,31,22,晴,30,23,阴,29,22,小雨,25,22,多云,26,20,多云,27,19,多云,27,21,多云,28,21,阵雨,29,21,阵雨,30,21,多云,27,21,多云
华南,广西壮族自治区,百色市,27,18,晴,27,19,多云,28,21,多云,30,22,多云,29,22,多云,31,22,多云,25,20,中雨,26,20,多云,28,18,多云,28,17,多云,28,19,多云,29,19,多云,29,20,多云,30,20,多云,28,19,多云
华南,广西壮族自治区,贺州市,18,16,小雨,23,16,多云,26,17,多云,29,20,多云,29,21,多云,29,22,多云,25,17,小雨,20,18,雨,22,16,阵雨,24,15,晴,23,16,阵雨,25,16,晴,25,17,阵雨,25,16,阵雨,25,15,晴
华南,广西壮族自治区,河池市,26,18,晴,24,18,多云,26,19,多云,27,21,多云,28,22,小雨,30,20,阴,23,17,中雨,24,19,多云,26,17,多云,27,16,多云,25,18,多云,26,19,多云,26,20,阴,28,20,多云,27,19,多云
华南,广西壮族自治区,来宾市,23,18,阴,24,18,阴,26,19,多云,30,21,多云,31,22,多云,31,22,多云,26,18,小雨,21,18,多云,24,18,多云,26,18,多云,26,19,多云,26,20,多云,27,20,多云,28,20,多云,26,19,多云
华南,广西壮族自治区,崇左市,27,20,阴,26,19,多云,27,19,多云,28,21,多云,29,22,多云,31,22,多云,28,21,小雨,24,20,多云,27,19,多云,28,17,多云,28,19,阴,29,19,多云,30,20,多云,30,20,多云,28,19,多云
华南,海南省,海口市,23,22,大暴雨,25,22,中雨,26,24,小雨,29,25,小雨,29,24,多云,29,24,多云,28,24,多云,30,24,多云,28,23,阴,27,23,多云,27,23,多云,28,23,阵雨,29,23,多云,28,23,多云,28,23,多云
华南,海南省,三亚市,32,24,多云,31,24,雷阵雨,31,25,大雨,32,24,小雨,30,24,小雨,32,24,多云,32,25,小雨,30,25,多云,29,24,多云,29,24,阴,29,24,多云,29,24,多云,29,24,多云,29,24,多云,29,24,多云
华南,海南省,三沙市,28,26,多云,30,26,雷阵雨,30,26,雷阵雨,31,26,小雨,30,26,小雨,30,27,小雨,31,27,多云,31,27,多云,31,26,多云,30,26,多云,30,26,阵雨,30,26,阵雨,31,26,阵雨,30,26,多云,30,26,多云
华南,海南省,西沙,28,26,多云,30,26,雷阵雨,30,26,雷阵雨,31,26,小雨,30,26,小雨,30,27,小雨,31,27,多云,31,27,多云,31,26,多云,30,26,多云,30,26,阵雨,30,26,阵雨,31,26,阵雨,30,26,多云,30,26,多云
华南,海南省,南沙,28,26,多云,30,26,雷阵雨,30,26,雷阵雨,31,26,小雨,30,26,小雨,30,27,小雨,31,27,多云,31,27,多云,31,26,多云,30,26,多云,30,26,阵雨,30,26,阵雨,31,26,阵雨,30,26,多云,30,26,多云
华南,海南省,中沙,28,27,小雨,29,27,雷阵雨,29,27,中雨,29,27,中雨,29,27,中雨,29,27,晴,29,27,小雨,31,27,多云,31,26,多云,30,26,多云,30,26,阵雨,30,26,阵雨,31,26,阵雨,30,26,多云,30,26,多云
华南,海南省,儋州,23,22,小雨,27,23,小雨,26,23,中雨,29,23,小雨,30,24,多云,30,23,多云,31,24,小雨,30,23,阵雨,28,22,多云,27,22,多云,29,22,多云,30,22,多云,29,22,多云,29,22,多云,28,22,多云
华南,海南省,五指山,29,23,阴,28,23,雷阵雨,28,23,中雨,30,23,小雨,30,23,多云,30,23,多云,30,23,多云,28,23,多云,27,22,多云,27,22,多云,28,21,多云,28,21,多云,29,21,多云,28,22,多云,28,21,多云
华南,海南省,琼海,27,24,小雨,26,24,暴雨,28,25,暴雨,29,24,中雨,29,24,小雨,29,25,小雨,31,24,多云,31,24,多云,29,24,多云,28,23,多云,28,23,多云,29,23,多云,29,23,多云,29,23,阵雨,28,23,多云
华南,海南省,文昌,26,24,小雨,26,24,大雨,28,24,中雨,29,25,小雨,30,25,小雨,30,25,多云,31,25,多云,31,24,多云,29,24,多云,28,23,多云,29,23,多云,29,23,多云,29,23,多云,29,23,阵雨,28,23,多云
华南,海南省,万宁,28,24,小雨,27,24,暴雨,28,24,暴雨,29,24,小雨,29,24,多云,29,24,小雨,31,24,多云,30,24,多云,29,24,多云,28,23,多云,28,23,多云,29,23,多云,29,23,多云,28,23,阵雨,28,23,多云
华南,海南省,东方,24,23,阴,30,24,雷阵雨,31,25,小雨,29,24,多云,30,25,小雨,30,25,小雨,30,25,多云,30,25,多云,28,24,多云,29,23,阴,30,23,多云,30,24,多云,30,24,多云,30,24,多云,30,23,多云
华南,海南省,定安,26,23,阴,26,23,中雨,27,24,中雨,29,24,小雨,29,24,多云,30,24,多云,31,24,多云,30,23,多云,28,23,阴,27,23,多云,27,23,多云,28,22,阵雨,29,22,多云,28,22,阵雨,28,22,多云
华南,海南省,屯昌,25,23,中雨,26,24,大雨,27,24,大雨,29,24,小雨,29,24,多云,30,24,多云,32,24,多云,30,23,多云,29,23,多云,27,22,多云,28,22,多云,28,22,多云,28,23,多云,28,22,阵雨,28,22,多云
华南,海南省,澄迈,27,23,小雨,26,23,小雨,27,24,中雨,29,24,小雨,31,24,多云,30,24,多云,32,24,小雨,30,24,多云,28,23,阴,27,23,多云,27,23,多云,28,23,阵雨,29,23,多云,28,23,多云,28,23,多云
华南,海南省,临高,24,22,大雨,25,22,小雨,26,24,小雨,29,24,小雨,30,24,多云,30,24,多云,29,24,多云,31,24,阵雨,29,23,多云,28,23,多云,30,23,多云,31,23,多云,30,23,多云,29,23,多云,29,22,多云
华南,海南省,白沙,24,23,阴,27,23,暴雨,26,23,大雨,29,23,小雨,30,23,多云,31,23,多云,30,23,多云,30,23,阵雨,27,22,多云,27,21,多云,28,22,多云,29,22,多云,29,22,多云,28,22,多云,28,21,多云
华南,海南省,昌江,25,24,小雨,28,24,小雨,31,24,小雨,31,24,小雨,32,24,多云,30,24,多云,31,24,多云,30,24,多云,28,23,多云,28,23,阴,29,23,多云,29,23,多云,29,23,多云,29,23,多云,29,23,多云
华南,海南省,乐东,29,23,阴,30,23,雷阵雨,30,23,中雨,30,24,小雨,31,23,多云,30,23,多云,31,23,多云,30,24,多云,28,23,多云,28,23,多云,29,22,多云,30,23,多云,30,23,多云,30,23,多云,29,22,多云
华南,海南省,陵水,31,24,小雨,29,24,雷阵雨,28,24,暴雨,30,24,小雨,29,24,小雨,30,24,多云,30,24,多云,30,25,多云,29,24,多云,29,24,阴,29,24,多云,29,24,多云,30,24,多云,29,24,多云,29,24,多云
华南,海南省,保亭,31,24,小雨,30,24,雷阵雨,30,24,大雨,32,24,小雨,31,24,多云,31,25,多云,32,24,多云,30,25,多云,29,24,多云,29,24,多云,30,23,多云,30,23,多云,31,23,多云,30,23,多云,30,23,多云
华南,海南省,琼中,26,22,阴,25,22,雷阵雨,25,22,雷阵雨,28,22,中雨,28,23,多云,29,23,多云,32,23,多云,30,23,阵雨,27,22,多云,27,21,多云,28,21,多云,29,22,多云,29,21,多云,28,22,多云,27,21,多云
西南,重庆市,重庆市,24,18,多云,23,17,多云,23,17,小雨,22,18,小雨,22,18,小雨,20,18,小雨,19,17,小雨,20,16,阴,24,14,多云,25,15,多云,23,17,阴,24,17,阴,24,18,阴,21,16,阴,23,15,阴
西南,重庆市,万州,20,13,多云,20,14,晴,20,15,多云,21,16,阴,21,15,小雨,20,14,中雨,19,15,中雨,18,15,阴,22,14,晴,23,14,晴,23,16,阵雨,23,16,阵雨,23,16,阵雨,24,16,阵雨,23,16,阵雨
西南,重庆市,涪陵,22,13,多云,22,14,多云,22,16,小雨,21,16,小雨,21,16,小雨,19,16,中雨,18,15,中雨,18,15,雨,22,14,晴,24,15,阵雨,22,16,阵雨,23,16,阵雨,23,17,阵雨,24,17,阵雨,23,16,阵雨
西南,重庆市,渝中,24,18,多云,23,17,多云,23,17,小雨,22,18,小雨,22,18,小雨,20,18,小雨,19,17,小雨,20,16,阴,24,14,多云,25,15,多云,23,17,阴,24,17,阴,24,18,阴,21,16,阴,23,15,阴
西南,重庆市,大渡口,24,18,多云,23,17,多云,23,17,小雨,22,18,小雨,22,18,小雨,20,18,小雨,19,17,小雨,20,16,阴,24,14,多云,25,15,多云,23,17,阴,24,17,阴,24,18,阴,21,16,阴,23,15,阴
西南,重庆市,江北,24,18,多云,23,17,多云,23,17,小雨,22,18,小雨,22,18,小雨,20,18,小雨,19,17,小雨,20,16,阴,24,14,多云,25,15,多云,23,17,阴,24,17,阴,24,18,阴,21,16,阴,23,15,阴
西南,重庆市,沙坪坝,24,18,多云,23,17,多云,23,17,小雨,22,18,小雨,22,18,小雨,20,18,小雨,19,17,小雨,20,16,阴,24,14,多云,25,15,多云,23,17,阴,24,17,阴,24,18,阴,21,16,阴,23,15,阴
西南,重庆市,九龙坡,24,18,多云,23,17,多云,23,17,小雨,22,18,小雨,22,18,小雨,20,18,小雨,19,17,小雨,20,16,阴,24,14,多云,25,15,多云,23,17,阴,24,17,阴,24,18,阴,21,16,阴,23,15,阴
西南,重庆市,南岸,24,18,多云,23,17,多云,23,17,小雨,22,18,小雨,22,18,小雨,20,18,小雨,19,17,小雨,20,16,阴,24,14,多云,25,15,多云,23,17,阴,24,17,阴,24,18,阴,21,16,阴,23,15,阴
西南,重庆市,北碚,23,15,多云,23,16,多云,23,17,小雨,22,16,阴,22,17,小雨,21,16,小雨,18,15,中雨,19,16,阵雨,23,15,晴,24,16,晴,23,18,雨,23,18,多云,24,18,阵雨,24,18,阵雨,24,18,阵雨
西南,重庆市,綦江,22,14,多云,22,14,多云,21,15,小雨,20,16,小雨,21,17,小雨,20,16,小雨,19,15,小雨,20,17,雨,23,16,晴,24,16,晴,24,18,雨,24,18,雨,23,19,雨,24,18,阵雨,24,18,阵雨
西南,重庆市,大足,21,15,晴,20,15,多云,20,15,阴,21,16,阴,20,16,小雨,17,14,小雨,16,13,小雨,20,15,多云,22,14,晴,21,16,晴,22,17,阵雨,22,17,阴,23,17,阵雨,22,17,阵雨,23,17,晴
西南,重庆市,渝北,21,15,多云,21,15,多云,21,15,小雨,20,16,小雨,20,16,小雨,19,16,小雨,18,15,中雨,20,16,阴,24,14,多云,25,15,多云,23,17,阴,24,17,阴,24,17,阴,21,16,阴,23,15,阴
西南,重庆市,巴南,20,14,多云,20,15,多云,21,15,小雨,20,16,小雨,19,17,小雨,19,15,小雨,17,15,小雨,20,16,多云,23,15,晴,24,16,晴,23,18,阵雨,24,18,多云,24,18,雨,24,18,阵雨,24,18,阵雨
西南,重庆市,黔江,20,11,多云,20,11,多云,19,13,小雨,21,14,小雨,21,16,小雨,18,12,大雨,16,13,小雨,17,13,雨,22,12,晴,22,13,晴,20,13,雨,21,14,阵雨,22,15,雨,22,14,阵雨,20,13,雨
西南,重庆市,长寿,22,14,多云,21,14,多云,22,16,小雨,21,16,小雨,21,16,小雨,19,16,中雨,18,16,中雨,17,15,雨,22,14,晴,23,14,晴,22,16,阵雨,22,16,阵雨,23,17,阵雨,23,17,阵雨,23,16,阵雨
西南,重庆市,江津,24,16,多云,23,16,多云,23,17,小雨,23,18,小雨,22,18,小雨,21,17,小雨,18,16,小雨,20,16,多云,23,15,晴,23,16,晴,23,18,雨,23,18,雨,23,18,雨,24,18,阵雨,24,18,阵雨
西南,重庆市,合川,21,15,多云,21,16,多云,21,16,阴,21,16,阴,20,17,小雨,18,15,小雨,18,15,中雨,19,16,多云,23,14,晴,23,16,晴,23,18,雨,23,18,阴,23,18,阵雨,23,18,阵雨,24,17,晴
西南,重庆市,永川,22,16,多云,22,17,多云,22,17,小雨,22,18,小雨,21,18,多云,20,16,小雨,17,15,小雨,20,15,多云,23,15,晴,22,16,晴,23,18,阵雨,23,18,阴,23,18,阵雨,23,18,阵雨,23,18,阵雨
西南,重庆市,南川,20,11,多云,21,13,多云,21,14,小雨,20,15,小雨,20,16,小雨,19,15,中雨,17,13,小雨,17,14,雨,21,13,晴,23,12,晴,21,14,阵雨,22,15,阵雨,21,16,雨,22,15,阵雨,22,15,阵雨
西南,重庆市,璧山,23,16,多云,22,16,多云,22,17,小雨,22,18,小雨,21,18,小雨,20,17,小雨,18,16,小雨,20,16,阵雨,23,15,晴,23,16,晴,23,18,阵雨,23,18,多云,23,18,阵雨,23,18,阵雨,23,18,阵雨
西南,重庆市,铜梁,22,15,晴,22,16,多云,22,17,阴,22,17,阴,21,17,小雨,19,16,小雨,18,15,小雨,19,15,多云,22,14,晴,22,16,晴,23,17,阵雨,23,17,阴,23,18,阵雨,23,17,阵雨,23,17,阵雨
西南,重庆市,潼南,22,13,晴,22,14,多云,23,16,阴,23,16,阴,22,16,多云,19,15,中雨,18,14,小雨,20,15,多云,22,14,晴,22,15,晴,23,17,多云,23,17,阴,23,17,阵雨,23,17,晴,23,17,晴
西南,重庆市,荣昌,23,16,多云,23,16,多云,23,17,多云,23,17,阴,22,17,多云,19,15,小雨,19,14,小雨,20,15,多云,23,15,晴,22,15,晴,23,18,阵雨,23,17,阴,23,17,阵雨,23,17,阵雨,24,17,阵雨
西南,重庆市,开州,21,13,多云,20,12,晴,20,15,多云,23,15,阴,22,16,小雨,19,15,中雨,17,14,小雨,19,16,阴,22,14,晴,23,15,晴,24,16,晴,23,17,阵雨,24,17,阵雨,24,16,阵雨,23,16,阵雨
西南,重庆市,梁平,21,12,多云,21,13,多云,21,14,多云,21,14,阴,21,15,小雨,19,13,中雨,17,13,大雨,17,14,多云,21,13,晴,23,14,晴,23,16,阵雨,22,16,阵雨,22,16,阵雨,23,16,阵雨,22,16,阵雨
西南,重庆市,武隆,23,13,多云,22,14,多云,22,15,小雨,23,16,小雨,22,17,小雨,21,15,中雨,20,15,小雨,18,15,雨,22,15,晴,22,16,阵雨,22,17,雨,23,17,阵雨,23,18,阵雨,24,18,阵雨,22,17,雨
西南,重庆市,城口,19,9,多云,18,10,晴,19,12,多云,22,11,阴,20,13,小雨,18,12,小雨,14,10,小雨,17,11,多云,20,9,晴,22,10,晴,20,12,阵雨,21,12,雨,21,12,阵雨,21,11,晴,20,11,晴
西南,重庆市,丰都,22,13,多云,22,14,多云,21,15,小雨,22,16,小雨,21,16,小雨,19,16,中雨,18,15,中雨,18,16,雨,22,15,晴,24,14,晴,23,16,雨,24,17,阵雨,23,18,阵雨,24,17,阵雨,23,17,雨
西南,重庆市,垫江,21,11,多云,21,12,多云,21,15,小雨,21,14,阴,22,16,多云,19,13,中雨,16,13,大雨,17,14,雨,21,13,晴,23,14,晴,23,16,雨,23,16,阵雨,22,17,阵雨,23,16,阵雨,23,16,阵雨
西南,重庆市,忠县,22,14,多云,22,14,多云,21,16,小雨,22,16,阴,21,17,小雨,19,15,中雨,18,15,中雨,19,16,多云,23,15,晴,24,14,晴,24,16,阵雨,24,16,阵雨,24,17,阵雨,25,17,阵雨,24,16,雨
西南,重庆市,云阳,23,14,多云,21,14,晴,22,16,多云,23,16,阴,23,17,小雨,20,16,中雨,19,16,小雨,19,16,阴,22,14,晴,24,15,晴,23,16,晴,23,17,阵雨,23,17,阵雨,24,16,阵雨,23,16,阵雨
西南,重庆市,奉节,23,14,多云,21,14,晴,22,17,多云,24,16,阴,23,16,小雨,21,15,中雨,19,15,小雨,17,14,阴,21,12,多云,22,12,晴,23,15,阵雨,23,15,阵雨,23,15,阵雨,23,15,阵雨,23,14,阵雨
西南,重庆市,巫山,20,13,多云,20,14,晴,21,14,晴,23,15,多云,21,14,小雨,20,13,中雨,17,13,小雨,19,15,阴,22,14,多云,24,14,晴,24,16,阵雨,24,16,阵雨,24,16,阵雨,24,16,阵雨,23,15,阵雨
西南,重庆市,巫溪,23,11,多云,20,13,晴,21,14,晴,23,15,多云,22,16,小雨,21,14,小雨,19,14,小雨,18,15,阴,22,13,晴,23,13,晴,23,14,阵雨,23,15,阵雨,23,15,晴,23,15,晴,22,14,阵雨
西南,重庆市,石柱,22,10,多云,22,12,多云,22,14,小雨,22,14,小雨,21,16,小雨,21,14,中雨,20,13,中雨,17,14,雨,21,14,多云,23,13,晴,22,14,阵雨,22,14,阵雨,22,15,阵雨,23,15,阵雨,22,14,雨
西南,重庆市,秀山,21,11,晴,20,12,晴,21,13,多云,21,15,小雨,20,15,小雨,19,14,中雨,17,13,小雨,18,14,阵雨,22,13,晴,23,13,晴,21,15,雨,22,15,雨,23,15,雨,23,16,晴,21,14,阵雨
西南,重庆市,酉阳,19,10,晴,19,11,晴,20,14,小雨,20,15,小雨,19,15,小雨,18,13,大雨,15,12,小雨,17,13,阵雨,21,12,晴,21,14,晴,19,14,雨,20,14,雨,21,15,阵雨,21,15,阵雨,19,13,雨
西南,重庆市,彭水,23,14,晴,22,15,晴,22,16,小雨,25,17,小雨,23,18,小雨,22,16,中雨,20,16,小雨,20,16,多云,23,14,晴,23,15,晴,22,17,雨,23,17,雨,23,18,雨,23,18,阵雨,22,16,雨
西南,四川省,成都市,24,13,多云,23,14,多云,23,15,多云,24,16,阴,24,17,阴,21,15,小雨,22,14,阴,22,14,多云,23,14,多云,22,15,阴,23,15,阴,22,16,阴,23,16,阴,21,15,阴,22,14,多云
西南,四川省,自贡市,23,16,阴,22,16,多云,24,17,多云,24,17,阴,23,18,阴,22,16,中雨,18,16,小雨,22,14,多云,24,12,多云,24,14,阴,24,16,阴,24,16,阴,24,16,阴,22,14,多云,24,14,多云
西南,四川省,攀枝花市,26,13,多云,29,14,晴,28,16,晴,28,17,阴,25,16,小雨,24,16,大雨,25,15,小雨,22,17,阵雨,24,16,多云,25,16,多云,25,17,多云,25,16,多云,25,16,多云,25,15,多云,25,16,多云
西南,四川省,泸州市,21,14,阴,23,15,多云,22,15,多云,22,16,小雨,20,16,阴,19,15,中雨,16,15,小雨,19,14,多云,23,13,多云,22,14,多云,21,16,阴,21,16,阴,21,17,阴,20,14,多云,22,14,多云
西南,四川省,德阳市,22,12,阴,22,13,多云,22,14,多云,23,15,多云,25,17,阴,21,16,小雨,22,14,阴,23,13,多云,24,13,多云,22,14,阴,23,15,阴,23,16,阴,23,16,阴,22,14,阴,23,13,多云
西南,四川省,绵阳市,22,12,阴,22,13,多云,22,15,多云,23,15,阴,25,16,阴,20,16,小雨,22,13,阴,22,13,多云,23,14,多云,22,15,阴,23,15,阴,22,16,阴,23,16,阴,22,14,阴,22,14,多云
西南,四川省,广元市,22,10,阴,21,12,多云,21,13,多云,24,14,阴,24,15,阴,22,14,小雨,18,12,小雨,21,13,晴,21,13,晴,20,15,多云,21,15,多云,21,15,阵雨,22,15,阵雨,21,14,晴,20,15,阵雨
西南,四川省,遂宁市,23,13,阴,23,14,晴,23,15,多云,23,17,多云,22,17,阴,19,16,中雨,18,15,小雨,21,14,阴,23,13,多云,24,14,多云,22,15,阴,22,16,阴,23,16,阴,22,14,多云,22,14,阴
西南,四川省,内江市,24,14,阴,23,16,多云,24,16,多云,25,17,阴,23,18,阴,19,16,中雨,18,15,小雨,22,14,多云,24,12,多云,24,14,阴,23,16,阴,24,16,阴,24,16,阴,22,14,多云,24,14,多云
西南,四川省,乐山市,21,15,阴,22,16,多云,22,16,多云,24,16,阴,22,17,阴,19,16,中雨,18,15,小雨,25,18,阴,25,18,多云,25,18,阴,25,18,阴,25,18,阴,25,18,阴,25,18,多云,25,18,阴
西南,四川省,南充市,23,13,阴,23,14,晴,23,16,多云,22,17,多云,22,17,阴,19,16,中雨,17,14,小雨,21,15,阴,24,14,多云,24,15,多云,22,16,阴,22,17,阴,23,17,阴,23,15,多云,23,15,阴
西南,四川省,眉山市,21,14,阴,24,15,多云,23,15,多云,24,16,阴,23,17,阴,20,15,中雨,21,15,阴,21,14,多云,22,14,多云,21,15,阴,22,16,阴,21,17,阴,22,17,阴,20,16,阴,21,15,多云
西南,四川省,宜宾市,22,15,阴,23,15,阴,23,15,多云,23,17,阴,22,18,阴,20,15,大雨,18,15,小雨,22,14,多云,24,14,多云,23,15,阴,23,16,阴,23,17,阴,23,17,阴,21,15,阴,23,15,多云
西南,四川省,广安市,24,13,阴,24,14,晴,24,15,多云,24,16,阴,23,16,阴,20,14,中雨,16,14,中雨,20,14,阴,23,13,多云,24,14,多云,22,15,阴,22,16,阴,23,16,阴,22,14,多云,22,14,阴
西南,四川省,达州市,23,13,多云,24,14,晴,22,16,多云,22,17,多云,22,17,小雨,21,15,小雨,17,14,中雨,21,15,阴,23,13,多云,25,14,多云,24,16,阴,25,16,阴,24,16,多云,23,15,多云,23,14,多云
西南,四川省,雅安市,20,13,多云,22,14,多云,22,15,小雨,23,16,多云,21,17,阴,19,14,中雨,19,13,阴,21,13,阴,22,14,多云,21,15,阴,22,15,阴,21,16,阴,22,16,阴,21,14,阴,21,14,阴
西南,四川省,巴中市,21,11,阴,22,13,晴,21,14,多云,24,15,多云,22,16,阴,21,15,小雨,17,12,小雨,22,14,多云,24,13,多云,24,14,多云,23,16,阴,23,16,阴,23,16,多云,22,14,多云,22,15,多云
西南,四川省,资阳市,21,14,阴,23,15,晴,23,15,晴,24,16,多云,24,17,阴,20,16,中雨,19,14,阴,23,14,多云,25,14,多云,23,15,阴,24,17,阴,24,17,阴,24,17,阴,23,16,多云,23,15,阴
西南,四川省,阿坝藏族羌族自治州,11,-1,小雨,12,0,晴,12,0,多云,13,1,多云,12,2,阴,9,0,小雨,8,-2,小雨,8,-6,阵雨,10,-9,多云,11,-8,多云,13,-5,阵雨,15,-5,多云,14,-5,多云,11,-7,多云,13,-6,多云
西南,四川省,甘孜藏族自治州,13,0,多云,14,0,多云,15,0,多云,15,0,多云,16,2,阴,11,1,小雨,11,-1,阴,11,-3,多云,13,-6,多云,14,-2,多云,15,-2,多云,16,-1,多云,15,-1,多云,12,-2,阵雨,14,-3,多云
西南,四川省,凉山彝族自治州,24,12,多云,24,12,晴,26,13,晴,25,14,多云,23,14,小雨,21,13,中雨,18,13,小雨,23,12,多云,25,13,多云,25,13,多云,25,13,多云,26,13,多云,25,13,多云,25,13,多云,24,12,多云
西南,贵州省,贵阳市,22,9,晴,24,12,晴,24,15,多云,25,18,阴,25,18,阵雨,24,13,阵雨,17,13,阵雨,17,12,多云,22,11,多云,23,11,多云,21,14,多云,23,15,多云,24,16,多云,20,15,多云,22,13,多云
西南,贵州省,六盘水市,21,10,阴,21,11,多云,22,12,多云,22,15,多云,22,13,多云,16,9,小雨,14,9,小雨,15,10,多云,20,8,多云,19,10,多云,19,12,多云,22,13,多云,21,14,多云,19,13,多云,20,11,多云
西南,贵州省,遵义市,20,11,晴,22,12,晴,23,14,多云,22,17,阴,21,17,小雨,19,14,小雨,15,14,小雨,18,13,多云,23,11,多云,23,12,多云,21,14,阴,23,15,阴,24,16,多云,20,15,阴,20,13,多云
西南,贵州省,安顺市,20,8,晴,20,9,晴,20,13,晴,21,15,多云,22,15,多云,18,12,多云,15,11,阵雨,17,13,多云,20,11,多云,20,12,多云,19,14,阵雨,21,15,多云,21,16,多云,19,14,多云,20,13,多云
西南,贵州省,毕节市,17,10,阴,20,11,阴,23,13,多云,18,13,小雨,17,12,阵雨,15,10,阵雨,14,9,阵雨,17,10,多云,21,8,多云,21,10,多云,21,13,多云,24,13,多云,22,14,多云,18,12,阴,20,11,多云
西南,贵州省,铜仁市,23,12,晴,25,13,晴,26,15,多云,27,17,多云,24,16,小雨,19,14,中雨,16,13,小雨,19,15,多云,25,14,多云,26,15,多云,24,16,多云,24,17,阴,24,18,阴,21,17,多云,23,14,多云
西南,贵州省,黔西南布依族苗族自治州,21,12,晴,23,13,多云,23,15,多云,26,17,多云,26,17,多云,23,14,小雨,18,13,小雨,20,14,多云,22,13,多云,23,13,多云,23,15,多云,24,16,多云,25,16,多云,24,16,多云,22,14,多云
西南,贵州省,黔东南苗族侗族自治州,23,10,晴,25,12,多云,26,14,多云,27,18,多云,26,16,阵雨,23,14,阵雨,21,13,阵雨,16,13,阴,22,11,多云,23,11,多云,21,15,阴,23,15,阴,24,16,阴,23,16,阴,21,13,多云
西南,贵州省,黔南布依族苗族自治州,22,9,晴,24,12,晴,25,16,多云,25,18,多云,25,19,小雨,25,13,小雨,17,13,阴,19,14,多云,23,14,多云,23,14,多云,21,16,阴,23,16,多云,23,17,阴,25,17,多云,23,14,多云
西南,云南省,昆明市,20,11,多云,22,12,晴,23,13,晴,22,14,多云,23,14,多云,23,12,小雨,20,12,中雨,20,13,多云,21,12,多云,22,11,多云,22,13,多云,23,12,多云,23,11,多云,22,12,多云,22,12,多云
西南,云南省,曲靖市,21,10,阴,22,9,多云,24,13,多云,25,14,多云,23,13,多云,23,13,小雨,22,10,中雨,19,11,多云,21,10,多云,21,10,多云,22,12,多云,23,12,多云,23,11,多云,23,12,多云,22,11,多云
西南,云南省,玉溪市,22,11,小雨,24,12,多云,24,13,多云,26,13,阴,24,13,多云,24,12,小雨,23,13,中雨,22,15,多云,23,14,多云,23,13,多云,24,14,多云,24,14,多云,25,13,多云,24,14,多云,23,13,多云
西南,云南省,保山市,25,10,晴,25,11,晴,25,13,多云,22,14,阵雨,22,14,小雨,22,12,小雨,21,13,小雨,23,12,多云,24,11,多云,24,11,多云,24,11,多云,24,11,多云,23,10,多云,24,10,多云,24,10,多云
西南,云南省,昭通市,20,9,多云,21,10,多云,22,11,多云,20,12,多云,18,11,小雨,16,8,小雨,14,7,小雨,16,8,多云,20,7,多云,21,10,多云,22,11,多云,23,10,多云,22,10,多云,18,10,多云,21,9,多云
西南,云南省,丽江市,20,5,多云,21,5,晴,21,7,多云,21,7,多云,18,7,小雨,18,8,小雨,17,7,小雨,20,7,多云,20,6,多云,21,7,多云,21,5,多云,21,5,多云,22,5,多云,21,5,多云,21,5,多云
西南,云南省,普洱市,25,15,小雨,24,15,小雨,24,15,小雨,25,16,小雨,25,16,多云,25,17,小雨,25,15,小雨,27,19,多云,25,18,多云,24,18,多云,26,18,多云,25,18,多云,26,17,多云,25,18,多云,26,17,多云
西南,云南省,临沧市,25,11,多云,24,12,小雨,24,13,小雨,24,14,小雨,23,14,小雨,25,13,小雨,23,13,小雨,26,13,多云,24,13,多云,25,13,多云,24,13,多云,25,12,多云,25,12,多云,25,12,多云,25,12,多云
西南,云南省,楚雄彝族自治州,23,10,多云,24,11,多云,24,13,多云,24,15,多云,23,14,小雨,23,13,小雨,23,13,小雨,23,14,多云,22,13,多云,23,13,多云,23,13,多云,23,13,多云,24,12,多云,23,12,多云,23,12,多云
西南,云南省,红河哈尼族彝族自治州,27,17,晴,28,17,多云,28,17,多云,31,19,多云,30,18,阴,28,19,小雨,27,17,中雨,28,18,多云,26,16,多云,27,16,多云,28,17,多云,28,17,多云,29,17,多云,28,17,多云,28,16,多云
西南,云南省,文山壮族苗族自治州,25,13,多云,25,14,多云,25,16,多云,27,15,多云,24,16,小雨,24,17,小雨,25,15,中雨,20,15,阴,21,13,多云,22,13,多云,23,14,多云,24,15,多云,24,15,多云,23,15,多云,21,14,多云
西南,云南省,西双版纳傣族自治州,25,20,多云,31,19,多云,31,19,多云,31,19,多云,31,20,小雨,30,21,小雨,29,20,小雨,31,21,多云,31,21,多云,30,20,多云,30,20,多云,31,19,多云,31,19,多云,30,19,多云,31,19,多云
西南,云南省,大理白族自治州,22,8,晴,23,9,晴,23,11,多云,21,12,小雨,21,12,小雨,22,11,小雨,22,11,小雨,21,14,多云,21,12,多云,22,13,多云,22,13,多云,22,13,多云,22,13,多云,22,12,多云,22,12,多云
西南,云南省,德宏傣族景颇族自治州,30,17,晴,29,17,多云,29,17,多云,26,19,小雨,27,18,中雨,27,18,小雨,26,18,小雨,29,18,多云,30,17,多云,30,17,多云,29,18,多云,29,17,多云,30,16,多云,30,16,多云,30,16,多云
西南,云南省,怒江傈僳族自治州,28,13,多云,29,14,晴,28,16,多云,26,17,小雨,25,17,中雨,23,16,中雨,23,16,中雨,25,13,晴,25,13,晴,24,13,晴,25,13,晴,25,14,晴,26,14,晴,26,13,晴,25,12,晴
西南,云南省,迪庆藏族自治州,14,-5,多云,14,-5,晴,15,-3,晴,15,1,多云,16,2,多云,12,3,小雨,12,-1,小雨,15,-1,多云,15,-3,多云,14,-1,多云,15,-1,多云,16,-2,多云,16,-2,多云,16,-2,多云,16,-2,多云
西南,西藏自治区,拉萨市,15,2,多云,16,2,晴,15,1,晴,16,1,晴,14,1,晴,14,0,晴,15,1,多云,15,-2,多云,17,0,多云,17,1,阵雨,17,1,多云,17,1,多云,16,1,多云,15,-1,多云,15,-1,多云
西南,西藏自治区,日喀则市,14,-2,多云,13,-3,晴,12,-3,晴,12,-3,晴,11,-3,晴,13,-5,晴,13,-4,晴,15,-7,多云,16,-5,多云,16,-4,多云,16,-4,多云,16,-5,多云,14,-6,多云,14,-6,多云,14,-6,多云
西南,西藏自治区,昌都市,14,1,多云,15,0,多云,14,-1,晴,15,0,晴,15,0,晴,14,0,雨夹雪,13,2,雨夹雪,16,-3,多云,16,-5,多云,17,-1,多云,18,-1,多云,18,-1,多云,17,-1,多云,15,-2,多云,16,-3,多云
西南,西藏自治区,林芝市,14,4,多云,15,4,多云,16,1,多云,15,2,多云,17,4,多云,17,3,小雨,17,3,小雨,18,0,多云,17,3,多云,17,2,多云,17,3,多云,17,3,多云,16,4,多云,16,2,多云,16,1,多云
西南,西藏自治区,山南市,15,0,多云,15,0,晴,15,0,晴,15,0,晴,14,0,晴,15,0,晴,14,0,晴,15,-2,多云,17,1,多云,17,2,阵雨,18,2,多云,18,2,多云,17,1,多云,15,0,多云,16,0,多云
西南,西藏自治区,那曲市,5,-6,阴,3,-6,多云,5,-7,阵雪,4,-7,阵雪,5,-8,晴,3,-8,阵雪,3,-8,晴,1,-15,多云,3,-13,小雨,4,-10,阵雨,6,-8,多云,6,-8,多云,3,-9,多云,3,-10,多云,5,-8,多云
西南,西藏自治区,阿里地区,7,-6,晴,7,-6,多云,5,-7,多云,6,-6,多云,4,-8,晴,6,-7,晴,7,-7,晴,10,-7,多云,9,-7,多云,9,-7,多云,9,-8,多云,8,-9,多云,8,-10,多云,8,-10,多云,7,-9,多云
西北,陕西省,西安市,18,7,多云,20,8,晴,21,9,晴,23,10,晴,23,12,多云,19,12,阴,19,9,多云,23,11,多云,24,11,多云,23,11,多云,22,11,多云,21,13,阴,19,12,阴,18,10,多云,19,8,多云
西北,陕西省,铜川市,17,6,多云,18,8,晴,19,8,晴,21,9,晴,22,11,晴,18,9,阴,17,7,多云,21,10,多云,22,9,多云,21,9,多云,20,10,多云,19,11,阴,18,10,阴,17,8,多云,17,6,多云
西北,陕西省,宝鸡市,17,7,多云,19,9,晴,21,9,多云,22,11,晴,23,13,多云,19,12,阴,20,9,多云,21,10,多云,23,10,多云,21,10,多云,20,10,多云,20,11,阴,17,9,阴,17,8,多云,18,6,多云
西北,陕西省,咸阳市,18,6,多云,20,7,晴,20,8,晴,22,9,晴,23,11,多云,19,11,阴,18,8,多云,22,10,多云,23,9,多云,23,10,多云,21,11,多云,20,11,阴,19,11,阴,19,9,多云,18,6,多云
西北,陕西省,渭南市,18,7,多云,20,9,晴,21,10,晴,23,11,晴,23,12,多云,18,11,阴,19,8,多云,23,12,多云,24,11,多云,23,11,多云,22,12,多云,21,13,阴,20,12,阴,19,10,多云,19,8,多云
西北,陕西省,延安市,16,2,晴,18,4,多云,19,5,晴,20,5,晴,20,4,晴,17,4,阴,18,4,多云,22,5,多云,22,5,多云,22,5,多云,19,7,多云,19,7,阴,14,6,多云,15,3,阵雨,17,1,多云
西北,陕西省,汉中市,18,9,多云,21,10,晴,21,13,多云,23,14,晴,23,15,阴,19,14,小雨,17,10,小雨,18,8,多云,21,8,多云,20,9,多云,18,11,阴,18,10,阴,16,11,多云,16,8,阴,16,7,多云
西北,陕西省,榆林市,15,3,晴,16,4,多云,18,5,晴,19,4,晴,20,3,晴,17,2,多云,17,3,多云,19,2,多云,20,1,多云,19,2,多云,17,4,多云,16,4,阴,11,2,多云,14,-1,多云,13,-1,多云
西北,陕西省,安康市,18,10,多云,22,12,晴,22,13,多云,24,14,多云,25,15,阴,22,15,阴,17,12,小雨,22,13,多云,24,12,多云,24,13,多云,23,14,阴,23,15,阴,22,15,阴,21,12,多云,20,11,多云
西北,陕西省,商洛市,18,6,多云,20,7,晴,21,10,多云,22,9,多云,23,11,阴,19,11,阴,17,9,多云,21,13,多云,23,13,多云,23,13,多云,21,13,多云,21,11,阴,18,11,多云,17,11,多云,18,11,阵雨
西北,甘肃省,兰州市,19,3,晴,19,4,晴,20,4,晴,20,4,多云,16,6,小雨,15,5,小雨,17,4,多云,19,3,多云,21,1,多云,19,3,多云,20,2,多云,17,4,多云,14,2,多云,14,0,多云,16,-1,多云
西北,甘肃省,嘉峪关,15,1,晴,16,1,晴,19,1,晴,17,2,晴,14,2,晴,15,0,晴,18,1,晴,19,2,多云,18,2,多云,18,2,多云,17,3,多云,12,1,多云,11,-1,多云,11,-3,多云,12,-2,多云
西北,甘肃省,金昌市,16,1,晴,18,2,多云,19,3,晴,20,3,晴,18,3,晴,19,0,晴,18,0,多云,19,2,多云,20,1,多云,19,1,多云,20,2,多云,15,3,多云,12,0,多云,12,-2,多云,13,-2,多云
西北,甘肃省,白银市,16,3,晴,15,3,多云,15,4,晴,17,3,多云,13,4,多云,12,3,小雨,14,3,多云,18,3,多云,19,1,多云,18,1,多云,18,2,多云,15,2,多云,11,2,多云,11,-2,多云,13,-2,多云
西北,甘肃省,天水市,18,4,多云,19,5,晴,19,6,多云,19,4,多云,22,7,晴,18,5,多云,20,2,多云,15,6,多云,17,6,多云,16,7,多云,15,9,多云,14,9,阴,11,6,阴,12,6,多云,14,5,多云
西北,甘肃省,武威市,17,2,晴,17,3,晴,18,3,晴,19,0,晴,17,0,晴,18,0,晴,19,0,晴,18,6,晴,18,6,晴,17,6,晴,17,4,阵雨,15,4,晴,14,4,晴,14,4,晴,12,4,晴
西北,甘肃省,张掖市,17,0,晴,16,1,晴,21,1,晴,18,0,晴,15,0,晴,18,1,晴,19,1,晴,21,0,多云,20,0,多云,19,0,多云,20,0,多云,14,0,多云,12,-1,多云,13,-5,多云,14,-4,多云
西北,甘肃省,平凉市,17,1,晴,17,3,晴,18,4,晴,21,7,晴,19,7,晴,18,5,多云,16,4,阴,18,4,多云,20,3,多云,18,4,多云,16,5,多云,15,6,阴,12,4,多云,13,2,多云,15,2,多云
西北,甘肃省,酒泉市,15,1,晴,16,1,晴,19,1,晴,17,2,晴,14,2,晴,15,0,晴,18,1,晴,19,2,多云,18,2,多云,18,2,多云,17,3,多云,12,1,多云,11,-1,多云,11,-3,多云,12,-2,多云
西北,甘肃省,庆阳市,15,5,晴,16,5,多云,16,7,晴,18,9,晴,20,9,晴,14,7,多云,16,7,多云,17,6,多云,18,6,多云,18,7,多云,16,7,多云,15,8,阴,12,5,多云,12,4,多云,14,4,多云
西北,甘肃省,定西市,14,1,晴,15,2,晴,15,3,晴,17,0,多云,9,1,小雨,10,0,小雨,12,0,多云,15,6,多云,17,7,多云,15,6,多云,16,7,多云,13,7,多云,10,4,阵雨,10,3,多云,13,3,多云
西北,甘肃省,陇南市,19,9,多云,21,10,多云,22,12,多云,23,14,多云,19,11,小雨,18,10,小雨,22,6,多云,23,11,多云,24,11,多云,22,12,多云,23,12,多云,23,13,多云,20,12,多云,21,10,多云,21,10,多云
西北,甘肃省,临夏回族自治州,17,-1,晴,17,0,晴,17,2,多云,18,2,晴,13,2,小雨,11,0,小雨,13,0,小雨,17,3,阵雨,19,0,多云,18,0,多云,19,1,多云,19,2,阵雨,15,1,阵雨,16,-1,多云,17,-2,多云
西北,甘肃省,甘南藏族自治州,10,-4,晴,12,-3,晴,13,-1,小雨,12,-2,多云,12,0,小雨,6,-3,小雪,10,-3,小雨,10,-3,阵雨,13,-7,多云,12,-6,多云,15,-5,多云,15,-5,阵雨,9,-5,阵雨,10,-8,多云,11,-8,多云
西北,青海省,西宁市,15,0,晴,15,0,多云,14,0,晴,14,1,晴,12,1,晴,10,0,小雨,12,0,小雨,15,0,多云,16,-1,多云,16,-1,多云,16,-1,多云,14,0,多云,11,-1,多云,10,-4,多云,12,-4,多云
西北,青海省,海东市,15,1,晴,17,1,晴,15,2,晴,15,2,晴,14,2,晴,11,2,多云,14,3,小雨,15,1,多云,16,-1,多云,16,-1,多云,16,1,多云,14,2,多云,11,0,多云,11,-3,阵雨,12,-2,多云
西北,青海省,海北藏族自治州,8,-8,晴,9,-7,晴,10,-7,晴,10,-5,晴,9,-4,晴,8,-6,雨夹雪,8,-6,多云,9,-6,多云,10,-7,多云,11,-6,多云,11,-6,多云,9,-5,多云,5,-7,多云,5,-10,多云,6,-10,多云
西北,青海省,黄南藏族自治州,13,0,晴,14,1,多云,13,2,多云,12,3,多云,11,4,小雨,8,2,小雨,11,1,小雨,9,0,晴,11,-1,晴,11,1,晴,12,1,晴,12,1,阵雨,11,1,晴,12,0,晴,12,1,晴
西北,青海省,海南藏族自治州,11,-5,晴,12,-3,晴,12,-2,多云,12,-1,晴,10,-1,晴,5,-2,雨夹雪,9,-1,小雪,12,-4,多云,13,-6,多云,13,-5,多云,15,-5,多云,15,-4,多云,10,-4,阵雨,12,-8,多云,14,-7,多云
西北,青海省,果洛藏族自治州,6,-3,晴,9,-3,多云,7,-4,多云,9,-3,多云,6,-2,多云,3,-2,多云,6,-2,多云,5,-8,阵雨,6,-11,多云,6,-9,多云,8,-8,多云,9,-7,阵雨,7,-6,多云,5,-10,多云,7,-9,多云
西北,青海省,玉树藏族自治州,4,-6,多云,9,-4,多云,9,-5,小雪,10,-5,多云,8,-5,多云,6,-5,小雪,7,-5,多云,9,-10,多云,10,-10,多云,10,-8,多云,13,-7,多云,12,-6,多云,10,-5,多云,9,-8,多云,11,-7,多云
西北,青海省,海西蒙古族藏族自治州,11,-1,晴,11,-3,晴,10,-3,晴,9,-3,晴,9,-2,晴,8,-2,晴,8,-2,晴,11,-3,多云,12,-3,多云,12,-3,多云,13,-2,多云,10,-2,多云,9,-3,阵雨,8,-5,多云,9,-5,多云
西北,宁夏回族自治区,银川市,17,4,晴,20,4,晴,21,4,晴,22,4,晴,21,5,晴,20,5,多云,20,5,晴,21,4,多云,21,4,多云,20,4,多云,20,5,多云,19,7,多云,15,4,多云,15,2,多云,16,1,多云
西北,宁夏回族自治区,石嘴山市,18,1,晴,18,1,晴,19,0,晴,20,0,晴,18,0,晴,17,0,多云,15,1,晴,21,4,多云,21,4,多云,20,4,多云,20,5,多云,19,7,多云,15,4,多云,15,2,多云,16,1,多云
西北,宁夏回族自治区,吴忠市,19,5,晴,19,5,晴,20,5,晴,20,6,晴,20,7,晴,18,8,多云,19,7,晴,21,4,多云,21,4,多云,20,4,多云,20,6,多云,19,7,多云,14,5,多云,15,2,多云,16,1,多云
西北,宁夏回族自治区,固原市,13,1,晴,14,3,晴,14,2,晴,17,5,晴,16,6,晴,15,5,阴,14,4,多云,14,5,多云,15,6,多云,14,6,多云,13,5,多云,10,5,多云,7,3,阵雨,8,3,多云,10,3,多云
西北,宁夏回族自治区,中卫市,18,2,晴,18,2,晴,19,1,晴,22,1,晴,19,2,晴,19,6,多云,16,4,晴,19,8,多云,18,8,多云,18,7,多云,19,7,多云,14,6,多云,12,6,多云,12,5,多云,13,5,多云
西北,新疆维吾尔自治区,乌鲁木齐市,16,9,晴,19,9,晴,18,6,多云,13,4,晴,16,4,晴,16,2,晴,14,2,晴,16,6,多云,17,7,多云,13,6,多云,7,2,多云,6,-1,多云,6,-4,阵雨,6,-2,多云,8,-1,阴
西北,新疆维吾尔自治区,克拉玛依市,18,10,多云,18,7,晴,21,8,晴,16,4,晴,14,4,晴,14,4,晴,14,7,小雨,18,9,多云,18,10,多云,16,9,多云,10,5,多云,9,2,多云,9,-1,阵雨,9,1,多云,11,2,阴
西北,新疆维吾尔自治区,吐鲁番市,22,12,晴,22,10,晴,22,10,阴,23,11,晴,21,12,晴,21,10,晴,20,10,晴,23,11,多云,22,11,多云,22,10,多云,19,9,阴,17,8,多云,16,6,多云,15,5,多云,15,4,多云
西北,新疆维吾尔自治区,哈密市,19,2,晴,19,2,晴,20,3,晴,20,3,晴,20,3,晴,22,3,晴,18,3,晴,20,2,多云,20,2,多云,19,2,多云,18,2,多云,13,0,多云,12,-3,多云,12,-4,多云,13,-4,阵雨
西北,新疆维吾尔自治区,昌吉回族自治州,18,1,晴,20,1,晴,21,5,阴,16,0,晴,20,0,晴,17,-2,晴,17,-1,晴,17,9,多云,17,8,多云,14,8,多云,8,4,多云,8,2,阴,8,0,多云,8,1,多云,9,1,多云
西北,新疆维吾尔自治区,博尔塔拉蒙古自治州,18,5,阴,19,5,晴,21,4,晴,14,3,晴,14,3,晴,14,3,阴,15,3,小雨,17,6,阴,16,5,阴,15,4,阴,11,1,阴,9,-2,阴,9,-3,多云,9,-3,多云,9,-2,阴
西北,新疆维吾尔自治区,巴音郭楞蒙古自治州,19,1,晴,20,1,晴,21,1,阴,21,3,晴,19,1,晴,19,0,晴,19,0,晴,21,6,多云,20,5,多云,20,5,多云,18,7,多云,14,3,阵雨,14,-1,多云,14,-1,多云,15,-1,多云
西北,新疆维吾尔自治区,阿克苏地区,19,4,晴,19,4,晴,19,5,阴,20,4,晴,19,2,晴,18,2,晴,18,3,晴,20,3,多云,20,3,多云,20,3,多云,18,3,多云,17,-2,多云,16,-1,多云,15,-2,多云,16,-2,多云
西北,新疆维吾尔自治区,克孜勒苏柯尔克孜自治州,20,3,晴,20,3,阴,21,3,阴,21,1,晴,20,0,晴,19,0,阴,20,4,阴,20,11,多云,20,11,多云,21,10,多云,19,9,多云,17,8,多云,15,7,多云,15,6,多云,15,6,多云
西北,新疆维吾尔自治区,喀什地区,20,7,阴,19,7,多云,21,8,阴,20,6,晴,19,6,晴,18,5,阴,20,5,阴,20,11,多云,20,11,多云,21,11,多云,19,9,多云,18,8,多云,15,7,多云,15,6,多云,15,6,多云
西北,新疆维吾尔自治区,和田地区,20,6,晴,21,6,晴,21,6,晴,21,7,晴,19,7,晴,18,7,晴,18,7,晴,21,7,多云,21,8,多云,23,9,多云,20,9,多云,19,7,多云,17,5,多云,17,4,多云,17,4,多云
西北,新疆维吾尔自治区,伊犁哈萨克自治州,20,6,晴,24,5,晴,17,6,小雨,15,4,多云,22,4,晴,22,5,晴,22,1,小雨,19,5,多云,18,5,阴,14,5,阴,8,0,多云,9,-3,多云,10,-3,多云,12,-2,阵雨,12,-1,阴
西北,新疆维吾尔自治区,塔城地区,19,5,阴,18,6,小雨,14,-1,小雨,10,-1,阴,17,0,晴,18,0,多云,13,1,小雨,15,3,阴,15,4,阴,10,2,多云,6,-1,多云,5,-5,多云,7,-4,多云,7,-4,多云,8,-3,多云
西北,新疆维吾尔自治区,阿勒泰地区,17,5,晴,15,7,阴,16,0,小雨,10,-1,阴,10,-1,晴,15,1,晴,15,2,小雨,12,4,阴,11,4,阴,8,3,阴,3,-1,阴,3,-5,阴,3,-4,阴,5,-4,阴,5,-3,多云
西北,新疆维吾尔自治区,石河子,19,5,晴,23,5,晴,21,4,晴,17,1,晴,17,0,晴,16,0,多云,15,2,阴,18,7,多云,18,7,多云,16,6,多云,12,4,多云,10,0,阴,12,-1,多云,12,-1,多云,13,0,阴
西北,新疆维吾尔自治区,图木舒克,21,5,晴,21,5,多云,22,5,阴,22,3,晴,20,3,晴,19,2,阴,20,0,晴,22,5,多云,22,4,多云,22,5,多云,20,5,多云,17,3,多云,17,2,多云,17,1,多云,16,0,多云
西北,新疆维吾尔自治区,五家渠,16,9,晴,19,9,晴,18,6,多云,13,4,晴,16,4,晴,16,2,晴,14,2,晴,16,6,多云,17,7,多云,13,6,多云,7,2,多云,6,-1,多云,6,-4,阵雨,6,-2,多云,8,-1,阴
西北,新疆维吾尔自治区,北屯,17,5,晴,15,7,阴,16,0,小雨,10,-1,阴,10,-1,晴,15,1,晴,15,2,小雨,12,4,阴,11,4,阴,8,3,阴,3,-1,阴,3,-5,阴,3,-4,阴,5,-4,阴,5,-3,多云
西北,新疆维吾尔自治区,铁门关,19,1,晴,20,1,晴,21,1,阴,21,3,晴,19,1,晴,19,0,晴,19,0,晴,21,6,多云,20,5,多云,20,5,多云,18,7,多云,14,3,阵雨,14,-1,多云,14,-1,多云,15,-1,多云
西北,新疆维吾尔自治区,双河,17,5,晴,15,7,阴,16,0,小雨,10,-1,阴,10,-1,晴,15,1,晴,15,2,小雨,12,4,阴,11,4,阴,8,3,阴,3,-1,阴,3,-5,阴,3,-4,阴,5,-4,阴,5,-3,多云
西北,新疆维吾尔自治区,可克达拉,20,6,晴,23,6,晴,17,5,小雨,15,3,阴,20,3,晴,21,6,晴,20,3,小雨,19,6,多云,19,6,阴,14,6,阴,9,0,多云,10,-3,多云,11,-4,多云,12,-2,多云,12,-1,阴
西北,新疆维吾尔自治区,昆玉,20,5,晴,20,3,晴,21,3,晴,22,-2,晴,20,-3,晴,18,-3,晴,18,-3,晴,22,8,多云,22,8,多云,23,9,多云,20,9,多云,19,7,多云,18,5,多云,17,4,多云,17,4,多云
港澳台,香港,香港,25,21,阴,25,21,多云,27,22,晴,28,24,晴,29,25,晴,29,25,晴,28,25,阵雨,26,23,多云,25,22,阴,26,21,多云,25,22,多云,26,22,多云,27,22,多云,27,22,阵雨,27,22,多云
港澳台,香港,香港,25,21,阴,25,21,多云,27,22,晴,28,24,晴,29,25,晴,29,25,晴,28,25,阵雨,26,23,多云,25,22,阴,26,21,多云,25,22,多云,26,22,多云,27,22,多云,27,22,阵雨,27,22,多云
港澳台,澳门,澳门,24,19,阴,24,20,多云,27,22,多云,29,22,多云,30,23,多云,29,24,多云,27,24,阵雨,27,23,多云,26,22,阴,27,22,多云,26,22,阴,27,22,多云,28,23,多云,28,22,阵雨,28,22,多云
港澳台,台湾省,台北市,23,21,多云,26,22,阴,28,23,阴,31,24,多云,30,23,多云,30,23,多云,28,22,多云,26,22,多云,26,21,多云,26,20,阴,27,21,多云,29,22,多云,28,22,多云,29,22,多云,26,21,多云
港澳台,台湾省,高雄市,30,25,阵雨,30,24,多云,30,24,阵雨,31,24,多云,31,24,多云,30,24,多云,30,24,多云,29,23,多云,29,23,多云,30,23,多云,29,23,多云,29,23,多云,30,23,多云,30,23,多云,29,23,多云
港澳台,台湾省,新北市,19,18,多云,22,18,阴,24,20,阴,27,20,多云,27,20,多云,26,20,多云,24,19,多云,23,18,多云,22,17,多云,22,17,阴,23,17,多云,25,18,多云,25,18,多云,26,18,多云,22,18,多云
港澳台,台湾省,台中市,26,21,多云,28,21,阵雨,28,21,多云,29,22,多云,29,22,多云,28,22,多云,27,21,多云,26,21,阴,24,20,多云,26,20,多云,27,20,多云,27,20,多云,27,20,多云,27,20,多云,27,20,多云
港澳台,台湾省,台南市,29,24,多云,29,23,多云,30,23,多云,30,25,多云,30,24,多云,29,24,多云,29,24,多云,29,24,多云,27,23,多云,29,22,多云,29,22,多云,28,23,多云,29,23,多云,29,23,多云,29,23,多云
港澳台,台湾省,桃园市,23,21,多云,27,22,阴,29,23,多云,31,23,多云,30,23,多云,30,23,多云,27,22,阴,26,22,阴,24,21,多云,25,20,多云,26,21,多云,28,21,多云,28,21,多云,28,21,多云,26,21,多云
